{
  "type": "FeatureCollection",
  "name": "The Signal open geographic subset",
  "licence": "https://opendatacommons.org/licenses/odbl/1-0/",
  "attribution": "© OpenStreetMap contributors. Contains Historic Environment Scotland and OS data © Historic Environment Scotland and Crown copyright and database right 2026, licensed under OGL v3.0.",
  "transformations": "Selected named representative coordinates, bounds centres and Signal-constructed connections. The Mary coastal terminal is an authored projected-axis intersection with OSM coastline. Individual source licences and methods are retained. No app source code, readings, personal information or scoring weights are included.",
  "features": [
    {
      "type": "Feature",
      "geometry": {
        "type": "Point",
        "coordinates": [
          149.1076103,
          -35.2777504
        ]
      },
      "properties": {
        "id": "au_act_australian_national_botanic_gardens",
        "name": "Australian National Botanic Gardens",
        "record_kind": "catalogue_coordinate",
        "source_dataset": "sites_au_baseline_act.dataset",
        "source_url": "https://www.openstreetmap.org/way/20289807",
        "licence": "https://opendatacommons.org/licenses/odbl/1-0/",
        "coordinate_method": "Nominatim representative point for the selected named OpenStreetMap feature"
      }
    },
    {
      "type": "Feature",
      "geometry": {
        "type": "Point",
        "coordinates": [
          149.1437284,
          -35.2856483
        ]
      },
      "properties": {
        "id": "au_act_australian_national_korean_war_memorial",
        "name": "Australian National Korean War Memorial",
        "record_kind": "catalogue_coordinate",
        "source_dataset": "sites_au_baseline_act.dataset",
        "source_url": "https://www.openstreetmap.org/node/659722566",
        "licence": "https://opendatacommons.org/licenses/odbl/1-0/",
        "coordinate_method": "Fetched Nominatim representative point for the explicitly selected named OpenStreetMap feature."
      }
    },
    {
      "type": "Feature",
      "geometry": {
        "type": "Point",
        "coordinates": [
          149.1493057,
          -35.2805779
        ]
      },
      "properties": {
        "id": "au_act_australian_war_memorial",
        "name": "Australian War Memorial",
        "record_kind": "catalogue_coordinate",
        "source_dataset": "sites_au_baseline_act.dataset",
        "source_url": "https://www.openstreetmap.org/relation/7527080",
        "licence": "https://opendatacommons.org/licenses/odbl/1-0/",
        "coordinate_method": "Nominatim representative point for the selected named OpenStreetMap feature"
      }
    },
    {
      "type": "Feature",
      "geometry": {
        "type": "Point",
        "coordinates": [
          149.0975675,
          -35.2738587
        ]
      },
      "properties": {
        "id": "au_act_black_mountain_canberra",
        "name": "Black Mountain Canberra",
        "record_kind": "catalogue_coordinate",
        "source_dataset": "sites_au_baseline_act.dataset",
        "source_url": "https://www.openstreetmap.org/node/4832685551",
        "licence": "https://opendatacommons.org/licenses/odbl/1-0/",
        "coordinate_method": "Nominatim representative point for the selected named OpenStreetMap feature"
      }
    },
    {
      "type": "Feature",
      "geometry": {
        "type": "Point",
        "coordinates": [
          149.1213752,
          -35.2990949
        ]
      },
      "properties": {
        "id": "au_act_canberra_beijing_garden",
        "name": "Canberra Beijing Garden",
        "record_kind": "catalogue_coordinate",
        "source_dataset": "sites_au_baseline_act.dataset",
        "source_url": "https://www.openstreetmap.org/node/9766546442",
        "licence": "https://opendatacommons.org/licenses/odbl/1-0/",
        "coordinate_method": "Nominatim representative point for the selected named OpenStreetMap feature"
      }
    },
    {
      "type": "Feature",
      "geometry": {
        "type": "Point",
        "coordinates": [
          149.1212992,
          -35.2983388
        ]
      },
      "properties": {
        "id": "au_act_canberra_nara_peace_park",
        "name": "Canberra Nara Peace Park",
        "record_kind": "catalogue_coordinate",
        "source_dataset": "sites_au_baseline_act.dataset",
        "source_url": "https://www.openstreetmap.org/node/9766546443",
        "licence": "https://opendatacommons.org/licenses/odbl/1-0/",
        "coordinate_method": "Nominatim representative point for the selected named OpenStreetMap feature"
      }
    },
    {
      "type": "Feature",
      "geometry": {
        "type": "Point",
        "coordinates": [
          149.1586795,
          -35.2697904
        ]
      },
      "properties": {
        "id": "au_act_mount_ainslie",
        "name": "Mount Ainslie",
        "record_kind": "catalogue_coordinate",
        "source_dataset": "sites_au_baseline_act.dataset",
        "source_url": "https://www.openstreetmap.org/node/167206093",
        "licence": "https://opendatacommons.org/licenses/odbl/1-0/",
        "coordinate_method": "Nominatim representative point for the selected named OpenStreetMap feature"
      }
    },
    {
      "type": "Feature",
      "geometry": {
        "type": "Point",
        "coordinates": [
          149.1417391,
          -35.2984879
        ]
      },
      "properties": {
        "id": "au_act_national_carillon",
        "name": "National Carillon",
        "record_kind": "catalogue_coordinate",
        "source_dataset": "sites_au_baseline_act.dataset",
        "source_url": "https://www.openstreetmap.org/way/8016458",
        "licence": "https://opendatacommons.org/licenses/odbl/1-0/",
        "coordinate_method": "Nominatim representative point for the selected named OpenStreetMap feature"
      }
    },
    {
      "type": "Feature",
      "geometry": {
        "type": "Point",
        "coordinates": [
          149.1407162,
          -35.2920022
        ]
      },
      "properties": {
        "id": "au_act_national_emergency_services_memorial",
        "name": "National Emergency Services Memorial",
        "record_kind": "catalogue_coordinate",
        "source_dataset": "sites_au_baseline_act.dataset",
        "source_url": "https://www.openstreetmap.org/node/2172737751",
        "licence": "https://opendatacommons.org/licenses/odbl/1-0/",
        "coordinate_method": "Nominatim representative point for the selected named OpenStreetMap feature"
      }
    },
    {
      "type": "Feature",
      "geometry": {
        "type": "Point",
        "coordinates": [
          149.1440226,
          -35.2991069
        ]
      },
      "properties": {
        "id": "au_act_national_police_memorial",
        "name": "National Police Memorial",
        "record_kind": "catalogue_coordinate",
        "source_dataset": "sites_au_baseline_act.dataset",
        "source_url": "https://www.openstreetmap.org/way/215754242",
        "licence": "https://opendatacommons.org/licenses/odbl/1-0/",
        "coordinate_method": "Fetched Nominatim representative point for the explicitly selected named OpenStreetMap feature."
      }
    },
    {
      "type": "Feature",
      "geometry": {
        "type": "Point",
        "coordinates": [
          149.1447673,
          -35.2980736
        ]
      },
      "properties": {
        "id": "au_act_national_workers_memorial",
        "name": "National Workers Memorial",
        "record_kind": "catalogue_coordinate",
        "source_dataset": "sites_au_baseline_act.dataset",
        "source_url": "https://www.openstreetmap.org/way/281228878",
        "licence": "https://opendatacommons.org/licenses/odbl/1-0/",
        "coordinate_method": "Fetched Nominatim representative point for the explicitly selected named OpenStreetMap feature."
      }
    },
    {
      "type": "Feature",
      "geometry": {
        "type": "Point",
        "coordinates": [
          149.1404248,
          -35.2876311
        ]
      },
      "properties": {
        "id": "au_act_st_john_the_baptist_church_reid",
        "name": "St John the Baptist Church Reid",
        "record_kind": "catalogue_coordinate",
        "source_dataset": "sites_au_baseline_act.dataset",
        "source_url": "https://www.openstreetmap.org/node/703160346",
        "licence": "https://opendatacommons.org/licenses/odbl/1-0/",
        "coordinate_method": "Named OSM node"
      }
    },
    {
      "type": "Feature",
      "geometry": {
        "type": "Point",
        "coordinates": [
          151.2109486,
          -33.8757516
        ]
      },
      "properties": {
        "id": "au_nsw_anzac_memorial_hyde_park_sydney",
        "name": "ANZAC Memorial Hyde Park Sydney",
        "record_kind": "catalogue_coordinate",
        "source_dataset": "sites_au_baseline_nsw.dataset",
        "source_url": "https://www.openstreetmap.org/way/182821636",
        "licence": "https://opendatacommons.org/licenses/odbl/1-0/",
        "coordinate_method": "Bounds centre of the complete named OSM footprint"
      }
    },
    {
      "type": "Feature",
      "geometry": {
        "type": "Point",
        "coordinates": [
          151.2587168,
          -33.685441749999995
        ]
      },
      "properties": {
        "id": "au_nsw_bahai_house_of_worship_ingleside",
        "name": "Baha’i House of Worship Ingleside",
        "record_kind": "catalogue_coordinate",
        "source_dataset": "sites_au_baseline_nsw.dataset",
        "source_url": "https://www.openstreetmap.org/way/23027409",
        "licence": "https://opendatacommons.org/licenses/odbl/1-0/",
        "coordinate_method": "Bounds centre of the complete named OSM footprint"
      }
    },
    {
      "type": "Feature",
      "geometry": {
        "type": "Point",
        "coordinates": [
          150.9969201,
          -34.2241901
        ]
      },
      "properties": {
        "id": "au_nsw_bald_hill_lookout",
        "name": "Bald Hill Lookout",
        "record_kind": "catalogue_coordinate",
        "source_dataset": "sites_au_baseline_nsw.dataset",
        "source_url": "https://www.openstreetmap.org/node/4382787770",
        "licence": "https://opendatacommons.org/licenses/odbl/1-0/",
        "coordinate_method": "Fetched Nominatim representative point for the explicitly selected named OpenStreetMap feature."
      }
    },
    {
      "type": "Feature",
      "geometry": {
        "type": "Point",
        "coordinates": [
          151.91949,
          -29.06956
        ]
      },
      "properties": {
        "id": "au_nsw_bald_rock_tenterfield",
        "name": "Bald Rock Tenterfield",
        "record_kind": "catalogue_coordinate",
        "source_dataset": "sites_au_baseline_nsw.dataset",
        "source_url": "https://www.openstreetmap.org/node/3019436498",
        "licence": "https://opendatacommons.org/licenses/odbl/1-0/",
        "coordinate_method": "Nominatim representative point for the selected named OpenStreetMap feature"
      }
    },
    {
      "type": "Feature",
      "geometry": {
        "type": "Point",
        "coordinates": [
          151.7816404,
          -32.9352187
        ]
      },
      "properties": {
        "id": "au_nsw_bogey_hole_newcastle",
        "name": "Bogey Hole Newcastle",
        "record_kind": "catalogue_coordinate",
        "source_dataset": "sites_au_baseline_nsw.dataset",
        "source_url": "https://www.openstreetmap.org/way/147845077",
        "licence": "https://opendatacommons.org/licenses/odbl/1-0/",
        "coordinate_method": "Nominatim representative point for the selected named OpenStreetMap feature"
      }
    },
    {
      "type": "Feature",
      "geometry": {
        "type": "Point",
        "coordinates": [
          150.9212574,
          -34.3414398
        ]
      },
      "properties": {
        "id": "au_nsw_bulli_cemetery",
        "name": "Bulli Cemetery",
        "record_kind": "catalogue_coordinate",
        "source_dataset": "sites_au_baseline_nsw.dataset",
        "source_url": "https://www.openstreetmap.org/way/191018464",
        "licence": "https://opendatacommons.org/licenses/odbl/1-0/",
        "coordinate_method": "Fetched Nominatim representative point for the explicitly selected named OpenStreetMap feature."
      }
    },
    {
      "type": "Feature",
      "geometry": {
        "type": "Point",
        "coordinates": [
          153.6363335,
          -28.6385613
        ]
      },
      "properties": {
        "id": "au_nsw_cape_byron_lighthouse",
        "name": "Cape Byron Lighthouse",
        "record_kind": "catalogue_coordinate",
        "source_dataset": "sites_au_baseline_nsw.dataset",
        "source_url": "https://www.openstreetmap.org/node/33616122",
        "licence": "https://opendatacommons.org/licenses/odbl/1-0/",
        "coordinate_method": "Nominatim representative point for the selected named OpenStreetMap feature"
      }
    },
    {
      "type": "Feature",
      "geometry": {
        "type": "Point",
        "coordinates": [
          149.5771709,
          -33.4199609
        ]
      },
      "properties": {
        "id": "au_nsw_cathedral_of_st_michael_and_st_john_bathurst",
        "name": "Cathedral of St Michael and St John, Bathurst",
        "record_kind": "catalogue_coordinate",
        "source_dataset": "sites_au_baseline_nsw.dataset",
        "source_url": "https://www.openstreetmap.org/way/227958964",
        "licence": "https://opendatacommons.org/licenses/odbl/1-0/",
        "coordinate_method": "Fetched Nominatim representative point for the explicitly selected named OpenStreetMap feature."
      }
    },
    {
      "type": "Feature",
      "geometry": {
        "type": "Point",
        "coordinates": [
          151.7803481,
          -32.9283075
        ]
      },
      "properties": {
        "id": "au_nsw_cathedral_park_newcastle",
        "name": "Cathedral Park, Newcastle",
        "record_kind": "catalogue_coordinate",
        "source_dataset": "sites_au_baseline_nsw.dataset",
        "source_url": "https://www.openstreetmap.org/way/1167464522",
        "licence": "https://opendatacommons.org/licenses/odbl/1-0/",
        "coordinate_method": "Fetched Nominatim representative point for the explicitly selected named OpenStreetMap feature."
      }
    },
    {
      "type": "Feature",
      "geometry": {
        "type": "Point",
        "coordinates": [
          151.7805552,
          -32.9290151
        ]
      },
      "properties": {
        "id": "au_nsw_christ_church_cathedral_newcastle",
        "name": "Christ Church Cathedral Newcastle",
        "record_kind": "catalogue_coordinate",
        "source_dataset": "sites_au_baseline_nsw.dataset",
        "source_url": "https://www.openstreetmap.org/node/7114446486",
        "licence": "https://opendatacommons.org/licenses/odbl/1-0/",
        "coordinate_method": "Named OSM node"
      }
    },
    {
      "type": "Feature",
      "geometry": {
        "type": "Point",
        "coordinates": [
          151.7273827,
          -30.6763987
        ]
      },
      "properties": {
        "id": "au_nsw_dangars_falls_armidale",
        "name": "Dangars Falls Armidale",
        "record_kind": "catalogue_coordinate",
        "source_dataset": "sites_au_baseline_nsw.dataset",
        "source_url": "https://www.openstreetmap.org/node/3039326571",
        "licence": "https://opendatacommons.org/licenses/odbl/1-0/",
        "coordinate_method": "Nominatim representative point for the selected named OpenStreetMap feature"
      }
    },
    {
      "type": "Feature",
      "geometry": {
        "type": "Point",
        "coordinates": [
          152.3421497,
          -30.4021594
        ]
      },
      "properties": {
        "id": "au_nsw_ebor_falls",
        "name": "Ebor Falls",
        "record_kind": "catalogue_coordinate",
        "source_dataset": "sites_au_baseline_nsw.dataset",
        "source_url": "https://www.openstreetmap.org/node/243930252",
        "licence": "https://opendatacommons.org/licenses/odbl/1-0/",
        "coordinate_method": "Nominatim representative point for the selected named OpenStreetMap feature"
      }
    },
    {
      "type": "Feature",
      "geometry": {
        "type": "Point",
        "coordinates": [
          149.9663079,
          -34.3118185
        ]
      },
      "properties": {
        "id": "au_nsw_fig_tree_cave_wombeyan",
        "name": "Fig Tree Cave, Wombeyan",
        "record_kind": "catalogue_coordinate",
        "source_dataset": "sites_au_baseline_nsw.dataset",
        "source_url": "https://www.openstreetmap.org/node/82796293",
        "licence": "https://opendatacommons.org/licenses/odbl/1-0/",
        "coordinate_method": "Nominatim representative point for the selected named OpenStreetMap feature"
      }
    },
    {
      "type": "Feature",
      "geometry": {
        "type": "Point",
        "coordinates": [
          150.4825447,
          -34.6479995
        ]
      },
      "properties": {
        "id": "au_nsw_fitzroy_falls",
        "name": "Fitzroy Falls",
        "record_kind": "catalogue_coordinate",
        "source_dataset": "sites_au_baseline_nsw.dataset",
        "source_url": "https://www.openstreetmap.org/node/31001877",
        "licence": "https://opendatacommons.org/licenses/odbl/1-0/",
        "coordinate_method": "Fetched exact named OpenStreetMap waterfall node."
      }
    },
    {
      "type": "Feature",
      "geometry": {
        "type": "Point",
        "coordinates": [
          151.7910976,
          -32.9260731
        ]
      },
      "properties": {
        "id": "au_nsw_fort_scratchley",
        "name": "Fort Scratchley",
        "record_kind": "catalogue_coordinate",
        "source_dataset": "sites_au_baseline_nsw.dataset",
        "source_url": "https://www.openstreetmap.org/way/244238407",
        "licence": "https://opendatacommons.org/licenses/odbl/1-0/",
        "coordinate_method": "Nominatim representative point for the selected named OpenStreetMap feature"
      }
    },
    {
      "type": "Feature",
      "geometry": {
        "type": "Point",
        "coordinates": [
          151.2057509,
          -33.858437
        ]
      },
      "properties": {
        "id": "au_nsw_garrison_church_sydney",
        "name": "Garrison Church, Sydney",
        "record_kind": "catalogue_coordinate",
        "source_dataset": "sites_au_baseline_nsw.dataset",
        "source_url": "https://www.openstreetmap.org/way/151980971",
        "licence": "https://opendatacommons.org/licenses/odbl/1-0/",
        "coordinate_method": "Fetched representative point for named OSM estate/garden/church feature."
      }
    },
    {
      "type": "Feature",
      "geometry": {
        "type": "Point",
        "coordinates": [
          151.7330146,
          -32.9615441
        ]
      },
      "properties": {
        "id": "au_nsw_glenrock_lagoon",
        "name": "Glenrock Lagoon",
        "record_kind": "catalogue_coordinate",
        "source_dataset": "sites_au_baseline_nsw.dataset",
        "source_url": "https://www.openstreetmap.org/relation/13636456",
        "licence": "https://opendatacommons.org/licenses/odbl/1-0/",
        "coordinate_method": "Fetched Nominatim representative point for the explicitly selected named OpenStreetMap feature."
      }
    },
    {
      "type": "Feature",
      "geometry": {
        "type": "Point",
        "coordinates": [
          150.3133142,
          -33.6319427
        ]
      },
      "properties": {
        "id": "au_nsw_govetts_leap_falls",
        "name": "Govetts Leap Falls",
        "record_kind": "catalogue_coordinate",
        "source_dataset": "sites_au_baseline_nsw.dataset",
        "source_url": "https://www.openstreetmap.org/node/2619197927",
        "licence": "https://opendatacommons.org/licenses/odbl/1-0/",
        "coordinate_method": "Fetched Nominatim representative point for the explicitly selected named OpenStreetMap feature."
      }
    },
    {
      "type": "Feature",
      "geometry": {
        "type": "Point",
        "coordinates": [
          151.2095976,
          -33.8725807
        ]
      },
      "properties": {
        "id": "au_nsw_great_synagogue_sydney",
        "name": "Great Synagogue Sydney",
        "record_kind": "catalogue_coordinate",
        "source_dataset": "sites_au_baseline_nsw.dataset",
        "source_url": "https://www.openstreetmap.org/way/548828449",
        "licence": "https://opendatacommons.org/licenses/odbl/1-0/",
        "coordinate_method": "Nominatim representative point for the selected named OpenStreetMap feature"
      }
    },
    {
      "type": "Feature",
      "geometry": {
        "type": "Point",
        "coordinates": [
          150.0236098,
          -33.819432
        ]
      },
      "properties": {
        "id": "au_nsw_lucas_cave_jenolan",
        "name": "Lucas Cave, Jenolan",
        "record_kind": "catalogue_coordinate",
        "source_dataset": "sites_au_baseline_nsw.dataset",
        "source_url": "https://www.openstreetmap.org/node/3862321819",
        "licence": "https://opendatacommons.org/licenses/odbl/1-0/",
        "coordinate_method": "Nominatim representative point for the selected named OpenStreetMap feature"
      }
    },
    {
      "type": "Feature",
      "geometry": {
        "type": "Point",
        "coordinates": [
          150.1645054,
          -30.2734112
        ]
      },
      "properties": {
        "id": "au_nsw_mount_kaputar",
        "name": "Mount Kaputar",
        "record_kind": "catalogue_coordinate",
        "source_dataset": "sites_au_baseline_nsw.dataset",
        "source_url": "https://www.openstreetmap.org/node/728340927",
        "licence": "https://opendatacommons.org/licenses/odbl/1-0/",
        "coordinate_method": "Nominatim representative point for the selected named OpenStreetMap feature"
      }
    },
    {
      "type": "Feature",
      "geometry": {
        "type": "Point",
        "coordinates": [
          150.8556552,
          -34.4025939
        ]
      },
      "properties": {
        "id": "au_nsw_mount_keira",
        "name": "Mount Keira",
        "record_kind": "catalogue_coordinate",
        "source_dataset": "sites_au_baseline_nsw.dataset",
        "source_url": "https://www.openstreetmap.org/node/2662336861",
        "licence": "https://opendatacommons.org/licenses/odbl/1-0/",
        "coordinate_method": "Fetched Nominatim representative point for the explicitly selected named OpenStreetMap feature."
      }
    },
    {
      "type": "Feature",
      "geometry": {
        "type": "Point",
        "coordinates": [
          148.2635105,
          -36.4558303
        ]
      },
      "properties": {
        "id": "au_nsw_mount_kosciuszko",
        "name": "Mount Kosciuszko",
        "record_kind": "catalogue_coordinate",
        "source_dataset": "sites_au_baseline_nsw.dataset",
        "source_url": "https://www.openstreetmap.org/node/30880145",
        "licence": "https://opendatacommons.org/licenses/odbl/1-0/",
        "coordinate_method": "Nominatim representative point for the selected named OpenStreetMap feature"
      }
    },
    {
      "type": "Feature",
      "geometry": {
        "type": "Point",
        "coordinates": [
          150.8485722,
          -34.4666334
        ]
      },
      "properties": {
        "id": "au_nsw_nan_tien_temple",
        "name": "Nan Tien Temple",
        "record_kind": "catalogue_coordinate",
        "source_dataset": "sites_au_baseline_nsw.dataset",
        "source_url": "https://www.openstreetmap.org/way/365948557",
        "licence": "https://opendatacommons.org/licenses/odbl/1-0/",
        "coordinate_method": "Nominatim representative point for the selected named OpenStreetMap feature"
      }
    },
    {
      "type": "Feature",
      "geometry": {
        "type": "Point",
        "coordinates": [
          151.7751305,
          -32.9377832
        ]
      },
      "properties": {
        "id": "au_nsw_newcastle_memorial_walk",
        "name": "Newcastle Memorial Walk",
        "record_kind": "catalogue_coordinate",
        "source_dataset": "sites_au_baseline_nsw.dataset",
        "source_url": "https://www.openstreetmap.org/way/346998527",
        "licence": "https://opendatacommons.org/licenses/odbl/1-0/",
        "coordinate_method": "Fetched Nominatim representative point for the explicitly selected named OpenStreetMap feature."
      }
    },
    {
      "type": "Feature",
      "geometry": {
        "type": "Point",
        "coordinates": [
          148.6023998,
          -32.2458635
        ]
      },
      "properties": {
        "id": "au_nsw_old_dubbo_gaol",
        "name": "Old Dubbo Gaol",
        "record_kind": "catalogue_coordinate",
        "source_dataset": "sites_au_baseline_nsw.dataset",
        "source_url": "https://www.openstreetmap.org/node/4374907521",
        "licence": "https://opendatacommons.org/licenses/odbl/1-0/",
        "coordinate_method": "Nominatim representative point for the selected named OpenStreetMap feature"
      }
    },
    {
      "type": "Feature",
      "geometry": {
        "type": "Point",
        "coordinates": [
          150.9991262,
          -33.808194
        ]
      },
      "properties": {
        "id": "au_nsw_parramatta_park",
        "name": "Parramatta Park",
        "record_kind": "catalogue_coordinate",
        "source_dataset": "sites_au_baseline_nsw.dataset",
        "source_url": "https://www.openstreetmap.org/relation/2913327",
        "licence": "https://opendatacommons.org/licenses/odbl/1-0/",
        "coordinate_method": "Fetched Nominatim representative point for the explicitly selected named OpenStreetMap feature."
      }
    },
    {
      "type": "Feature",
      "geometry": {
        "type": "Point",
        "coordinates": [
          151.215711,
          -33.8627694
        ]
      },
      "properties": {
        "id": "au_nsw_royal_botanic_garden_sydney",
        "name": "Royal Botanic Garden Sydney",
        "record_kind": "catalogue_coordinate",
        "source_dataset": "sites_au_baseline_nsw.dataset",
        "source_url": "https://www.openstreetmap.org/relation/3744999",
        "licence": "https://opendatacommons.org/licenses/odbl/1-0/",
        "coordinate_method": "Nominatim representative point for the selected named OpenStreetMap feature"
      }
    },
    {
      "type": "Feature",
      "geometry": {
        "type": "Point",
        "coordinates": [
          150.0605381,
          -30.1453961
        ]
      },
      "properties": {
        "id": "au_nsw_sawn_rocks_narrabri",
        "name": "Sawn Rocks Narrabri",
        "record_kind": "catalogue_coordinate",
        "source_dataset": "sites_au_baseline_nsw.dataset",
        "source_url": "https://www.openstreetmap.org/node/945681090",
        "licence": "https://opendatacommons.org/licenses/odbl/1-0/",
        "coordinate_method": "Nominatim representative point for the selected named OpenStreetMap feature"
      }
    },
    {
      "type": "Feature",
      "geometry": {
        "type": "Point",
        "coordinates": [
          153.0874871,
          -30.92285
        ]
      },
      "properties": {
        "id": "au_nsw_smoky_cape_lighthouse",
        "name": "Smoky Cape Lighthouse",
        "record_kind": "catalogue_coordinate",
        "source_dataset": "sites_au_baseline_nsw.dataset",
        "source_url": "https://www.openstreetmap.org/node/97610242",
        "licence": "https://opendatacommons.org/licenses/odbl/1-0/",
        "coordinate_method": "Nominatim representative point for the selected named OpenStreetMap feature"
      }
    },
    {
      "type": "Feature",
      "geometry": {
        "type": "Point",
        "coordinates": [
          150.976688,
          -34.2108054
        ]
      },
      "properties": {
        "id": "au_nsw_sri_venkateswara_temple_helensburgh",
        "name": "Sri Venkateswara Temple, Helensburgh",
        "record_kind": "catalogue_coordinate",
        "source_dataset": "sites_au_baseline_nsw.dataset",
        "source_url": "https://www.openstreetmap.org/node/2559352044",
        "licence": "https://opendatacommons.org/licenses/odbl/1-0/",
        "coordinate_method": "Fetched Nominatim representative point for the explicitly selected named OpenStreetMap feature."
      }
    },
    {
      "type": "Feature",
      "geometry": {
        "type": "Point",
        "coordinates": [
          151.20625710000002,
          -33.873985000000005
        ]
      },
      "properties": {
        "id": "au_nsw_st_andrews_cathedral_sydney",
        "name": "St Andrew’s Cathedral Sydney",
        "record_kind": "catalogue_coordinate",
        "source_dataset": "sites_au_baseline_nsw.dataset",
        "source_url": "https://www.openstreetmap.org/way/104948254",
        "licence": "https://opendatacommons.org/licenses/odbl/1-0/",
        "coordinate_method": "Bounds centre of the complete named OSM footprint"
      }
    },
    {
      "type": "Feature",
      "geometry": {
        "type": "Point",
        "coordinates": [
          151.203751,
          -33.8586651
        ]
      },
      "properties": {
        "id": "au_nsw_st_brigid_s_church_millers_point",
        "name": "St Brigid's Church, Millers Point",
        "record_kind": "catalogue_coordinate",
        "source_dataset": "sites_au_baseline_nsw.dataset",
        "source_url": "https://www.openstreetmap.org/way/152423838",
        "licence": "https://opendatacommons.org/licenses/odbl/1-0/",
        "coordinate_method": "Fetched Nominatim representative point for the explicitly selected named OpenStreetMap feature."
      }
    },
    {
      "type": "Feature",
      "geometry": {
        "type": "Point",
        "coordinates": [
          151.2133629,
          -33.8712437
        ]
      },
      "properties": {
        "id": "au_nsw_st_marys_cathedral_sydney",
        "name": "St Mary’s Cathedral Sydney",
        "record_kind": "catalogue_coordinate",
        "source_dataset": "sites_au_baseline_nsw.dataset",
        "source_url": "https://www.openstreetmap.org/way/16749128",
        "licence": "https://opendatacommons.org/licenses/odbl/1-0/",
        "coordinate_method": "Nominatim representative point for the selected named OpenStreetMap feature"
      }
    },
    {
      "type": "Feature",
      "geometry": {
        "type": "Point",
        "coordinates": [
          151.00348901538462,
          -33.80869604615385
        ]
      },
      "properties": {
        "id": "au_nsw_st_patrick_s_cathedral_parramatta",
        "name": "St Patrick's Cathedral, Parramatta",
        "record_kind": "catalogue_coordinate",
        "source_dataset": "sites_au_baseline_nsw.dataset",
        "source_url": "https://www.openstreetmap.org/way/955227002",
        "licence": "https://opendatacommons.org/licenses/odbl/1-0/",
        "coordinate_method": "Fetched named OpenStreetMap node, or representative mean of vertices of its named building/park footprint."
      }
    },
    {
      "type": "Feature",
      "geometry": {
        "type": "Point",
        "coordinates": [
          151.20601438125,
          -33.86302223125
        ]
      },
      "properties": {
        "id": "au_nsw_st_patrick_s_church_sydney",
        "name": "St Patrick's Church, Sydney",
        "record_kind": "catalogue_coordinate",
        "source_dataset": "sites_au_baseline_nsw.dataset",
        "source_url": "https://www.openstreetmap.org/way/544428484",
        "licence": "https://opendatacommons.org/licenses/odbl/1-0/",
        "coordinate_method": "Fetched named OpenStreetMap node, or representative mean of vertices of its named building/park footprint."
      }
    },
    {
      "type": "Feature",
      "geometry": {
        "type": "Point",
        "coordinates": [
          151.66523854347824,
          -30.515129634782603
        ]
      },
      "properties": {
        "id": "au_nsw_st_peter_s_cathedral_armidale",
        "name": "St Peter's Cathedral, Armidale",
        "record_kind": "catalogue_coordinate",
        "source_dataset": "sites_au_baseline_nsw.dataset",
        "source_url": "https://www.openstreetmap.org/way/558639682",
        "licence": "https://opendatacommons.org/licenses/odbl/1-0/",
        "coordinate_method": "Fetched named OpenStreetMap node, or representative mean of vertices of its named building/park footprint."
      }
    },
    {
      "type": "Feature",
      "geometry": {
        "type": "Point",
        "coordinates": [
          152.9372555,
          -31.4756057
        ]
      },
      "properties": {
        "id": "au_nsw_tacking_point_lighthouse",
        "name": "Tacking Point Lighthouse",
        "record_kind": "catalogue_coordinate",
        "source_dataset": "sites_au_baseline_nsw.dataset",
        "source_url": "https://www.openstreetmap.org/node/17022899",
        "licence": "https://opendatacommons.org/licenses/odbl/1-0/",
        "coordinate_method": "Nominatim representative point for the selected named OpenStreetMap feature"
      }
    },
    {
      "type": "Feature",
      "geometry": {
        "type": "Point",
        "coordinates": [
          150.3149627,
          -33.7353563
        ]
      },
      "properties": {
        "id": "au_nsw_three_sisters_katoomba",
        "name": "Three Sisters Katoomba",
        "record_kind": "catalogue_coordinate",
        "source_dataset": "sites_au_baseline_nsw.dataset",
        "source_url": "https://www.openstreetmap.org/node/25840776",
        "licence": "https://opendatacommons.org/licenses/odbl/1-0/",
        "coordinate_method": "Nominatim representative point for the selected named OpenStreetMap feature"
      }
    },
    {
      "type": "Feature",
      "geometry": {
        "type": "Point",
        "coordinates": [
          153.0701851,
          -30.8773252
        ]
      },
      "properties": {
        "id": "au_nsw_trial_bay_gaol",
        "name": "Trial Bay Gaol",
        "record_kind": "catalogue_coordinate",
        "source_dataset": "sites_au_baseline_nsw.dataset",
        "source_url": "https://www.openstreetmap.org/way/718841939",
        "licence": "https://opendatacommons.org/licenses/odbl/1-0/",
        "coordinate_method": "Nominatim representative point for the selected named OpenStreetMap feature"
      }
    },
    {
      "type": "Feature",
      "geometry": {
        "type": "Point",
        "coordinates": [
          151.2731726,
          -33.8558807
        ]
      },
      "properties": {
        "id": "au_nsw_vaucluse_house",
        "name": "Vaucluse House",
        "record_kind": "catalogue_coordinate",
        "source_dataset": "sites_au_baseline_nsw.dataset",
        "source_url": "https://www.openstreetmap.org/way/8142216",
        "licence": "https://opendatacommons.org/licenses/odbl/1-0/",
        "coordinate_method": "Fetched representative point for named OSM estate/garden/church feature."
      }
    },
    {
      "type": "Feature",
      "geometry": {
        "type": "Point",
        "coordinates": [
          148.9958937,
          -31.3300861
        ]
      },
      "properties": {
        "id": "au_nsw_warrumbungle_breadknife",
        "name": "Warrumbungle Breadknife",
        "record_kind": "catalogue_coordinate",
        "source_dataset": "sites_au_baseline_nsw.dataset",
        "source_url": "https://www.openstreetmap.org/node/2094308623",
        "licence": "https://opendatacommons.org/licenses/odbl/1-0/",
        "coordinate_method": "Nominatim representative point for the selected named OpenStreetMap feature"
      }
    },
    {
      "type": "Feature",
      "geometry": {
        "type": "Point",
        "coordinates": [
          150.87509820000002,
          -34.4096648
        ]
      },
      "properties": {
        "id": "au_nsw_wollongong_botanic_garden",
        "name": "Wollongong Botanic Garden",
        "record_kind": "catalogue_coordinate",
        "source_dataset": "sites_au_baseline_nsw.dataset",
        "source_url": "https://www.openstreetmap.org/way/26347828",
        "licence": "https://opendatacommons.org/licenses/odbl/1-0/",
        "coordinate_method": "Bounds centre of the complete named OSM footprint"
      }
    },
    {
      "type": "Feature",
      "geometry": {
        "type": "Point",
        "coordinates": [
          150.9097296,
          -34.4219458
        ]
      },
      "properties": {
        "id": "au_nsw_wollongong_head_lighthouse",
        "name": "Wollongong Head Lighthouse",
        "record_kind": "catalogue_coordinate",
        "source_dataset": "sites_au_baseline_nsw.dataset",
        "source_url": "https://www.openstreetmap.org/way/583604937",
        "licence": "https://opendatacommons.org/licenses/odbl/1-0/",
        "coordinate_method": "Nominatim representative point for the selected named OpenStreetMap feature"
      }
    },
    {
      "type": "Feature",
      "geometry": {
        "type": "Point",
        "coordinates": [
          148.8827164,
          -33.1220163
        ]
      },
      "properties": {
        "id": "au_nsw_yuranigh_s_grave",
        "name": "Yuranigh's grave",
        "record_kind": "catalogue_coordinate",
        "source_dataset": "sites_au_baseline_nsw.dataset",
        "source_url": "https://www.openstreetmap.org/node/1950345662",
        "licence": "https://opendatacommons.org/licenses/odbl/1-0/",
        "coordinate_method": "Fetched Nominatim representative point for the explicitly selected named OpenStreetMap feature."
      }
    },
    {
      "type": "Feature",
      "geometry": {
        "type": "Point",
        "coordinates": [
          130.9981933,
          -12.7023153
        ]
      },
      "properties": {
        "id": "au_nt_berry_springs_nature_park",
        "name": "Berry Springs Nature Park",
        "record_kind": "catalogue_coordinate",
        "source_dataset": "sites_au_baseline_nt.dataset",
        "source_url": "https://www.openstreetmap.org/way/222472830",
        "licence": "https://opendatacommons.org/licenses/odbl/1-0/",
        "coordinate_method": "Fetched Nominatim representative point for the explicitly selected named OpenStreetMap feature."
      }
    },
    {
      "type": "Feature",
      "geometry": {
        "type": "Point",
        "coordinates": [
          130.845245,
          -12.4658292
        ]
      },
      "properties": {
        "id": "au_nt_christ_church_cathedral_darwin",
        "name": "Christ Church Cathedral Darwin",
        "record_kind": "catalogue_coordinate",
        "source_dataset": "sites_au_baseline_nt.dataset",
        "source_url": "https://www.openstreetmap.org/way/314177694",
        "licence": "https://opendatacommons.org/licenses/odbl/1-0/",
        "coordinate_method": "Nominatim representative point for the selected named OpenStreetMap feature"
      }
    },
    {
      "type": "Feature",
      "geometry": {
        "type": "Point",
        "coordinates": [
          130.84475605,
          -12.462623950000001
        ]
      },
      "properties": {
        "id": "au_nt_chung_wah_temple_darwin",
        "name": "Chung Wah Temple Darwin",
        "record_kind": "catalogue_coordinate",
        "source_dataset": "sites_au_baseline_nt.dataset",
        "source_url": "https://www.openstreetmap.org/way/372196929",
        "licence": "https://opendatacommons.org/licenses/odbl/1-0/",
        "coordinate_method": "Bounds centre of the complete named OSM footprint"
      }
    },
    {
      "type": "Feature",
      "geometry": {
        "type": "Point",
        "coordinates": [
          130.8400417,
          -12.4667471
        ]
      },
      "properties": {
        "id": "au_nt_darwin_cenotaph",
        "name": "Darwin Cenotaph",
        "record_kind": "catalogue_coordinate",
        "source_dataset": "sites_au_baseline_nt.dataset",
        "source_url": "https://www.openstreetmap.org/way/304032423",
        "licence": "https://opendatacommons.org/licenses/odbl/1-0/",
        "coordinate_method": "Nominatim representative point for the selected named OpenStreetMap feature"
      }
    },
    {
      "type": "Feature",
      "geometry": {
        "type": "Point",
        "coordinates": [
          130.8488135,
          -12.4454577
        ]
      },
      "properties": {
        "id": "au_nt_darwin_chinese_memorial_cemetery",
        "name": "Darwin Chinese Memorial Cemetery",
        "record_kind": "catalogue_coordinate",
        "source_dataset": "sites_au_baseline_nt.dataset",
        "source_url": "https://www.openstreetmap.org/way/1308398317",
        "licence": "https://opendatacommons.org/licenses/odbl/1-0/",
        "coordinate_method": "Fetched Nominatim representative point for the explicitly selected named OpenStreetMap feature."
      }
    },
    {
      "type": "Feature",
      "geometry": {
        "type": "Point",
        "coordinates": [
          132.1908695,
          -14.181079
        ]
      },
      "properties": {
        "id": "au_nt_edith_falls",
        "name": "Edith Falls",
        "record_kind": "catalogue_coordinate",
        "source_dataset": "sites_au_baseline_nt.dataset",
        "source_url": "https://www.openstreetmap.org/node/1147129438",
        "licence": "https://opendatacommons.org/licenses/odbl/1-0/",
        "coordinate_method": "Nominatim representative point for the selected named OpenStreetMap feature"
      }
    },
    {
      "type": "Feature",
      "geometry": {
        "type": "Point",
        "coordinates": [
          130.8363055,
          -12.4256284
        ]
      },
      "properties": {
        "id": "au_nt_fannie_bay_gaol",
        "name": "Fannie Bay Gaol",
        "record_kind": "catalogue_coordinate",
        "source_dataset": "sites_au_baseline_nt.dataset",
        "source_url": "https://www.openstreetmap.org/node/13296066187",
        "licence": "https://opendatacommons.org/licenses/odbl/1-0/",
        "coordinate_method": "Nominatim representative point for the selected named OpenStreetMap feature"
      }
    },
    {
      "type": "Feature",
      "geometry": {
        "type": "Point",
        "coordinates": [
          130.7835398,
          -13.0991456
        ]
      },
      "properties": {
        "id": "au_nt_florence_falls",
        "name": "Florence Falls",
        "record_kind": "catalogue_coordinate",
        "source_dataset": "sites_au_baseline_nt.dataset",
        "source_url": "https://www.openstreetmap.org/node/2619933674",
        "licence": "https://opendatacommons.org/licenses/odbl/1-0/",
        "coordinate_method": "Nominatim representative point for the selected named OpenStreetMap feature"
      }
    },
    {
      "type": "Feature",
      "geometry": {
        "type": "Point",
        "coordinates": [
          130.8371343,
          -12.4448089
        ]
      },
      "properties": {
        "id": "au_nt_george_brown_darwin_botanic_gardens",
        "name": "George Brown Darwin Botanic Gardens",
        "record_kind": "catalogue_coordinate",
        "source_dataset": "sites_au_baseline_nt.dataset",
        "source_url": "https://www.openstreetmap.org/relation/13000831",
        "licence": "https://opendatacommons.org/licenses/odbl/1-0/",
        "coordinate_method": "Nominatim representative point for the selected named OpenStreetMap feature"
      }
    },
    {
      "type": "Feature",
      "geometry": {
        "type": "Point",
        "coordinates": [
          133.8190707,
          -23.6980691
        ]
      },
      "properties": {
        "id": "au_nt_john_flynns_grave",
        "name": "John Flynn’s Grave",
        "record_kind": "catalogue_coordinate",
        "source_dataset": "sites_au_baseline_nt.dataset",
        "source_url": "https://www.openstreetmap.org/node/2038233586",
        "licence": "https://opendatacommons.org/licenses/odbl/1-0/",
        "coordinate_method": "Fetched Nominatim representative point for the explicitly selected named OpenStreetMap feature."
      }
    },
    {
      "type": "Feature",
      "geometry": {
        "type": "Point",
        "coordinates": [
          130.7406417,
          -25.2992996
        ]
      },
      "properties": {
        "id": "au_nt_kata_tjuta",
        "name": "Kata Tjuta",
        "record_kind": "catalogue_coordinate",
        "source_dataset": "sites_au_baseline_nt.dataset",
        "source_url": "https://www.openstreetmap.org/relation/7474225",
        "licence": "https://opendatacommons.org/licenses/odbl/1-0/",
        "coordinate_method": "Nominatim representative point for the selected named OpenStreetMap feature"
      }
    },
    {
      "type": "Feature",
      "geometry": {
        "type": "Point",
        "coordinates": [
          132.7283828,
          -23.6267492
        ]
      },
      "properties": {
        "id": "au_nt_ormiston_gorge",
        "name": "Ormiston Gorge",
        "record_kind": "catalogue_coordinate",
        "source_dataset": "sites_au_baseline_nt.dataset",
        "source_url": "https://www.openstreetmap.org/node/77923044",
        "licence": "https://opendatacommons.org/licenses/odbl/1-0/",
        "coordinate_method": "Nominatim representative point for the selected named OpenStreetMap feature"
      }
    },
    {
      "type": "Feature",
      "geometry": {
        "type": "Point",
        "coordinates": [
          133.71956,
          -23.67388
        ]
      },
      "properties": {
        "id": "au_nt_simpsons_gap",
        "name": "Simpsons Gap",
        "record_kind": "catalogue_coordinate",
        "source_dataset": "sites_au_baseline_nt.dataset",
        "source_url": "https://www.openstreetmap.org/node/3068360676",
        "licence": "https://opendatacommons.org/licenses/odbl/1-0/",
        "coordinate_method": "Fetched exact OpenStreetMap place node; church display name cross-referenced against primary parish identity where applicable."
      }
    },
    {
      "type": "Feature",
      "geometry": {
        "type": "Point",
        "coordinates": [
          130.8382705,
          -12.45905395
        ]
      },
      "properties": {
        "id": "au_nt_st_mary_star_of_the_sea_cathedral_darwin",
        "name": "St Mary Star of the Sea Cathedral Darwin",
        "record_kind": "catalogue_coordinate",
        "source_dataset": "sites_au_baseline_nt.dataset",
        "source_url": "https://www.openstreetmap.org/way/314176992",
        "licence": "https://opendatacommons.org/licenses/odbl/1-0/",
        "coordinate_method": "Bounds centre of the complete named OSM footprint"
      }
    },
    {
      "type": "Feature",
      "geometry": {
        "type": "Point",
        "coordinates": [
          131.0369615,
          -25.3455545
        ]
      },
      "properties": {
        "id": "au_nt_uluru",
        "name": "Uluru",
        "record_kind": "catalogue_coordinate",
        "source_dataset": "sites_au_baseline_nt.dataset",
        "source_url": "https://www.openstreetmap.org/relation/21227993",
        "licence": "https://opendatacommons.org/licenses/odbl/1-0/",
        "coordinate_method": "Nominatim representative point for the selected named OpenStreetMap feature"
      }
    },
    {
      "type": "Feature",
      "geometry": {
        "type": "Point",
        "coordinates": [
          130.6849317,
          -13.1638778
        ]
      },
      "properties": {
        "id": "au_nt_wangi_falls",
        "name": "Wangi Falls",
        "record_kind": "catalogue_coordinate",
        "source_dataset": "sites_au_baseline_nt.dataset",
        "source_url": "https://www.openstreetmap.org/node/2619882682",
        "licence": "https://opendatacommons.org/licenses/odbl/1-0/",
        "coordinate_method": "Nominatim representative point for the selected named OpenStreetMap feature"
      }
    },
    {
      "type": "Feature",
      "geometry": {
        "type": "Point",
        "coordinates": [
          153.0280097,
          -27.4645005
        ]
      },
      "properties": {
        "id": "au_qld_all_saints_church_brisbane",
        "name": "All Saints Church Brisbane",
        "record_kind": "catalogue_coordinate",
        "source_dataset": "sites_au_baseline_qld.dataset",
        "source_url": "https://www.openstreetmap.org/way/185930981",
        "licence": "https://opendatacommons.org/licenses/odbl/1-0/",
        "coordinate_method": "Nominatim representative point for the selected named OpenStreetMap feature"
      }
    },
    {
      "type": "Feature",
      "geometry": {
        "type": "Point",
        "coordinates": [
          153.0266642,
          -27.4665371
        ]
      },
      "properties": {
        "id": "au_qld_anzac_square_brisbane",
        "name": "Anzac Square Brisbane",
        "record_kind": "catalogue_coordinate",
        "source_dataset": "sites_au_baseline_qld.dataset",
        "source_url": "https://www.openstreetmap.org/way/10103904",
        "licence": "https://opendatacommons.org/licenses/odbl/1-0/",
        "coordinate_method": "Nominatim representative point for the selected named OpenStreetMap feature"
      }
    },
    {
      "type": "Feature",
      "geometry": {
        "type": "Point",
        "coordinates": [
          145.6435943,
          -16.8336108
        ]
      },
      "properties": {
        "id": "au_qld_barron_falls",
        "name": "Barron Falls",
        "record_kind": "catalogue_coordinate",
        "source_dataset": "sites_au_baseline_qld.dataset",
        "source_url": "https://www.openstreetmap.org/node/5061247194",
        "licence": "https://opendatacommons.org/licenses/odbl/1-0/",
        "coordinate_method": "Nominatim representative point for the selected named OpenStreetMap feature"
      }
    },
    {
      "type": "Feature",
      "geometry": {
        "type": "Point",
        "coordinates": [
          145.8697772,
          -17.3423462
        ]
      },
      "properties": {
        "id": "au_qld_boulders_lookout_babinda",
        "name": "Boulders Lookout, Babinda",
        "record_kind": "catalogue_coordinate",
        "source_dataset": "sites_au_baseline_qld.dataset",
        "source_url": "https://www.openstreetmap.org/node/2113577110",
        "licence": "https://opendatacommons.org/licenses/odbl/1-0/",
        "coordinate_method": "Fetched named OpenStreetMap node, or representative mean of vertices of its named building/park footprint."
      }
    },
    {
      "type": "Feature",
      "geometry": {
        "type": "Point",
        "coordinates": [
          153.0301742,
          -27.4760254
        ]
      },
      "properties": {
        "id": "au_qld_brisbane_city_botanic_gardens",
        "name": "Brisbane City Botanic Gardens",
        "record_kind": "catalogue_coordinate",
        "source_dataset": "sites_au_baseline_qld.dataset",
        "source_url": "https://www.openstreetmap.org/way/4282955",
        "licence": "https://opendatacommons.org/licenses/odbl/1-0/",
        "coordinate_method": "Nominatim representative point for the selected named OpenStreetMap feature"
      }
    },
    {
      "type": "Feature",
      "geometry": {
        "type": "Point",
        "coordinates": [
          153.0269512,
          -27.4733157
        ]
      },
      "properties": {
        "id": "au_qld_brisbane_synagogue",
        "name": "Brisbane Synagogue",
        "record_kind": "catalogue_coordinate",
        "source_dataset": "sites_au_baseline_qld.dataset",
        "source_url": "https://www.openstreetmap.org/way/49748178",
        "licence": "https://opendatacommons.org/licenses/odbl/1-0/",
        "coordinate_method": "Fetched Nominatim representative point for the explicitly selected named OpenStreetMap feature."
      }
    },
    {
      "type": "Feature",
      "geometry": {
        "type": "Point",
        "coordinates": [
          145.7504303,
          -16.9000995
        ]
      },
      "properties": {
        "id": "au_qld_cairns_botanic_gardens",
        "name": "Cairns Botanic Gardens",
        "record_kind": "catalogue_coordinate",
        "source_dataset": "sites_au_baseline_qld.dataset",
        "source_url": "https://www.openstreetmap.org/way/188077167",
        "licence": "https://opendatacommons.org/licenses/odbl/1-0/",
        "coordinate_method": "Nominatim representative point for the selected named OpenStreetMap feature"
      }
    },
    {
      "type": "Feature",
      "geometry": {
        "type": "Point",
        "coordinates": [
          146.8026248,
          -19.258033
        ]
      },
      "properties": {
        "id": "au_qld_castle_hill_townsville",
        "name": "Castle Hill Townsville",
        "record_kind": "catalogue_coordinate",
        "source_dataset": "sites_au_baseline_qld.dataset",
        "source_url": "https://www.openstreetmap.org/node/60428127",
        "licence": "https://opendatacommons.org/licenses/odbl/1-0/",
        "coordinate_method": "Nominatim representative point for the selected named OpenStreetMap feature"
      }
    },
    {
      "type": "Feature",
      "geometry": {
        "type": "Point",
        "coordinates": [
          153.0289834,
          -27.4686693
        ]
      },
      "properties": {
        "id": "au_qld_cathedral_of_st_stephen_brisbane",
        "name": "Cathedral of St Stephen Brisbane",
        "record_kind": "catalogue_coordinate",
        "source_dataset": "sites_au_baseline_qld.dataset",
        "source_url": "https://www.openstreetmap.org/way/148276861",
        "licence": "https://opendatacommons.org/licenses/odbl/1-0/",
        "coordinate_method": "Nominatim representative point for the selected named OpenStreetMap feature"
      }
    },
    {
      "type": "Feature",
      "geometry": {
        "type": "Point",
        "coordinates": [
          153.1851055,
          -27.8941721
        ]
      },
      "properties": {
        "id": "au_qld_cedar_creek_falls_tamborine",
        "name": "Cedar Creek Falls, Tamborine",
        "record_kind": "catalogue_coordinate",
        "source_dataset": "sites_au_baseline_qld.dataset",
        "source_url": "https://www.openstreetmap.org/node/6133846446",
        "licence": "https://opendatacommons.org/licenses/odbl/1-0/",
        "coordinate_method": "Fetched named OpenStreetMap node, or representative mean of vertices of its named building/park footprint."
      }
    },
    {
      "type": "Feature",
      "geometry": {
        "type": "Point",
        "coordinates": [
          145.2551977,
          -15.4609141
        ]
      },
      "properties": {
        "id": "au_qld_cooktown_grassy_hill",
        "name": "Cooktown Grassy Hill",
        "record_kind": "catalogue_coordinate",
        "source_dataset": "sites_au_baseline_qld.dataset",
        "source_url": "https://www.openstreetmap.org/node/1097718544",
        "licence": "https://opendatacommons.org/licenses/odbl/1-0/",
        "coordinate_method": "Nominatim representative point for the selected named OpenStreetMap feature"
      }
    },
    {
      "type": "Feature",
      "geometry": {
        "type": "Point",
        "coordinates": [
          153.1929168,
          -27.9251412
        ]
      },
      "properties": {
        "id": "au_qld_curtis_falls",
        "name": "Curtis Falls",
        "record_kind": "catalogue_coordinate",
        "source_dataset": "sites_au_baseline_qld.dataset",
        "source_url": "https://www.openstreetmap.org/node/1540710774",
        "licence": "https://opendatacommons.org/licenses/odbl/1-0/",
        "coordinate_method": "Fetched Nominatim representative point for the explicitly selected named OpenStreetMap feature."
      }
    },
    {
      "type": "Feature",
      "geometry": {
        "type": "Point",
        "coordinates": [
          151.91899525,
          -27.576983499999997
        ]
      },
      "properties": {
        "id": "au_qld_drayton_and_toowoomba_cemetery",
        "name": "Drayton and Toowoomba Cemetery",
        "record_kind": "catalogue_coordinate",
        "source_dataset": "sites_au_baseline_qld.dataset",
        "source_url": "https://www.openstreetmap.org/way/70501250",
        "licence": "https://opendatacommons.org/licenses/odbl/1-0/",
        "coordinate_method": "Bounds centre of the complete named OSM footprint"
      }
    },
    {
      "type": "Feature",
      "geometry": {
        "type": "Point",
        "coordinates": [
          153.4903124,
          -28.1324508
        ]
      },
      "properties": {
        "id": "au_qld_elephant_rock_currumbin",
        "name": "Elephant Rock Currumbin",
        "record_kind": "catalogue_coordinate",
        "source_dataset": "sites_au_baseline_qld.dataset",
        "source_url": "https://www.openstreetmap.org/way/1240949348",
        "licence": "https://opendatacommons.org/licenses/odbl/1-0/",
        "coordinate_method": "Nominatim representative point for the selected named OpenStreetMap feature"
      }
    },
    {
      "type": "Feature",
      "geometry": {
        "type": "Point",
        "coordinates": [
          152.9350124,
          -26.8997838
        ]
      },
      "properties": {
        "id": "au_qld_glass_house_mountains_mount_ngungun",
        "name": "Glass House Mountains Mount Ngungun",
        "record_kind": "catalogue_coordinate",
        "source_dataset": "sites_au_baseline_qld.dataset",
        "source_url": "https://www.openstreetmap.org/node/489348709",
        "licence": "https://opendatacommons.org/licenses/odbl/1-0/",
        "coordinate_method": "Nominatim representative point for the selected named OpenStreetMap feature"
      }
    },
    {
      "type": "Feature",
      "geometry": {
        "type": "Point",
        "coordinates": [
          152.9473712,
          -26.9268175
        ]
      },
      "properties": {
        "id": "au_qld_glass_house_mountains_mount_tibrogargan",
        "name": "Glass House Mountains Mount Tibrogargan",
        "record_kind": "catalogue_coordinate",
        "source_dataset": "sites_au_baseline_qld.dataset",
        "source_url": "https://www.openstreetmap.org/node/448833367",
        "licence": "https://opendatacommons.org/licenses/odbl/1-0/",
        "coordinate_method": "Nominatim representative point for the selected named OpenStreetMap feature"
      }
    },
    {
      "type": "Feature",
      "geometry": {
        "type": "Point",
        "coordinates": [
          153.4552115,
          -28.0965825
        ]
      },
      "properties": {
        "id": "au_qld_jellurgal_aboriginal_cultural_centre",
        "name": "Jellurgal Aboriginal Cultural Centre",
        "record_kind": "catalogue_coordinate",
        "source_dataset": "sites_au_baseline_qld.dataset",
        "source_url": "https://www.openstreetmap.org/way/937933968",
        "licence": "https://opendatacommons.org/licenses/odbl/1-0/",
        "coordinate_method": "Nominatim representative point of exact named OSM building"
      }
    },
    {
      "type": "Feature",
      "geometry": {
        "type": "Point",
        "coordinates": [
          145.8592924,
          -17.4318517
        ]
      },
      "properties": {
        "id": "au_qld_josephine_falls",
        "name": "Josephine Falls",
        "record_kind": "catalogue_coordinate",
        "source_dataset": "sites_au_baseline_qld.dataset",
        "source_url": "https://www.openstreetmap.org/node/2113577124",
        "licence": "https://opendatacommons.org/licenses/odbl/1-0/",
        "coordinate_method": "Nominatim representative point for the selected named OpenStreetMap feature"
      }
    },
    {
      "type": "Feature",
      "geometry": {
        "type": "Point",
        "coordinates": [
          151.93106590000002,
          -27.600106599999997
        ]
      },
      "properties": {
        "id": "au_qld_ju_raku_en_japanese_garden_toowoomba",
        "name": "Ju Raku En Japanese Garden Toowoomba",
        "record_kind": "catalogue_coordinate",
        "source_dataset": "sites_au_baseline_qld.dataset",
        "source_url": "https://www.openstreetmap.org/way/42301620",
        "licence": "https://opendatacommons.org/licenses/odbl/1-0/",
        "coordinate_method": "Bounds centre of the complete named OSM footprint"
      }
    },
    {
      "type": "Feature",
      "geometry": {
        "type": "Point",
        "coordinates": [
          153.0344779,
          -27.4778992
        ]
      },
      "properties": {
        "id": "au_qld_kangaroo_point_cliffs",
        "name": "Kangaroo Point Cliffs",
        "record_kind": "catalogue_coordinate",
        "source_dataset": "sites_au_baseline_qld.dataset",
        "source_url": "https://www.openstreetmap.org/way/27787884",
        "licence": "https://opendatacommons.org/licenses/odbl/1-0/",
        "coordinate_method": "Nominatim representative point for the selected named OpenStreetMap feature"
      }
    },
    {
      "type": "Feature",
      "geometry": {
        "type": "Point",
        "coordinates": [
          152.8651651,
          -26.6729162
        ]
      },
      "properties": {
        "id": "au_qld_kondalilla_falls",
        "name": "Kondalilla Falls",
        "record_kind": "catalogue_coordinate",
        "source_dataset": "sites_au_baseline_qld.dataset",
        "source_url": "https://www.openstreetmap.org/node/4702480047",
        "licence": "https://opendatacommons.org/licenses/odbl/1-0/",
        "coordinate_method": "Fetched Nominatim representative point for the explicitly selected named OpenStreetMap feature."
      }
    },
    {
      "type": "Feature",
      "geometry": {
        "type": "Point",
        "coordinates": [
          152.8340636,
          -26.7836216
        ]
      },
      "properties": {
        "id": "au_qld_maleny_botanic_gardens",
        "name": "Maleny Botanic Gardens",
        "record_kind": "catalogue_coordinate",
        "source_dataset": "sites_au_baseline_qld.dataset",
        "source_url": "https://www.openstreetmap.org/way/934908711",
        "licence": "https://opendatacommons.org/licenses/odbl/1-0/",
        "coordinate_method": "Fetched Nominatim representative point for the explicitly selected named OpenStreetMap feature."
      }
    },
    {
      "type": "Feature",
      "geometry": {
        "type": "Point",
        "coordinates": [
          151.9602529,
          -27.5624984
        ]
      },
      "properties": {
        "id": "au_qld_mothers_memorial_toowoomba",
        "name": "Mothers’ Memorial, Toowoomba",
        "record_kind": "catalogue_coordinate",
        "source_dataset": "sites_au_baseline_qld.dataset",
        "source_url": "https://www.openstreetmap.org/way/494577985",
        "licence": "https://opendatacommons.org/licenses/odbl/1-0/",
        "coordinate_method": "Fetched Nominatim representative point for the explicitly selected named OpenStreetMap feature."
      }
    },
    {
      "type": "Feature",
      "geometry": {
        "type": "Point",
        "coordinates": [
          153.0843031,
          -26.5616392
        ]
      },
      "properties": {
        "id": "au_qld_mount_coolum",
        "name": "Mount Coolum",
        "record_kind": "catalogue_coordinate",
        "source_dataset": "sites_au_baseline_qld.dataset",
        "source_url": "https://www.openstreetmap.org/node/249375154",
        "licence": "https://opendatacommons.org/licenses/odbl/1-0/",
        "coordinate_method": "Nominatim representative point for the selected named OpenStreetMap feature"
      }
    },
    {
      "type": "Feature",
      "geometry": {
        "type": "Point",
        "coordinates": [
          145.7704115125,
          -16.919184462500002
        ]
      },
      "properties": {
        "id": "au_qld_munro_martin_parklands",
        "name": "Munro Martin Parklands",
        "record_kind": "catalogue_coordinate",
        "source_dataset": "sites_au_baseline_qld.dataset",
        "source_url": "https://www.openstreetmap.org/way/4850667",
        "licence": "https://opendatacommons.org/licenses/odbl/1-0/",
        "coordinate_method": "Fetched named OpenStreetMap node, or representative mean of vertices of its named building/park footprint."
      }
    },
    {
      "type": "Feature",
      "geometry": {
        "type": "Point",
        "coordinates": [
          153.2434972,
          -28.2307008
        ]
      },
      "properties": {
        "id": "au_qld_natural_bridge_springbrook",
        "name": "Natural Bridge Springbrook",
        "record_kind": "catalogue_coordinate",
        "source_dataset": "sites_au_baseline_qld.dataset",
        "source_url": "https://www.openstreetmap.org/node/4922432821",
        "licence": "https://opendatacommons.org/licenses/odbl/1-0/",
        "coordinate_method": "Exact OSM node"
      }
    },
    {
      "type": "Feature",
      "geometry": {
        "type": "Point",
        "coordinates": [
          153.0461803,
          -27.4426696
        ]
      },
      "properties": {
        "id": "au_qld_newstead_house_brisbane",
        "name": "Newstead House Brisbane",
        "record_kind": "catalogue_coordinate",
        "source_dataset": "sites_au_baseline_qld.dataset",
        "source_url": "https://www.openstreetmap.org/way/819659094",
        "licence": "https://opendatacommons.org/licenses/odbl/1-0/",
        "coordinate_method": "Nominatim representative point for the selected named OpenStreetMap feature"
      }
    },
    {
      "type": "Feature",
      "geometry": {
        "type": "Point",
        "coordinates": [
          153.0900483,
          -27.3693795
        ]
      },
      "properties": {
        "id": "au_qld_nudgee_cemetery",
        "name": "Nudgee Cemetery",
        "record_kind": "catalogue_coordinate",
        "source_dataset": "sites_au_baseline_qld.dataset",
        "source_url": "https://www.openstreetmap.org/way/23171865",
        "licence": "https://opendatacommons.org/licenses/odbl/1-0/",
        "coordinate_method": "Fetched Nominatim representative point for the explicitly selected named OpenStreetMap feature."
      }
    },
    {
      "type": "Feature",
      "geometry": {
        "type": "Point",
        "coordinates": [
          153.023068,
          -27.465749
        ]
      },
      "properties": {
        "id": "au_qld_old_windmill_brisbane",
        "name": "Old Windmill, Brisbane",
        "record_kind": "catalogue_coordinate",
        "source_dataset": "sites_au_baseline_qld.dataset",
        "source_url": "https://www.openstreetmap.org/way/1384456307",
        "licence": "https://opendatacommons.org/licenses/odbl/1-0/",
        "coordinate_method": "Fetched Nominatim representative point for the explicitly selected named OpenStreetMap feature."
      }
    },
    {
      "type": "Feature",
      "geometry": {
        "type": "Point",
        "coordinates": [
          146.7646734,
          -19.3125331
        ]
      },
      "properties": {
        "id": "au_qld_palmetum_townsville",
        "name": "Palmetum, Townsville",
        "record_kind": "catalogue_coordinate",
        "source_dataset": "sites_au_baseline_qld.dataset",
        "source_url": "https://www.openstreetmap.org/way/502636202",
        "licence": "https://opendatacommons.org/licenses/odbl/1-0/",
        "coordinate_method": "Fetched Nominatim representative point for the explicitly selected named OpenStreetMap feature."
      }
    },
    {
      "type": "Feature",
      "geometry": {
        "type": "Point",
        "coordinates": [
          153.138465,
          -26.6797154
        ]
      },
      "properties": {
        "id": "au_qld_point_cartwright_lighthouse",
        "name": "Point Cartwright Lighthouse",
        "record_kind": "catalogue_coordinate",
        "source_dataset": "sites_au_baseline_qld.dataset",
        "source_url": "https://www.openstreetmap.org/way/845845875",
        "licence": "https://opendatacommons.org/licenses/odbl/1-0/",
        "coordinate_method": "Nominatim representative point for the selected named OpenStreetMap feature"
      }
    },
    {
      "type": "Feature",
      "geometry": {
        "type": "Point",
        "coordinates": [
          146.810118,
          -19.2529371
        ]
      },
      "properties": {
        "id": "au_qld_queens_gardens_townsville",
        "name": "Queens Gardens Townsville",
        "record_kind": "catalogue_coordinate",
        "source_dataset": "sites_au_baseline_qld.dataset",
        "source_url": "https://www.openstreetmap.org/way/239059248",
        "licence": "https://opendatacommons.org/licenses/odbl/1-0/",
        "coordinate_method": "Nominatim representative point for the selected named OpenStreetMap feature"
      }
    },
    {
      "type": "Feature",
      "geometry": {
        "type": "Point",
        "coordinates": [
          151.96122536181818,
          -27.56003802
        ]
      },
      "properties": {
        "id": "au_qld_queens_park_toowoomba",
        "name": "Queens Park, Toowoomba",
        "record_kind": "catalogue_coordinate",
        "source_dataset": "sites_au_baseline_qld.dataset",
        "source_url": "https://www.openstreetmap.org/way/4061402",
        "licence": "https://opendatacommons.org/licenses/odbl/1-0/",
        "coordinate_method": "Fetched named OpenStreetMap node, or representative mean of vertices of its named building/park footprint."
      }
    },
    {
      "type": "Feature",
      "geometry": {
        "type": "Point",
        "coordinates": [
          146.8117677,
          -19.2589391
        ]
      },
      "properties": {
        "id": "au_qld_sacred_heart_cathedral_townsville",
        "name": "Sacred Heart Cathedral Townsville",
        "record_kind": "catalogue_coordinate",
        "source_dataset": "sites_au_baseline_qld.dataset",
        "source_url": "https://www.openstreetmap.org/way/502655289",
        "licence": "https://opendatacommons.org/licenses/odbl/1-0/",
        "coordinate_method": "Nominatim representative point for the selected named OpenStreetMap feature"
      }
    },
    {
      "type": "Feature",
      "geometry": {
        "type": "Point",
        "coordinates": [
          153.0474585,
          -26.677945
        ]
      },
      "properties": {
        "id": "au_qld_serenity_falls_buderim",
        "name": "Serenity Falls, Buderim",
        "record_kind": "catalogue_coordinate",
        "source_dataset": "sites_au_baseline_qld.dataset",
        "source_url": "https://www.openstreetmap.org/node/745325346",
        "licence": "https://opendatacommons.org/licenses/odbl/1-0/",
        "coordinate_method": "Nominatim representative point for the selected named OpenStreetMap feature"
      }
    },
    {
      "type": "Feature",
      "geometry": {
        "type": "Point",
        "coordinates": [
          152.9737516,
          -27.5312291
        ]
      },
      "properties": {
        "id": "au_qld_sherwood_arboretum",
        "name": "Sherwood Arboretum",
        "record_kind": "catalogue_coordinate",
        "source_dataset": "sites_au_baseline_qld.dataset",
        "source_url": "https://www.openstreetmap.org/way/26992925",
        "licence": "https://opendatacommons.org/licenses/odbl/1-0/",
        "coordinate_method": "Fetched Nominatim representative point for the explicitly selected named OpenStreetMap feature."
      }
    },
    {
      "type": "Feature",
      "geometry": {
        "type": "Point",
        "coordinates": [
          153.01073059583337,
          -27.457565620833332
        ]
      },
      "properties": {
        "id": "au_qld_st_brigid_s_church_red_hill",
        "name": "St Brigid's Church, Red Hill",
        "record_kind": "catalogue_coordinate",
        "source_dataset": "sites_au_baseline_qld.dataset",
        "source_url": "https://www.openstreetmap.org/way/552016190",
        "licence": "https://opendatacommons.org/licenses/odbl/1-0/",
        "coordinate_method": "Fetched named OpenStreetMap node, or representative mean of vertices of its named building/park footprint."
      }
    },
    {
      "type": "Feature",
      "geometry": {
        "type": "Point",
        "coordinates": [
          145.77093218571426,
          -16.91699607142857
        ]
      },
      "properties": {
        "id": "au_qld_st_john_s_anglican_church_cairns",
        "name": "St John's Anglican Church, Cairns",
        "record_kind": "catalogue_coordinate",
        "source_dataset": "sites_au_baseline_qld.dataset",
        "source_url": "https://www.openstreetmap.org/way/305487407",
        "licence": "https://opendatacommons.org/licenses/odbl/1-0/",
        "coordinate_method": "Fetched named church building footprint; representative mean of vertices."
      }
    },
    {
      "type": "Feature",
      "geometry": {
        "type": "Point",
        "coordinates": [
          153.0300206,
          -27.4639138
        ]
      },
      "properties": {
        "id": "au_qld_st_johns_cathedral_brisbane",
        "name": "St John’s Cathedral Brisbane",
        "record_kind": "catalogue_coordinate",
        "source_dataset": "sites_au_baseline_qld.dataset",
        "source_url": "https://www.openstreetmap.org/way/26384715",
        "licence": "https://opendatacommons.org/licenses/odbl/1-0/",
        "coordinate_method": "Bounds centre of the complete named OSM footprint"
      }
    },
    {
      "type": "Feature",
      "geometry": {
        "type": "Point",
        "coordinates": [
          151.9532245590909,
          -27.565337045454545
        ]
      },
      "properties": {
        "id": "au_qld_st_luke_s_anglican_church_toowoomba",
        "name": "St Luke's Anglican Church, Toowoomba",
        "record_kind": "catalogue_coordinate",
        "source_dataset": "sites_au_baseline_qld.dataset",
        "source_url": "https://www.openstreetmap.org/way/249335030",
        "licence": "https://opendatacommons.org/licenses/odbl/1-0/",
        "coordinate_method": "Fetched named OpenStreetMap node, or representative mean of vertices of its named building/park footprint."
      }
    },
    {
      "type": "Feature",
      "geometry": {
        "type": "Point",
        "coordinates": [
          153.0351855,
          -27.4750006
        ]
      },
      "properties": {
        "id": "au_qld_st_mary_s_anglican_church_kangaroo_point",
        "name": "St Mary's Anglican Church, Kangaroo Point",
        "record_kind": "catalogue_coordinate",
        "source_dataset": "sites_au_baseline_qld.dataset",
        "source_url": "https://www.openstreetmap.org/way/50544658",
        "licence": "https://opendatacommons.org/licenses/odbl/1-0/",
        "coordinate_method": "Fetched Nominatim representative point for the explicitly selected named OpenStreetMap feature."
      }
    },
    {
      "type": "Feature",
      "geometry": {
        "type": "Point",
        "coordinates": [
          151.9534597,
          -27.5699153
        ]
      },
      "properties": {
        "id": "au_qld_st_patricks_cathedral_toowoomba",
        "name": "St Patrick’s Cathedral Toowoomba",
        "record_kind": "catalogue_coordinate",
        "source_dataset": "sites_au_baseline_qld.dataset",
        "source_url": "https://www.openstreetmap.org/way/742850328",
        "licence": "https://opendatacommons.org/licenses/odbl/1-0/",
        "coordinate_method": "Nominatim representative point for the selected named OpenStreetMap feature"
      }
    },
    {
      "type": "Feature",
      "geometry": {
        "type": "Point",
        "coordinates": [
          144.5791843,
          -18.2215422
        ]
      },
      "properties": {
        "id": "au_qld_stephenson_cave_undara",
        "name": "Stephenson Cave, Undara",
        "record_kind": "catalogue_coordinate",
        "source_dataset": "sites_au_baseline_qld.dataset",
        "source_url": "https://www.openstreetmap.org/node/14071479701",
        "licence": "https://opendatacommons.org/licenses/odbl/1-0/",
        "coordinate_method": "Exact OSM node"
      }
    },
    {
      "type": "Feature",
      "geometry": {
        "type": "Point",
        "coordinates": [
          153.20296468421049,
          -27.914037960526315
        ]
      },
      "properties": {
        "id": "au_qld_tamborine_mountain_botanic_gardens",
        "name": "Tamborine Mountain Botanic Gardens",
        "record_kind": "catalogue_coordinate",
        "source_dataset": "sites_au_baseline_qld.dataset",
        "source_url": "https://www.openstreetmap.org/way/96320538",
        "licence": "https://opendatacommons.org/licenses/odbl/1-0/",
        "coordinate_method": "Fetched named OpenStreetMap node, or representative mean of vertices of its named building/park footprint."
      }
    },
    {
      "type": "Feature",
      "geometry": {
        "type": "Point",
        "coordinates": [
          152.9822939,
          -27.4741669
        ]
      },
      "properties": {
        "id": "au_qld_toowong_cemetery",
        "name": "Toowong Cemetery",
        "record_kind": "catalogue_coordinate",
        "source_dataset": "sites_au_baseline_qld.dataset",
        "source_url": "https://www.openstreetmap.org/way/19142882",
        "licence": "https://opendatacommons.org/licenses/odbl/1-0/",
        "coordinate_method": "Nominatim representative point for the selected named OpenStreetMap feature"
      }
    },
    {
      "type": "Feature",
      "geometry": {
        "type": "Point",
        "coordinates": [
          145.8015989,
          -18.5921254
        ]
      },
      "properties": {
        "id": "au_qld_wallaman_falls",
        "name": "Wallaman Falls",
        "record_kind": "catalogue_coordinate",
        "source_dataset": "sites_au_baseline_qld.dataset",
        "source_url": "https://www.openstreetmap.org/node/2618904133",
        "licence": "https://opendatacommons.org/licenses/odbl/1-0/",
        "coordinate_method": "Nominatim representative point for the selected named OpenStreetMap feature"
      }
    },
    {
      "type": "Feature",
      "geometry": {
        "type": "Point",
        "coordinates": [
          138.6114616,
          -34.9182319
        ]
      },
      "properties": {
        "id": "au_sa_adelaide_botanic_garden",
        "name": "Adelaide Botanic Garden",
        "record_kind": "catalogue_coordinate",
        "source_dataset": "sites_au_baseline_sa.dataset",
        "source_url": "https://www.openstreetmap.org/way/14306406",
        "licence": "https://opendatacommons.org/licenses/odbl/1-0/",
        "coordinate_method": "Nominatim representative point for the selected named OpenStreetMap feature"
      }
    },
    {
      "type": "Feature",
      "geometry": {
        "type": "Point",
        "coordinates": [
          138.6098101,
          -34.9357972
        ]
      },
      "properties": {
        "id": "au_sa_adelaide_himeji_garden",
        "name": "Adelaide Himeji Garden",
        "record_kind": "catalogue_coordinate",
        "source_dataset": "sites_au_baseline_sa.dataset",
        "source_url": "https://www.openstreetmap.org/way/333403457",
        "licence": "https://opendatacommons.org/licenses/odbl/1-0/",
        "coordinate_method": "Nominatim representative point for the selected named OpenStreetMap feature"
      }
    },
    {
      "type": "Feature",
      "geometry": {
        "type": "Point",
        "coordinates": [
          138.5917962,
          -34.934145
        ]
      },
      "properties": {
        "id": "au_sa_adelaide_mosque",
        "name": "Adelaide Mosque",
        "record_kind": "catalogue_coordinate",
        "source_dataset": "sites_au_baseline_sa.dataset",
        "source_url": "https://www.openstreetmap.org/node/1614034144",
        "licence": "https://opendatacommons.org/licenses/odbl/1-0/",
        "coordinate_method": "Fetched Nominatim representative point for the explicitly selected named OpenStreetMap feature."
      }
    },
    {
      "type": "Feature",
      "geometry": {
        "type": "Point",
        "coordinates": [
          136.7047395,
          -36.0632077
        ]
      },
      "properties": {
        "id": "au_sa_admirals_arch",
        "name": "Admirals Arch",
        "record_kind": "catalogue_coordinate",
        "source_dataset": "sites_au_baseline_sa.dataset",
        "source_url": "https://www.openstreetmap.org/node/267904199",
        "licence": "https://opendatacommons.org/licenses/odbl/1-0/",
        "coordinate_method": "Nominatim representative point for the selected named OpenStreetMap feature"
      }
    },
    {
      "type": "Feature",
      "geometry": {
        "type": "Point",
        "coordinates": [
          140.777702,
          -37.8471691
        ]
      },
      "properties": {
        "id": "au_sa_blue_lake_mount_gambier",
        "name": "Blue Lake Mount Gambier",
        "record_kind": "catalogue_coordinate",
        "source_dataset": "sites_au_baseline_sa.dataset",
        "source_url": "https://www.openstreetmap.org/way/41711837",
        "licence": "https://opendatacommons.org/licenses/odbl/1-0/",
        "coordinate_method": "Nominatim representative point for the selected named OpenStreetMap feature"
      }
    },
    {
      "type": "Feature",
      "geometry": {
        "type": "Point",
        "coordinates": [
          140.7724051,
          -37.8206281
        ]
      },
      "properties": {
        "id": "au_sa_engelbrecht_cave",
        "name": "Engelbrecht Cave",
        "record_kind": "catalogue_coordinate",
        "source_dataset": "sites_au_baseline_sa.dataset",
        "source_url": "https://www.openstreetmap.org/node/1536553195",
        "licence": "https://opendatacommons.org/licenses/odbl/1-0/",
        "coordinate_method": "Fetched Nominatim representative point for the explicitly selected named OpenStreetMap feature."
      }
    },
    {
      "type": "Feature",
      "geometry": {
        "type": "Point",
        "coordinates": [
          140.8032516,
          -37.0473316
        ]
      },
      "properties": {
        "id": "au_sa_naracoorte_victoria_fossil_cave",
        "name": "Naracoorte Victoria Fossil Cave",
        "record_kind": "catalogue_coordinate",
        "source_dataset": "sites_au_baseline_sa.dataset",
        "source_url": "https://www.openstreetmap.org/node/1116614660",
        "licence": "https://opendatacommons.org/licenses/odbl/1-0/",
        "coordinate_method": "Nominatim representative point for the selected named OpenStreetMap feature"
      }
    },
    {
      "type": "Feature",
      "geometry": {
        "type": "Point",
        "coordinates": [
          138.6015614,
          -34.9210002
        ]
      },
      "properties": {
        "id": "au_sa_national_war_memorial_adelaide",
        "name": "National War Memorial Adelaide",
        "record_kind": "catalogue_coordinate",
        "source_dataset": "sites_au_baseline_sa.dataset",
        "source_url": "https://www.openstreetmap.org/way/1323085910",
        "licence": "https://opendatacommons.org/licenses/odbl/1-0/",
        "coordinate_method": "Nominatim representative point for the selected named OpenStreetMap feature"
      }
    },
    {
      "type": "Feature",
      "geometry": {
        "type": "Point",
        "coordinates": [
          138.6009094,
          -34.9267114
        ]
      },
      "properties": {
        "id": "au_sa_pilgrim_uniting_church",
        "name": "Pilgrim Uniting Church",
        "record_kind": "catalogue_coordinate",
        "source_dataset": "sites_au_baseline_sa.dataset",
        "source_url": "https://www.openstreetmap.org/way/219644118",
        "licence": "https://opendatacommons.org/licenses/odbl/1-0/",
        "coordinate_method": "Fetched Nominatim representative point for the explicitly selected named OpenStreetMap feature."
      }
    },
    {
      "type": "Feature",
      "geometry": {
        "type": "Point",
        "coordinates": [
          136.7571595,
          -36.0481873
        ]
      },
      "properties": {
        "id": "au_sa_remarkable_rocks_kangaroo_island",
        "name": "Remarkable Rocks Kangaroo Island",
        "record_kind": "catalogue_coordinate",
        "source_dataset": "sites_au_baseline_sa.dataset",
        "source_url": "https://www.openstreetmap.org/node/267904440",
        "licence": "https://opendatacommons.org/licenses/odbl/1-0/",
        "coordinate_method": "Nominatim representative point for the selected named OpenStreetMap feature"
      }
    },
    {
      "type": "Feature",
      "geometry": {
        "type": "Point",
        "coordinates": [
          138.6385690888889,
          -33.88372176666666
        ]
      },
      "properties": {
        "id": "au_sa_st_aloysius_church_sevenhill",
        "name": "St Aloysius' Church, Sevenhill",
        "record_kind": "catalogue_coordinate",
        "source_dataset": "sites_au_baseline_sa.dataset",
        "source_url": "https://www.openstreetmap.org/way/1051387837",
        "licence": "https://opendatacommons.org/licenses/odbl/1-0/",
        "coordinate_method": "Fetched named OpenStreetMap node, or representative mean of vertices of its named building/park footprint."
      }
    },
    {
      "type": "Feature",
      "geometry": {
        "type": "Point",
        "coordinates": [
          138.6014684,
          -34.9288434
        ]
      },
      "properties": {
        "id": "au_sa_st_francis_xavier_cathedral_adelaide",
        "name": "St Francis Xavier Cathedral Adelaide",
        "record_kind": "catalogue_coordinate",
        "source_dataset": "sites_au_baseline_sa.dataset",
        "source_url": "https://www.openstreetmap.org/node/247966123",
        "licence": "https://opendatacommons.org/licenses/odbl/1-0/",
        "coordinate_method": "Nominatim representative point for the selected named OpenStreetMap feature"
      }
    },
    {
      "type": "Feature",
      "geometry": {
        "type": "Point",
        "coordinates": [
          138.51466724117645,
          -34.978498464705886
        ]
      },
      "properties": {
        "id": "au_sa_st_peter_s_church_glenelg",
        "name": "St Peter's Church, Glenelg",
        "record_kind": "catalogue_coordinate",
        "source_dataset": "sites_au_baseline_sa.dataset",
        "source_url": "https://www.openstreetmap.org/way/250691728",
        "licence": "https://opendatacommons.org/licenses/odbl/1-0/",
        "coordinate_method": "Fetched named OpenStreetMap node, or representative mean of vertices of its named building/park footprint."
      }
    },
    {
      "type": "Feature",
      "geometry": {
        "type": "Point",
        "coordinates": [
          138.5982263,
          -34.9128783
        ]
      },
      "properties": {
        "id": "au_sa_st_peters_cathedral_adelaide",
        "name": "St Peter’s Cathedral Adelaide",
        "record_kind": "catalogue_coordinate",
        "source_dataset": "sites_au_baseline_sa.dataset",
        "source_url": "https://www.openstreetmap.org/way/181219964",
        "licence": "https://opendatacommons.org/licenses/odbl/1-0/",
        "coordinate_method": "Nominatim representative point for the selected named OpenStreetMap feature"
      }
    },
    {
      "type": "Feature",
      "geometry": {
        "type": "Point",
        "coordinates": [
          140.8085175,
          -37.8387977
        ]
      },
      "properties": {
        "id": "au_sa_umpherston_sinkhole_balumbul",
        "name": "Umpherston Sinkhole / Balumbul",
        "record_kind": "catalogue_coordinate",
        "source_dataset": "sites_au_baseline_sa.dataset",
        "source_url": "https://www.openstreetmap.org/node/5033348875",
        "licence": "https://opendatacommons.org/licenses/odbl/1-0/",
        "coordinate_method": "Fetched Nominatim representative point for the explicitly selected named OpenStreetMap feature."
      }
    },
    {
      "type": "Feature",
      "geometry": {
        "type": "Point",
        "coordinates": [
          138.5849936,
          -34.9346958
        ]
      },
      "properties": {
        "id": "au_sa_west_terrace_cemetery",
        "name": "West Terrace Cemetery",
        "record_kind": "catalogue_coordinate",
        "source_dataset": "sites_au_baseline_sa.dataset",
        "source_url": "https://www.openstreetmap.org/way/4681553",
        "licence": "https://opendatacommons.org/licenses/odbl/1-0/",
        "coordinate_method": "Nominatim representative point for the selected named OpenStreetMap feature"
      }
    },
    {
      "type": "Feature",
      "geometry": {
        "type": "Point",
        "coordinates": [
          138.6098263,
          -35.0240855
        ]
      },
      "properties": {
        "id": "au_sa_wittunga_botanic_garden",
        "name": "Wittunga Botanic Garden",
        "record_kind": "catalogue_coordinate",
        "source_dataset": "sites_au_baseline_sa.dataset",
        "source_url": "https://www.openstreetmap.org/way/176155039",
        "licence": "https://opendatacommons.org/licenses/odbl/1-0/",
        "coordinate_method": "Fetched representative point for named OSM estate/garden/church feature."
      }
    },
    {
      "type": "Feature",
      "geometry": {
        "type": "Point",
        "coordinates": [
          147.1692397,
          -41.4688912
        ]
      },
      "properties": {
        "id": "au_tas_carr_villa_memorial_park",
        "name": "Carr Villa Memorial Park",
        "record_kind": "catalogue_coordinate",
        "source_dataset": "sites_au_baseline_tas.dataset",
        "source_url": "https://www.openstreetmap.org/way/30706492",
        "licence": "https://opendatacommons.org/licenses/odbl/1-0/",
        "coordinate_method": "Fetched Nominatim representative point for the explicitly selected named OpenStreetMap feature."
      }
    },
    {
      "type": "Feature",
      "geometry": {
        "type": "Point",
        "coordinates": [
          147.2992619,
          -42.8938168
        ]
      },
      "properties": {
        "id": "au_tas_cascades_female_factory",
        "name": "Cascades Female Factory",
        "record_kind": "catalogue_coordinate",
        "source_dataset": "sites_au_baseline_tas.dataset",
        "source_url": "https://www.openstreetmap.org/way/175529088",
        "licence": "https://opendatacommons.org/licenses/odbl/1-0/",
        "coordinate_method": "Nominatim representative point for the selected named OpenStreetMap feature"
      }
    },
    {
      "type": "Feature",
      "geometry": {
        "type": "Point",
        "coordinates": [
          147.3365526,
          -42.8778144
        ]
      },
      "properties": {
        "id": "au_tas_hobart_cenotaph",
        "name": "Hobart Cenotaph",
        "record_kind": "catalogue_coordinate",
        "source_dataset": "sites_au_baseline_tas.dataset",
        "source_url": "https://www.openstreetmap.org/node/301928920",
        "licence": "https://opendatacommons.org/licenses/odbl/1-0/",
        "coordinate_method": "Nominatim representative point for the selected named OpenStreetMap feature"
      }
    },
    {
      "type": "Feature",
      "geometry": {
        "type": "Point",
        "coordinates": [
          147.3281009,
          -42.8796354
        ]
      },
      "properties": {
        "id": "au_tas_hobart_synagogue",
        "name": "Hobart Synagogue",
        "record_kind": "catalogue_coordinate",
        "source_dataset": "sites_au_baseline_tas.dataset",
        "source_url": "https://www.openstreetmap.org/way/326655541",
        "licence": "https://opendatacommons.org/licenses/odbl/1-0/",
        "coordinate_method": "Nominatim representative point for the selected named OpenStreetMap feature"
      }
    },
    {
      "type": "Feature",
      "geometry": {
        "type": "Point",
        "coordinates": [
          147.13970055,
          -41.434447199999994
        ]
      },
      "properties": {
        "id": "au_tas_holy_trinity_church_launceston",
        "name": "Holy Trinity Church Launceston",
        "record_kind": "catalogue_coordinate",
        "source_dataset": "sites_au_baseline_tas.dataset",
        "source_url": "https://www.openstreetmap.org/way/295335129",
        "licence": "https://opendatacommons.org/licenses/odbl/1-0/",
        "coordinate_method": "Centre of OSM building footprint bounds"
      }
    },
    {
      "type": "Feature",
      "geometry": {
        "type": "Point",
        "coordinates": [
          147.1428485,
          -41.4328809
        ]
      },
      "properties": {
        "id": "au_tas_launceston_city_park",
        "name": "Launceston City Park",
        "record_kind": "catalogue_coordinate",
        "source_dataset": "sites_au_baseline_tas.dataset",
        "source_url": "https://www.openstreetmap.org/way/29333468",
        "licence": "https://opendatacommons.org/licenses/odbl/1-0/",
        "coordinate_method": "Nominatim representative point for the selected named OpenStreetMap feature"
      }
    },
    {
      "type": "Feature",
      "geometry": {
        "type": "Point",
        "coordinates": [
          147.2373052,
          -42.896007
        ]
      },
      "properties": {
        "id": "au_tas_mount_wellington_tasmania",
        "name": "Mount Wellington Tasmania",
        "record_kind": "catalogue_coordinate",
        "source_dataset": "sites_au_baseline_tas.dataset",
        "source_url": "https://www.openstreetmap.org/node/123026960",
        "licence": "https://opendatacommons.org/licenses/odbl/1-0/",
        "coordinate_method": "Nominatim representative point for the selected named OpenStreetMap feature"
      }
    },
    {
      "type": "Feature",
      "geometry": {
        "type": "Point",
        "coordinates": [
          147.1404401,
          -41.4404841
        ]
      },
      "properties": {
        "id": "au_tas_princes_square_launceston",
        "name": "Princes Square, Launceston",
        "record_kind": "catalogue_coordinate",
        "source_dataset": "sites_au_baseline_tas.dataset",
        "source_url": "https://www.openstreetmap.org/way/30706685",
        "licence": "https://opendatacommons.org/licenses/odbl/1-0/",
        "coordinate_method": "Fetched Nominatim representative point for the explicitly selected named OpenStreetMap feature."
      }
    },
    {
      "type": "Feature",
      "geometry": {
        "type": "Point",
        "coordinates": [
          147.4411267,
          -42.7317854
        ]
      },
      "properties": {
        "id": "au_tas_richmond_st_johns_church_tasmania",
        "name": "Richmond St John’s Church Tasmania",
        "record_kind": "catalogue_coordinate",
        "source_dataset": "sites_au_baseline_tas.dataset",
        "source_url": "https://www.openstreetmap.org/way/1011301504",
        "licence": "https://opendatacommons.org/licenses/odbl/1-0/",
        "coordinate_method": "Centre of OSM building footprint bounds"
      }
    },
    {
      "type": "Feature",
      "geometry": {
        "type": "Point",
        "coordinates": [
          147.3295902,
          -42.863493
        ]
      },
      "properties": {
        "id": "au_tas_royal_tasmanian_botanical_gardens",
        "name": "Royal Tasmanian Botanical Gardens",
        "record_kind": "catalogue_coordinate",
        "source_dataset": "sites_au_baseline_tas.dataset",
        "source_url": "https://www.openstreetmap.org/way/60305733",
        "licence": "https://opendatacommons.org/licenses/odbl/1-0/",
        "coordinate_method": "Nominatim representative point for the selected named OpenStreetMap feature"
      }
    },
    {
      "type": "Feature",
      "geometry": {
        "type": "Point",
        "coordinates": [
          147.3284008,
          -42.8835333
        ]
      },
      "properties": {
        "id": "au_tas_st_davids_cathedral_hobart",
        "name": "St David’s Cathedral Hobart",
        "record_kind": "catalogue_coordinate",
        "source_dataset": "sites_au_baseline_tas.dataset",
        "source_url": "https://www.openstreetmap.org/way/291095573",
        "licence": "https://opendatacommons.org/licenses/odbl/1-0/",
        "coordinate_method": "Nominatim representative point for the selected named OpenStreetMap feature"
      }
    },
    {
      "type": "Feature",
      "geometry": {
        "type": "Point",
        "coordinates": [
          147.3320971,
          -42.8915168
        ]
      },
      "properties": {
        "id": "au_tas_st_georges_church_battery_point",
        "name": "St George’s Church Battery Point",
        "record_kind": "catalogue_coordinate",
        "source_dataset": "sites_au_baseline_tas.dataset",
        "source_url": "https://www.openstreetmap.org/way/172806141",
        "licence": "https://opendatacommons.org/licenses/odbl/1-0/",
        "coordinate_method": "Nominatim representative point for the selected named OpenStreetMap feature"
      }
    },
    {
      "type": "Feature",
      "geometry": {
        "type": "Point",
        "coordinates": [
          147.1414913,
          -41.4397064
        ]
      },
      "properties": {
        "id": "au_tas_st_john_s_anglican_church_launceston",
        "name": "St John's Anglican Church, Launceston",
        "record_kind": "catalogue_coordinate",
        "source_dataset": "sites_au_baseline_tas.dataset",
        "source_url": "https://www.openstreetmap.org/node/612762787",
        "licence": "https://opendatacommons.org/licenses/odbl/1-0/",
        "coordinate_method": "Fetched named OpenStreetMap node, or representative mean of vertices of its named building/park footprint."
      }
    },
    {
      "type": "Feature",
      "geometry": {
        "type": "Point",
        "coordinates": [
          147.2970337,
          -42.8548976
        ]
      },
      "properties": {
        "id": "au_tas_st_john_s_anglican_church_new_town",
        "name": "St John's Anglican Church, New Town",
        "record_kind": "catalogue_coordinate",
        "source_dataset": "sites_au_baseline_tas.dataset",
        "source_url": "https://www.openstreetmap.org/node/98602131",
        "licence": "https://opendatacommons.org/licenses/odbl/1-0/",
        "coordinate_method": "Fetched exact OpenStreetMap place node; church display name cross-referenced against primary parish identity where applicable."
      }
    },
    {
      "type": "Feature",
      "geometry": {
        "type": "Point",
        "coordinates": [
          147.4390579,
          -42.7384547
        ]
      },
      "properties": {
        "id": "au_tas_st_luke_s_anglican_church_richmond",
        "name": "St Luke's Anglican Church, Richmond",
        "record_kind": "catalogue_coordinate",
        "source_dataset": "sites_au_baseline_tas.dataset",
        "source_url": "https://www.openstreetmap.org/way/1011336946",
        "licence": "https://opendatacommons.org/licenses/odbl/1-0/",
        "coordinate_method": "Fetched Nominatim representative point for the explicitly selected named OpenStreetMap feature."
      }
    },
    {
      "type": "Feature",
      "geometry": {
        "type": "Point",
        "coordinates": [
          147.3192743,
          -42.881125
        ]
      },
      "properties": {
        "id": "au_tas_st_marys_cathedral_hobart",
        "name": "St Mary’s Cathedral Hobart",
        "record_kind": "catalogue_coordinate",
        "source_dataset": "sites_au_baseline_tas.dataset",
        "source_url": "https://www.openstreetmap.org/node/1824934401",
        "licence": "https://opendatacommons.org/licenses/odbl/1-0/",
        "coordinate_method": "Nominatim representative point for the selected named OpenStreetMap feature"
      }
    },
    {
      "type": "Feature",
      "geometry": {
        "type": "Point",
        "coordinates": [
          147.2597706,
          -42.9218125
        ]
      },
      "properties": {
        "id": "au_tas_st_raphael_s_church_fern_tree",
        "name": "St Raphael's Church, Fern Tree",
        "record_kind": "catalogue_coordinate",
        "source_dataset": "sites_au_baseline_tas.dataset",
        "source_url": "https://www.openstreetmap.org/way/1050732535",
        "licence": "https://opendatacommons.org/licenses/odbl/1-0/",
        "coordinate_method": "Fetched Nominatim representative point for the explicitly selected named OpenStreetMap feature."
      }
    },
    {
      "type": "Feature",
      "geometry": {
        "type": "Point",
        "coordinates": [
          145.359365,
          -37.874713
        ]
      },
      "properties": {
        "id": "au_vic_alfred_nicholas_memorial_gardens",
        "name": "Alfred Nicholas Memorial Gardens",
        "record_kind": "catalogue_coordinate",
        "source_dataset": "sites_au_baseline_vic.dataset",
        "source_url": "https://www.openstreetmap.org/way/46096628",
        "licence": "https://opendatacommons.org/licenses/odbl/1-0/",
        "coordinate_method": "Fetched Nominatim representative point for the explicitly selected named OpenStreetMap feature."
      }
    },
    {
      "type": "Feature",
      "geometry": {
        "type": "Point",
        "coordinates": [
          143.8132635,
          -37.5533023
        ]
      },
      "properties": {
        "id": "au_vic_arch_of_victory_ballarat",
        "name": "Arch of Victory Ballarat",
        "record_kind": "catalogue_coordinate",
        "source_dataset": "sites_au_baseline_vic.dataset",
        "source_url": "https://www.openstreetmap.org/way/1281042393",
        "licence": "https://opendatacommons.org/licenses/odbl/1-0/",
        "coordinate_method": "Nominatim representative point for the selected named OpenStreetMap feature"
      }
    },
    {
      "type": "Feature",
      "geometry": {
        "type": "Point",
        "coordinates": [
          143.821442,
          -37.5481507
        ]
      },
      "properties": {
        "id": "au_vic_ballarat_botanical_gardens",
        "name": "Ballarat Botanical Gardens",
        "record_kind": "catalogue_coordinate",
        "source_dataset": "sites_au_baseline_vic.dataset",
        "source_url": "https://www.openstreetmap.org/way/42156883",
        "licence": "https://opendatacommons.org/licenses/odbl/1-0/",
        "coordinate_method": "Nominatim representative point for the selected named OpenStreetMap feature"
      }
    },
    {
      "type": "Feature",
      "geometry": {
        "type": "Point",
        "coordinates": [
          143.8490285,
          -37.5482186
        ]
      },
      "properties": {
        "id": "au_vic_ballarat_old_cemetery",
        "name": "Ballarat Old Cemetery",
        "record_kind": "catalogue_coordinate",
        "source_dataset": "sites_au_baseline_vic.dataset",
        "source_url": "https://www.openstreetmap.org/way/51071874",
        "licence": "https://opendatacommons.org/licenses/odbl/1-0/",
        "coordinate_method": "Fetched Nominatim representative point for the explicitly selected named OpenStreetMap feature."
      }
    },
    {
      "type": "Feature",
      "geometry": {
        "type": "Point",
        "coordinates": [
          144.2829409,
          -36.7791969
        ]
      },
      "properties": {
        "id": "au_vic_bendigo_cemetery",
        "name": "Bendigo Cemetery",
        "record_kind": "catalogue_coordinate",
        "source_dataset": "sites_au_baseline_vic.dataset",
        "source_url": "https://www.openstreetmap.org/way/172856066",
        "licence": "https://opendatacommons.org/licenses/odbl/1-0/",
        "coordinate_method": "Fetched Nominatim representative point for the explicitly selected named OpenStreetMap feature."
      }
    },
    {
      "type": "Feature",
      "geometry": {
        "type": "Point",
        "coordinates": [
          144.291168,
          -36.73958
        ]
      },
      "properties": {
        "id": "au_vic_bendigo_joss_house_temple",
        "name": "Bendigo Joss House Temple",
        "record_kind": "catalogue_coordinate",
        "source_dataset": "sites_au_baseline_vic.dataset",
        "source_url": "https://www.openstreetmap.org/way/797219639",
        "licence": "https://opendatacommons.org/licenses/odbl/1-0/",
        "coordinate_method": "Nominatim representative point for the selected named OpenStreetMap feature"
      }
    },
    {
      "type": "Feature",
      "geometry": {
        "type": "Point",
        "coordinates": [
          143.5118194,
          -38.8567813
        ]
      },
      "properties": {
        "id": "au_vic_cape_otway_lighthouse",
        "name": "Cape Otway Lighthouse",
        "record_kind": "catalogue_coordinate",
        "source_dataset": "sites_au_baseline_vic.dataset",
        "source_url": "https://www.openstreetmap.org/way/533892694",
        "licence": "https://opendatacommons.org/licenses/odbl/1-0/",
        "coordinate_method": "Nominatim representative point for the selected named OpenStreetMap feature"
      }
    },
    {
      "type": "Feature",
      "geometry": {
        "type": "Point",
        "coordinates": [
          144.3585533,
          -38.1532279
        ]
      },
      "properties": {
        "id": "au_vic_christ_church_geelong",
        "name": "Christ Church Geelong",
        "record_kind": "catalogue_coordinate",
        "source_dataset": "sites_au_baseline_vic.dataset",
        "source_url": "https://www.openstreetmap.org/way/266728208",
        "licence": "https://opendatacommons.org/licenses/odbl/1-0/",
        "coordinate_method": "Nominatim representative point for the selected named OpenStreetMap feature"
      }
    },
    {
      "type": "Feature",
      "geometry": {
        "type": "Point",
        "coordinates": [
          143.9132314,
          -38.5067063
        ]
      },
      "properties": {
        "id": "au_vic_erskine_falls",
        "name": "Erskine Falls",
        "record_kind": "catalogue_coordinate",
        "source_dataset": "sites_au_baseline_vic.dataset",
        "source_url": "https://www.openstreetmap.org/node/1559034104",
        "licence": "https://opendatacommons.org/licenses/odbl/1-0/",
        "coordinate_method": "Nominatim representative point for the selected named OpenStreetMap feature"
      }
    },
    {
      "type": "Feature",
      "geometry": {
        "type": "Point",
        "coordinates": [
          144.9805054,
          -37.812684
        ]
      },
      "properties": {
        "id": "au_vic_fitzroy_gardens_melbourne",
        "name": "Fitzroy Gardens Melbourne",
        "record_kind": "catalogue_coordinate",
        "source_dataset": "sites_au_baseline_vic.dataset",
        "source_url": "https://www.openstreetmap.org/way/4817020",
        "licence": "https://opendatacommons.org/licenses/odbl/1-0/",
        "coordinate_method": "Nominatim representative point for the selected named OpenStreetMap feature"
      }
    },
    {
      "type": "Feature",
      "geometry": {
        "type": "Point",
        "coordinates": [
          144.3778358,
          -38.1500836
        ]
      },
      "properties": {
        "id": "au_vic_geelong_botanic_gardens",
        "name": "Geelong Botanic Gardens",
        "record_kind": "catalogue_coordinate",
        "source_dataset": "sites_au_baseline_vic.dataset",
        "source_url": "https://www.openstreetmap.org/way/49977799",
        "licence": "https://opendatacommons.org/licenses/odbl/1-0/",
        "coordinate_method": "Nominatim representative point for the selected named OpenStreetMap feature"
      }
    },
    {
      "type": "Feature",
      "geometry": {
        "type": "Point",
        "coordinates": [
          144.3829506,
          -38.1644692
        ]
      },
      "properties": {
        "id": "au_vic_geelong_eastern_cemetery",
        "name": "Geelong Eastern Cemetery",
        "record_kind": "catalogue_coordinate",
        "source_dataset": "sites_au_baseline_vic.dataset",
        "source_url": "https://www.openstreetmap.org/way/37814913",
        "licence": "https://opendatacommons.org/licenses/odbl/1-0/",
        "coordinate_method": "Fetched Nominatim representative point for the explicitly selected named OpenStreetMap feature."
      }
    },
    {
      "type": "Feature",
      "geometry": {
        "type": "Point",
        "coordinates": [
          145.3659128,
          -37.8801735
        ]
      },
      "properties": {
        "id": "au_vic_george_tindale_memorial_gardens",
        "name": "George Tindale Memorial Gardens",
        "record_kind": "catalogue_coordinate",
        "source_dataset": "sites_au_baseline_vic.dataset",
        "source_url": "https://www.openstreetmap.org/way/328324217",
        "licence": "https://opendatacommons.org/licenses/odbl/1-0/",
        "coordinate_method": "Fetched Nominatim representative point for the explicitly selected named OpenStreetMap feature."
      }
    },
    {
      "type": "Feature",
      "geometry": {
        "type": "Point",
        "coordinates": [
          144.18686305,
          -36.720131249999994
        ]
      },
      "properties": {
        "id": "au_vic_great_stupa_of_universal_compassion_bendigo",
        "name": "Great Stupa of Universal Compassion Bendigo",
        "record_kind": "catalogue_coordinate",
        "source_dataset": "sites_au_baseline_vic.dataset",
        "source_url": "https://www.openstreetmap.org/way/479191538",
        "licence": "https://opendatacommons.org/licenses/odbl/1-0/",
        "coordinate_method": "Bounds centre of the complete named OSM footprint"
      }
    },
    {
      "type": "Feature",
      "geometry": {
        "type": "Point",
        "coordinates": [
          144.5951447,
          -37.3300241
        ]
      },
      "properties": {
        "id": "au_vic_hanging_rock_victoria",
        "name": "Hanging Rock Victoria",
        "record_kind": "catalogue_coordinate",
        "source_dataset": "sites_au_baseline_vic.dataset",
        "source_url": "https://www.openstreetmap.org/node/276650490",
        "licence": "https://opendatacommons.org/licenses/odbl/1-0/",
        "coordinate_method": "Nominatim representative point for the selected named OpenStreetMap feature"
      }
    },
    {
      "type": "Feature",
      "geometry": {
        "type": "Point",
        "coordinates": [
          143.0699185,
          -38.6470373
        ]
      },
      "properties": {
        "id": "au_vic_loch_ard_gorge",
        "name": "Loch Ard Gorge",
        "record_kind": "catalogue_coordinate",
        "source_dataset": "sites_au_baseline_vic.dataset",
        "source_url": "https://www.openstreetmap.org/node/445537293",
        "licence": "https://opendatacommons.org/licenses/odbl/1-0/",
        "coordinate_method": "Nominatim representative point for the selected named OpenStreetMap feature"
      }
    },
    {
      "type": "Feature",
      "geometry": {
        "type": "Point",
        "coordinates": [
          142.4091787,
          -37.1109608
        ]
      },
      "properties": {
        "id": "au_vic_mackenzie_falls_victoria",
        "name": "MacKenzie Falls Victoria",
        "record_kind": "catalogue_coordinate",
        "source_dataset": "sites_au_baseline_vic.dataset",
        "source_url": "https://www.openstreetmap.org/node/6904653426",
        "licence": "https://opendatacommons.org/licenses/odbl/1-0/",
        "coordinate_method": "Nominatim representative point for the selected named OpenStreetMap feature"
      }
    },
    {
      "type": "Feature",
      "geometry": {
        "type": "Point",
        "coordinates": [
          144.9655604,
          -37.7890916
        ]
      },
      "properties": {
        "id": "au_vic_melbourne_general_cemetery",
        "name": "Melbourne General Cemetery",
        "record_kind": "catalogue_coordinate",
        "source_dataset": "sites_au_baseline_vic.dataset",
        "source_url": "https://www.openstreetmap.org/way/4990457",
        "licence": "https://opendatacommons.org/licenses/odbl/1-0/",
        "coordinate_method": "Nominatim representative point for the selected named OpenStreetMap feature"
      }
    },
    {
      "type": "Feature",
      "geometry": {
        "type": "Point",
        "coordinates": [
          144.5768689,
          -37.389522
        ]
      },
      "properties": {
        "id": "au_vic_mount_macedon_memorial_cross",
        "name": "Mount Macedon Memorial Cross",
        "record_kind": "catalogue_coordinate",
        "source_dataset": "sites_au_baseline_vic.dataset",
        "source_url": "https://www.openstreetmap.org/way/1235136297",
        "licence": "https://opendatacommons.org/licenses/odbl/1-0/",
        "coordinate_method": "Nominatim representative point for the selected named OpenStreetMap feature"
      }
    },
    {
      "type": "Feature",
      "geometry": {
        "type": "Point",
        "coordinates": [
          142.6011151,
          -37.2927314
        ]
      },
      "properties": {
        "id": "au_vic_mount_william_grampians",
        "name": "Mount William Grampians",
        "record_kind": "catalogue_coordinate",
        "source_dataset": "sites_au_baseline_vic.dataset",
        "source_url": "https://www.openstreetmap.org/node/701715606",
        "licence": "https://opendatacommons.org/licenses/odbl/1-0/",
        "coordinate_method": "Exact OSM node"
      }
    },
    {
      "type": "Feature",
      "geometry": {
        "type": "Point",
        "coordinates": [
          141.8449475,
          -36.7609789
        ]
      },
      "properties": {
        "id": "au_vic_organ_pipes_victoria",
        "name": "Organ Pipes Victoria",
        "record_kind": "catalogue_coordinate",
        "source_dataset": "sites_au_baseline_vic.dataset",
        "source_url": "https://www.openstreetmap.org/way/404829532",
        "licence": "https://opendatacommons.org/licenses/odbl/1-0/",
        "coordinate_method": "Nominatim representative point for the selected named OpenStreetMap feature"
      }
    },
    {
      "type": "Feature",
      "geometry": {
        "type": "Point",
        "coordinates": [
          149.2755534,
          -37.8019218
        ]
      },
      "properties": {
        "id": "au_vic_point_hicks_lighthouse",
        "name": "Point Hicks Lighthouse",
        "record_kind": "catalogue_coordinate",
        "source_dataset": "sites_au_baseline_vic.dataset",
        "source_url": "https://www.openstreetmap.org/node/533899305",
        "licence": "https://opendatacommons.org/licenses/odbl/1-0/",
        "coordinate_method": "Nominatim representative point for the selected named OpenStreetMap feature"
      }
    },
    {
      "type": "Feature",
      "geometry": {
        "type": "Point",
        "coordinates": [
          141.611172175,
          -38.35411254166666
        ]
      },
      "properties": {
        "id": "au_vic_portland_botanic_gardens",
        "name": "Portland Botanic Gardens",
        "record_kind": "catalogue_coordinate",
        "source_dataset": "sites_au_baseline_vic.dataset",
        "source_url": "https://www.openstreetmap.org/way/359983828",
        "licence": "https://opendatacommons.org/licenses/odbl/1-0/",
        "coordinate_method": "Fetched named OpenStreetMap node, or representative mean of vertices of its named building/park footprint."
      }
    },
    {
      "type": "Feature",
      "geometry": {
        "type": "Point",
        "coordinates": [
          144.9989282,
          -37.8798059
        ]
      },
      "properties": {
        "id": "au_vic_rippon_lea_estate",
        "name": "Rippon Lea Estate",
        "record_kind": "catalogue_coordinate",
        "source_dataset": "sites_au_baseline_vic.dataset",
        "source_url": "https://www.openstreetmap.org/way/27858621",
        "licence": "https://opendatacommons.org/licenses/odbl/1-0/",
        "coordinate_method": "Nominatim representative point for the selected named OpenStreetMap feature"
      }
    },
    {
      "type": "Feature",
      "geometry": {
        "type": "Point",
        "coordinates": [
          144.2786014,
          -36.7572547
        ]
      },
      "properties": {
        "id": "au_vic_rosalind_park",
        "name": "Rosalind Park",
        "record_kind": "catalogue_coordinate",
        "source_dataset": "sites_au_baseline_vic.dataset",
        "source_url": "https://www.openstreetmap.org/way/144035839",
        "licence": "https://opendatacommons.org/licenses/odbl/1-0/",
        "coordinate_method": "Fetched Nominatim representative point for the explicitly selected named OpenStreetMap feature."
      }
    },
    {
      "type": "Feature",
      "geometry": {
        "type": "Point",
        "coordinates": [
          144.9813155,
          -37.8294561
        ]
      },
      "properties": {
        "id": "au_vic_royal_botanic_gardens_melbourne",
        "name": "Royal Botanic Gardens Melbourne",
        "record_kind": "catalogue_coordinate",
        "source_dataset": "sites_au_baseline_vic.dataset",
        "source_url": "https://www.openstreetmap.org/way/45422277",
        "licence": "https://opendatacommons.org/licenses/odbl/1-0/",
        "coordinate_method": "Nominatim representative point for the selected named OpenStreetMap feature"
      }
    },
    {
      "type": "Feature",
      "geometry": {
        "type": "Point",
        "coordinates": [
          148.1619103,
          -37.4991893
        ]
      },
      "properties": {
        "id": "au_vic_royal_cave_buchan",
        "name": "Royal Cave, Buchan",
        "record_kind": "catalogue_coordinate",
        "source_dataset": "sites_au_baseline_vic.dataset",
        "source_url": "https://www.openstreetmap.org/node/1210092753",
        "licence": "https://opendatacommons.org/licenses/odbl/1-0/",
        "coordinate_method": "Nominatim representative point for the selected named OpenStreetMap feature"
      }
    },
    {
      "type": "Feature",
      "geometry": {
        "type": "Point",
        "coordinates": [
          144.2740327,
          -36.7600648
        ]
      },
      "properties": {
        "id": "au_vic_sacred_heart_cathedral_bendigo",
        "name": "Sacred Heart Cathedral Bendigo",
        "record_kind": "catalogue_coordinate",
        "source_dataset": "sites_au_baseline_vic.dataset",
        "source_url": "https://www.openstreetmap.org/way/289172814",
        "licence": "https://opendatacommons.org/licenses/odbl/1-0/",
        "coordinate_method": "Nominatim representative point for the selected named OpenStreetMap feature"
      }
    },
    {
      "type": "Feature",
      "geometry": {
        "type": "Point",
        "coordinates": [
          144.9734474,
          -37.8305311
        ]
      },
      "properties": {
        "id": "au_vic_shrine_of_remembrance_melbourne",
        "name": "Shrine of Remembrance Melbourne",
        "record_kind": "catalogue_coordinate",
        "source_dataset": "sites_au_baseline_vic.dataset",
        "source_url": "https://www.openstreetmap.org/way/24590190",
        "licence": "https://opendatacommons.org/licenses/odbl/1-0/",
        "coordinate_method": "Nominatim representative point for the selected named OpenStreetMap feature"
      }
    },
    {
      "type": "Feature",
      "geometry": {
        "type": "Point",
        "coordinates": [
          144.95244417647058,
          -37.810053141176475
        ]
      },
      "properties": {
        "id": "au_vic_st_james_old_cathedral",
        "name": "St James Old Cathedral",
        "record_kind": "catalogue_coordinate",
        "source_dataset": "sites_au_baseline_vic.dataset",
        "source_url": "https://www.openstreetmap.org/way/26431244",
        "licence": "https://opendatacommons.org/licenses/odbl/1-0/",
        "coordinate_method": "Fetched named OpenStreetMap node, or representative mean of vertices of its named building/park footprint."
      }
    },
    {
      "type": "Feature",
      "geometry": {
        "type": "Point",
        "coordinates": [
          144.98397285,
          -37.87084325
        ]
      },
      "properties": {
        "id": "au_vic_st_kilda_botanical_gardens",
        "name": "St Kilda Botanical Gardens",
        "record_kind": "catalogue_coordinate",
        "source_dataset": "sites_au_baseline_vic.dataset",
        "source_url": "https://www.openstreetmap.org/way/15479037",
        "licence": "https://opendatacommons.org/licenses/odbl/1-0/",
        "coordinate_method": "Bounds centre of the complete named OSM footprint"
      }
    },
    {
      "type": "Feature",
      "geometry": {
        "type": "Point",
        "coordinates": [
          144.3603015,
          -38.1526711
        ]
      },
      "properties": {
        "id": "au_vic_st_mary_of_the_angels_basilica_geelong",
        "name": "St Mary of the Angels Basilica Geelong",
        "record_kind": "catalogue_coordinate",
        "source_dataset": "sites_au_baseline_vic.dataset",
        "source_url": "https://www.openstreetmap.org/way/266728083",
        "licence": "https://opendatacommons.org/licenses/odbl/1-0/",
        "coordinate_method": "Nominatim representative point for the selected named OpenStreetMap feature"
      }
    },
    {
      "type": "Feature",
      "geometry": {
        "type": "Point",
        "coordinates": [
          143.8524181,
          -37.5623494
        ]
      },
      "properties": {
        "id": "au_vic_st_patricks_cathedral_ballarat",
        "name": "St Patrick’s Cathedral Ballarat",
        "record_kind": "catalogue_coordinate",
        "source_dataset": "sites_au_baseline_vic.dataset",
        "source_url": "https://www.openstreetmap.org/way/126475433",
        "licence": "https://opendatacommons.org/licenses/odbl/1-0/",
        "coordinate_method": "Nominatim representative point for the selected named OpenStreetMap feature"
      }
    },
    {
      "type": "Feature",
      "geometry": {
        "type": "Point",
        "coordinates": [
          144.976404,
          -37.8101517
        ]
      },
      "properties": {
        "id": "au_vic_st_patricks_cathedral_melbourne",
        "name": "St Patrick’s Cathedral Melbourne",
        "record_kind": "catalogue_coordinate",
        "source_dataset": "sites_au_baseline_vic.dataset",
        "source_url": "https://www.openstreetmap.org/way/155809136",
        "licence": "https://opendatacommons.org/licenses/odbl/1-0/",
        "coordinate_method": "Nominatim representative point for the selected named OpenStreetMap feature"
      }
    },
    {
      "type": "Feature",
      "geometry": {
        "type": "Point",
        "coordinates": [
          143.8666802,
          -37.5632949
        ]
      },
      "properties": {
        "id": "au_vic_st_paul_s_church_ballarat",
        "name": "St Paul's Church, Ballarat",
        "record_kind": "catalogue_coordinate",
        "source_dataset": "sites_au_baseline_vic.dataset",
        "source_url": "https://www.openstreetmap.org/way/150013415",
        "licence": "https://opendatacommons.org/licenses/odbl/1-0/",
        "coordinate_method": "Fetched Nominatim representative point for the explicitly selected named OpenStreetMap feature."
      }
    },
    {
      "type": "Feature",
      "geometry": {
        "type": "Point",
        "coordinates": [
          144.9676497,
          -37.816874
        ]
      },
      "properties": {
        "id": "au_vic_st_pauls_cathedral_melbourne",
        "name": "St Paul’s Cathedral Melbourne",
        "record_kind": "catalogue_coordinate",
        "source_dataset": "sites_au_baseline_vic.dataset",
        "source_url": "https://www.openstreetmap.org/way/13127644",
        "licence": "https://opendatacommons.org/licenses/odbl/1-0/",
        "coordinate_method": "Nominatim representative point for the selected named OpenStreetMap feature"
      }
    },
    {
      "type": "Feature",
      "geometry": {
        "type": "Point",
        "coordinates": [
          146.0499962,
          -37.8481285
        ]
      },
      "properties": {
        "id": "au_vic_toorongo_falls",
        "name": "Toorongo Falls",
        "record_kind": "catalogue_coordinate",
        "source_dataset": "sites_au_baseline_vic.dataset",
        "source_url": "https://www.openstreetmap.org/node/6355829985",
        "licence": "https://opendatacommons.org/licenses/odbl/1-0/",
        "coordinate_method": "Nominatim representative point for the selected named OpenStreetMap feature"
      }
    },
    {
      "type": "Feature",
      "geometry": {
        "type": "Point",
        "coordinates": [
          143.0933579,
          -38.6602846
        ]
      },
      "properties": {
        "id": "au_vic_twelve_apostles_victoria",
        "name": "Twelve Apostles Victoria",
        "record_kind": "catalogue_coordinate",
        "source_dataset": "sites_au_baseline_vic.dataset",
        "source_url": "https://www.openstreetmap.org/way/658654473",
        "licence": "https://opendatacommons.org/licenses/odbl/1-0/",
        "coordinate_method": "Nominatim representative point for the selected named OpenStreetMap feature"
      }
    },
    {
      "type": "Feature",
      "geometry": {
        "type": "Point",
        "coordinates": [
          144.6708017,
          -37.9308551
        ]
      },
      "properties": {
        "id": "au_vic_werribee_park",
        "name": "Werribee Park",
        "record_kind": "catalogue_coordinate",
        "source_dataset": "sites_au_baseline_vic.dataset",
        "source_url": "https://www.openstreetmap.org/way/77724396",
        "licence": "https://opendatacommons.org/licenses/odbl/1-0/",
        "coordinate_method": "Fetched Nominatim representative point for the explicitly selected named OpenStreetMap feature."
      }
    },
    {
      "type": "Feature",
      "geometry": {
        "type": "Point",
        "coordinates": [
          145.3554407,
          -37.832679
        ]
      },
      "properties": {
        "id": "au_vic_william_ricketts_sanctuary",
        "name": "William Ricketts Sanctuary",
        "record_kind": "catalogue_coordinate",
        "source_dataset": "sites_au_baseline_vic.dataset",
        "source_url": "https://www.openstreetmap.org/relation/9212911",
        "licence": "https://opendatacommons.org/licenses/odbl/1-0/",
        "coordinate_method": "Fetched Nominatim representative point for the explicitly selected named OpenStreetMap feature."
      }
    },
    {
      "type": "Feature",
      "geometry": {
        "type": "Point",
        "coordinates": [
          116.0060971,
          -32.4164693
        ]
      },
      "properties": {
        "id": "au_wa_bodhinyana_monastery",
        "name": "Bodhinyana Monastery",
        "record_kind": "catalogue_coordinate",
        "source_dataset": "sites_au_baseline_wa.dataset",
        "source_url": "https://www.openstreetmap.org/way/556490914",
        "licence": "https://opendatacommons.org/licenses/odbl/1-0/",
        "coordinate_method": "Nominatim representative point for the selected named OpenStreetMap feature"
      }
    },
    {
      "type": "Feature",
      "geometry": {
        "type": "Point",
        "coordinates": [
          115.1363318,
          -34.3749868
        ]
      },
      "properties": {
        "id": "au_wa_cape_leeuwin_lighthouse",
        "name": "Cape Leeuwin Lighthouse",
        "record_kind": "catalogue_coordinate",
        "source_dataset": "sites_au_baseline_wa.dataset",
        "source_url": "https://www.openstreetmap.org/way/219412341",
        "licence": "https://opendatacommons.org/licenses/odbl/1-0/",
        "coordinate_method": "Nominatim representative point for the selected named OpenStreetMap feature"
      }
    },
    {
      "type": "Feature",
      "geometry": {
        "type": "Point",
        "coordinates": [
          115.018737,
          -33.5373597
        ]
      },
      "properties": {
        "id": "au_wa_cape_naturaliste_lighthouse",
        "name": "Cape Naturaliste Lighthouse",
        "record_kind": "catalogue_coordinate",
        "source_dataset": "sites_au_baseline_wa.dataset",
        "source_url": "https://www.openstreetmap.org/node/1191177652",
        "licence": "https://opendatacommons.org/licenses/odbl/1-0/",
        "coordinate_method": "Nominatim representative point for the selected named OpenStreetMap feature"
      }
    },
    {
      "type": "Feature",
      "geometry": {
        "type": "Point",
        "coordinates": [
          115.8786786,
          -31.9558289
        ]
      },
      "properties": {
        "id": "au_wa_east_perth_cemeteries",
        "name": "East Perth Cemeteries",
        "record_kind": "catalogue_coordinate",
        "source_dataset": "sites_au_baseline_wa.dataset",
        "source_url": "https://www.openstreetmap.org/way/4791440",
        "licence": "https://opendatacommons.org/licenses/odbl/1-0/",
        "coordinate_method": "Fetched Nominatim representative point for the explicitly selected named OpenStreetMap feature."
      }
    },
    {
      "type": "Feature",
      "geometry": {
        "type": "Point",
        "coordinates": [
          115.7837684,
          -32.052537
        ]
      },
      "properties": {
        "id": "au_wa_fremantle_cemetery",
        "name": "Fremantle Cemetery",
        "record_kind": "catalogue_coordinate",
        "source_dataset": "sites_au_baseline_wa.dataset",
        "source_url": "https://www.openstreetmap.org/way/8048624",
        "licence": "https://opendatacommons.org/licenses/odbl/1-0/",
        "coordinate_method": "Nominatim representative point for the selected named OpenStreetMap feature"
      }
    },
    {
      "type": "Feature",
      "geometry": {
        "type": "Point",
        "coordinates": [
          115.7412735,
          -32.056119
        ]
      },
      "properties": {
        "id": "au_wa_fremantle_round_house",
        "name": "Fremantle Round House",
        "record_kind": "catalogue_coordinate",
        "source_dataset": "sites_au_baseline_wa.dataset",
        "source_url": "https://www.openstreetmap.org/way/49965210",
        "licence": "https://opendatacommons.org/licenses/odbl/1-0/",
        "coordinate_method": "Nominatim representative point for the selected named OpenStreetMap feature"
      }
    },
    {
      "type": "Feature",
      "geometry": {
        "type": "Point",
        "coordinates": [
          114.6293035,
          -28.3528842
        ]
      },
      "properties": {
        "id": "au_wa_holy_trinity_church_northampton",
        "name": "Holy Trinity Church, Northampton",
        "record_kind": "catalogue_coordinate",
        "source_dataset": "sites_au_baseline_wa.dataset",
        "source_url": "https://www.openstreetmap.org/way/853568428",
        "licence": "https://opendatacommons.org/licenses/odbl/1-0/",
        "coordinate_method": "Fetched Nominatim representative point for the explicitly selected named OpenStreetMap feature."
      }
    },
    {
      "type": "Feature",
      "geometry": {
        "type": "Point",
        "coordinates": [
          116.7723639,
          -31.886499
        ]
      },
      "properties": {
        "id": "au_wa_holy_trinity_church_york",
        "name": "Holy Trinity Church, York",
        "record_kind": "catalogue_coordinate",
        "source_dataset": "sites_au_baseline_wa.dataset",
        "source_url": "https://www.openstreetmap.org/way/707960185",
        "licence": "https://opendatacommons.org/licenses/odbl/1-0/",
        "coordinate_method": "Fetched Nominatim representative point for the explicitly selected named OpenStreetMap feature."
      }
    },
    {
      "type": "Feature",
      "geometry": {
        "type": "Point",
        "coordinates": [
          115.098027,
          -34.2739715
        ]
      },
      "properties": {
        "id": "au_wa_jewel_cave_augusta",
        "name": "Jewel Cave, Augusta",
        "record_kind": "catalogue_coordinate",
        "source_dataset": "sites_au_baseline_wa.dataset",
        "source_url": "https://www.openstreetmap.org/node/2285744197",
        "licence": "https://opendatacommons.org/licenses/odbl/1-0/",
        "coordinate_method": "Fetched Nominatim representative point for the explicitly selected named OpenStreetMap feature."
      }
    },
    {
      "type": "Feature",
      "geometry": {
        "type": "Point",
        "coordinates": [
          115.8446558,
          -31.9608419
        ]
      },
      "properties": {
        "id": "au_wa_kings_park_state_war_memorial",
        "name": "Kings Park State War Memorial",
        "record_kind": "catalogue_coordinate",
        "source_dataset": "sites_au_baseline_wa.dataset",
        "source_url": "https://www.openstreetmap.org/way/51138412",
        "licence": "https://opendatacommons.org/licenses/odbl/1-0/",
        "coordinate_method": "Nominatim representative point for the selected named OpenStreetMap feature"
      }
    },
    {
      "type": "Feature",
      "geometry": {
        "type": "Point",
        "coordinates": [
          117.8916575,
          -35.1177633
        ]
      },
      "properties": {
        "id": "au_wa_natural_bridge_lookout_torndirrup",
        "name": "Natural Bridge Lookout, Torndirrup",
        "record_kind": "catalogue_coordinate",
        "source_dataset": "sites_au_baseline_wa.dataset",
        "source_url": "https://www.openstreetmap.org/node/595962953",
        "licence": "https://opendatacommons.org/licenses/odbl/1-0/",
        "coordinate_method": "Fetched named OpenStreetMap node, or representative mean of vertices of its named building/park footprint."
      }
    },
    {
      "type": "Feature",
      "geometry": {
        "type": "Point",
        "coordinates": [
          115.0344548,
          -33.6424203
        ]
      },
      "properties": {
        "id": "au_wa_ngilgi_cave",
        "name": "Ngilgi Cave",
        "record_kind": "catalogue_coordinate",
        "source_dataset": "sites_au_baseline_wa.dataset",
        "source_url": "https://www.openstreetmap.org/node/1808852311",
        "licence": "https://opendatacommons.org/licenses/odbl/1-0/",
        "coordinate_method": "Nominatim representative point for the selected named OpenStreetMap feature"
      }
    },
    {
      "type": "Feature",
      "geometry": {
        "type": "Point",
        "coordinates": [
          115.1556163,
          -30.6030867
        ]
      },
      "properties": {
        "id": "au_wa_pinnacles_nambung",
        "name": "Pinnacles Nambung",
        "record_kind": "catalogue_coordinate",
        "source_dataset": "sites_au_baseline_wa.dataset",
        "source_url": "https://www.openstreetmap.org/node/2455277590",
        "licence": "https://opendatacommons.org/licenses/odbl/1-0/",
        "coordinate_method": "Nominatim representative point for the selected named OpenStreetMap feature"
      }
    },
    {
      "type": "Feature",
      "geometry": {
        "type": "Point",
        "coordinates": [
          115.8768217,
          -31.9591181
        ]
      },
      "properties": {
        "id": "au_wa_queens_gardens_perth",
        "name": "Queens Gardens, Perth",
        "record_kind": "catalogue_coordinate",
        "source_dataset": "sites_au_baseline_wa.dataset",
        "source_url": "https://www.openstreetmap.org/way/4957469",
        "licence": "https://opendatacommons.org/licenses/odbl/1-0/",
        "coordinate_method": "Fetched Nominatim representative point for the explicitly selected named OpenStreetMap feature."
      }
    },
    {
      "type": "Feature",
      "geometry": {
        "type": "Point",
        "coordinates": [
          115.8611991,
          -31.955703
        ]
      },
      "properties": {
        "id": "au_wa_st_georges_cathedral_perth",
        "name": "St George’s Cathedral Perth",
        "record_kind": "catalogue_coordinate",
        "source_dataset": "sites_au_baseline_wa.dataset",
        "source_url": "https://www.openstreetmap.org/way/219386985",
        "licence": "https://opendatacommons.org/licenses/odbl/1-0/",
        "coordinate_method": "Nominatim representative point for the selected named OpenStreetMap feature"
      }
    },
    {
      "type": "Feature",
      "geometry": {
        "type": "Point",
        "coordinates": [
          115.8665912,
          -31.955419
        ]
      },
      "properties": {
        "id": "au_wa_st_marys_cathedral_perth",
        "name": "St Mary’s Cathedral Perth",
        "record_kind": "catalogue_coordinate",
        "source_dataset": "sites_au_baseline_wa.dataset",
        "source_url": "https://www.openstreetmap.org/way/146999979",
        "licence": "https://opendatacommons.org/licenses/odbl/1-0/",
        "coordinate_method": "Nominatim representative point for the selected named OpenStreetMap feature"
      }
    },
    {
      "type": "Feature",
      "geometry": {
        "type": "Point",
        "coordinates": [
          115.97005960769229,
          -31.898273492307688
        ]
      },
      "properties": {
        "id": "au_wa_st_matthew_s_anglican_church_guildford",
        "name": "St Matthew's Anglican Church, Guildford",
        "record_kind": "catalogue_coordinate",
        "source_dataset": "sites_au_baseline_wa.dataset",
        "source_url": "https://www.openstreetmap.org/way/274920682",
        "licence": "https://opendatacommons.org/licenses/odbl/1-0/",
        "coordinate_method": "Fetched named OpenStreetMap node, or representative mean of vertices of its named building/park footprint."
      }
    },
    {
      "type": "Feature",
      "geometry": {
        "type": "Point",
        "coordinates": [
          115.8599485,
          -31.9581713
        ]
      },
      "properties": {
        "id": "au_wa_supreme_court_gardens_perth",
        "name": "Supreme Court Gardens Perth",
        "record_kind": "catalogue_coordinate",
        "source_dataset": "sites_au_baseline_wa.dataset",
        "source_url": "https://www.openstreetmap.org/way/4957439",
        "licence": "https://opendatacommons.org/licenses/odbl/1-0/",
        "coordinate_method": "Nominatim representative point for the selected named OpenStreetMap feature"
      }
    },
    {
      "type": "Feature",
      "geometry": {
        "type": "Point",
        "coordinates": [
          116.89482,
          -34.976638
        ]
      },
      "properties": {
        "id": "au_wa_valley_of_the_giants_tree_top_walk",
        "name": "Valley of the Giants Tree Top Walk",
        "record_kind": "catalogue_coordinate",
        "source_dataset": "sites_au_baseline_wa.dataset",
        "source_url": "https://www.openstreetmap.org/node/4546502692",
        "licence": "https://opendatacommons.org/licenses/odbl/1-0/",
        "coordinate_method": "Nominatim representative point for the selected named OpenStreetMap feature"
      }
    },
    {
      "type": "Feature",
      "geometry": {
        "type": "Point",
        "coordinates": [
          118.8976381,
          -32.4436616
        ]
      },
      "properties": {
        "id": "au_wa_wave_rock_hyden",
        "name": "Wave Rock Hyden",
        "record_kind": "catalogue_coordinate",
        "source_dataset": "sites_au_baseline_wa.dataset",
        "source_url": "https://www.openstreetmap.org/node/1650789284",
        "licence": "https://opendatacommons.org/licenses/odbl/1-0/",
        "coordinate_method": "Nominatim representative point for the selected named OpenStreetMap feature"
      }
    },
    {
      "type": "Feature",
      "geometry": {
        "type": "Point",
        "coordinates": [
          -114.0599342,
          51.0467428
        ]
      },
      "properties": {
        "id": "ca_ab_cathedral_church_of_the_redeemer_calgary",
        "name": "Cathedral Church of the Redeemer Calgary",
        "record_kind": "catalogue_coordinate",
        "source_dataset": "sites_ca_baseline_ab.dataset",
        "source_url": "https://www.openstreetmap.org/way/160556203",
        "licence": "https://opendatacommons.org/licenses/odbl/1-0/",
        "coordinate_method": "Selected exact named OpenStreetMap feature returned by Nominatim"
      }
    },
    {
      "type": "Feature",
      "geometry": {
        "type": "Point",
        "coordinates": [
          -113.6309087,
          53.6385941
        ]
      },
      "properties": {
        "id": "ca_ab_father_lacombe_chapel",
        "name": "Father Lacombe Chapel",
        "record_kind": "catalogue_coordinate",
        "source_dataset": "sites_ca_baseline_ab.dataset",
        "source_url": "https://www.openstreetmap.org/way/159271645",
        "licence": "https://opendatacommons.org/licenses/odbl/1-0/",
        "coordinate_method": "Selected exact named OpenStreetMap feature returned by Nominatim"
      }
    },
    {
      "type": "Feature",
      "geometry": {
        "type": "Point",
        "coordinates": [
          -113.4907065,
          53.5197716
        ]
      },
      "properties": {
        "id": "ca_ab_holy_trinity_anglican_church_edmonton",
        "name": "Holy Trinity Anglican Church Edmonton",
        "record_kind": "catalogue_coordinate",
        "source_dataset": "sites_ca_baseline_ab.dataset",
        "source_url": "https://www.openstreetmap.org/way/322918578",
        "licence": "https://opendatacommons.org/licenses/odbl/1-0/",
        "coordinate_method": "Selected exact named OpenStreetMap feature returned by Nominatim"
      }
    },
    {
      "type": "Feature",
      "geometry": {
        "type": "Point",
        "coordinates": [
          -113.5047974,
          53.5277906
        ]
      },
      "properties": {
        "id": "ca_ab_john_walter_museum",
        "name": "John Walter Museum",
        "record_kind": "catalogue_coordinate",
        "source_dataset": "sites_ca_baseline_ab.dataset",
        "source_url": "https://www.openstreetmap.org/way/226584734",
        "licence": "https://opendatacommons.org/licenses/odbl/1-0/",
        "coordinate_method": "Selected exact named OpenStreetMap feature returned by Nominatim"
      }
    },
    {
      "type": "Feature",
      "geometry": {
        "type": "Point",
        "coordinates": [
          -113.493212,
          53.5397504
        ]
      },
      "properties": {
        "id": "ca_ab_mcdougall_united_church_edmonton",
        "name": "McDougall United Church Edmonton",
        "record_kind": "catalogue_coordinate",
        "source_dataset": "sites_ca_baseline_ab.dataset",
        "source_url": "https://www.openstreetmap.org/way/224805103",
        "licence": "https://opendatacommons.org/licenses/odbl/1-0/",
        "coordinate_method": "Selected exact named OpenStreetMap feature returned by Nominatim"
      }
    },
    {
      "type": "Feature",
      "geometry": {
        "type": "Point",
        "coordinates": [
          -114.0564675,
          51.0300668
        ]
      },
      "properties": {
        "id": "ca_ab_reader_rock_garden",
        "name": "Reader Rock Garden",
        "record_kind": "catalogue_coordinate",
        "source_dataset": "sites_ca_baseline_ab.dataset",
        "source_url": "https://www.openstreetmap.org/way/496765923",
        "licence": "https://opendatacommons.org/licenses/odbl/1-0/",
        "coordinate_method": "Representative named-feature point returned by cached Nominatim OSM search"
      }
    },
    {
      "type": "Feature",
      "geometry": {
        "type": "Point",
        "coordinates": [
          -113.5108159,
          53.5380826
        ]
      },
      "properties": {
        "id": "ca_ab_saint_joachim_catholic_church",
        "name": "Saint Joachim Catholic Church",
        "record_kind": "catalogue_coordinate",
        "source_dataset": "sites_ca_baseline_ab.dataset",
        "source_url": "https://www.openstreetmap.org/way/228210391",
        "licence": "https://opendatacommons.org/licenses/odbl/1-0/",
        "coordinate_method": "Selected exact named OpenStreetMap feature returned by Nominatim"
      }
    },
    {
      "type": "Feature",
      "geometry": {
        "type": "Point",
        "coordinates": [
          -123.1701983,
          49.1208454
        ]
      },
      "properties": {
        "id": "ca_bc_britannia_shipyards",
        "name": "Britannia Shipyards",
        "record_kind": "catalogue_coordinate",
        "source_dataset": "sites_ca_baseline_bc.dataset",
        "source_url": "https://www.openstreetmap.org/way/736329120",
        "licence": "https://opendatacommons.org/licenses/odbl/1-0/",
        "coordinate_method": "Selected exact named OpenStreetMap feature returned by Nominatim"
      }
    },
    {
      "type": "Feature",
      "geometry": {
        "type": "Point",
        "coordinates": [
          -123.4695617,
          48.5653453
        ]
      },
      "properties": {
        "id": "ca_bc_butchart_gardens",
        "name": "Butchart Gardens",
        "record_kind": "catalogue_coordinate",
        "source_dataset": "sites_ca_baseline_bc.dataset",
        "source_url": "https://www.openstreetmap.org/relation/2026349",
        "licence": "https://opendatacommons.org/licenses/odbl/1-0/",
        "coordinate_method": "Representative named-feature point returned by cached Nominatim OSM search"
      }
    },
    {
      "type": "Feature",
      "geometry": {
        "type": "Point",
        "coordinates": [
          -119.4772167,
          49.8707921
        ]
      },
      "properties": {
        "id": "ca_bc_guisachan_heritage_park",
        "name": "Guisachan Heritage Park",
        "record_kind": "catalogue_coordinate",
        "source_dataset": "sites_ca_baseline_bc.dataset",
        "source_url": "https://www.openstreetmap.org/way/479933441",
        "licence": "https://opendatacommons.org/licenses/odbl/1-0/",
        "coordinate_method": "Selected exact named OpenStreetMap feature returned by Nominatim"
      }
    },
    {
      "type": "Feature",
      "geometry": {
        "type": "Point",
        "coordinates": [
          -122.307233,
          49.0510459
        ]
      },
      "properties": {
        "id": "ca_bc_gur_sikh_temple",
        "name": "Gur Sikh Temple",
        "record_kind": "catalogue_coordinate",
        "source_dataset": "sites_ca_baseline_bc.dataset",
        "source_url": "https://www.openstreetmap.org/way/274888717",
        "licence": "https://opendatacommons.org/licenses/odbl/1-0/",
        "coordinate_method": "Selected exact named OpenStreetMap feature returned by Nominatim"
      }
    },
    {
      "type": "Feature",
      "geometry": {
        "type": "Point",
        "coordinates": [
          -123.1536164,
          49.3069151
        ]
      },
      "properties": {
        "id": "ca_bc_hollow_tree_vancouver",
        "name": "Hollow Tree Vancouver",
        "record_kind": "catalogue_coordinate",
        "source_dataset": "sites_ca_baseline_bc.dataset",
        "source_url": "https://www.openstreetmap.org/node/2410285536",
        "licence": "https://opendatacommons.org/licenses/odbl/1-0/",
        "coordinate_method": "Selected exact named OpenStreetMap feature returned by Nominatim"
      }
    },
    {
      "type": "Feature",
      "geometry": {
        "type": "Point",
        "coordinates": [
          -119.4950721,
          49.8880117
        ]
      },
      "properties": {
        "id": "ca_bc_kasugai_gardens",
        "name": "Kasugai Gardens",
        "record_kind": "catalogue_coordinate",
        "source_dataset": "sites_ca_baseline_bc.dataset",
        "source_url": "https://www.openstreetmap.org/way/145483823",
        "licence": "https://opendatacommons.org/licenses/odbl/1-0/",
        "coordinate_method": "Selected exact named OpenStreetMap feature returned by Nominatim"
      }
    },
    {
      "type": "Feature",
      "geometry": {
        "type": "Point",
        "coordinates": [
          -122.9643957,
          49.2175479
        ]
      },
      "properties": {
        "id": "ca_bc_nikkei_national_museum_and_cultural_centre",
        "name": "Nikkei National Museum and Cultural Centre",
        "record_kind": "catalogue_coordinate",
        "source_dataset": "sites_ca_baseline_bc.dataset",
        "source_url": "https://www.openstreetmap.org/way/466225887",
        "licence": "https://opendatacommons.org/licenses/odbl/1-0/",
        "coordinate_method": "Selected exact named OpenStreetMap feature returned by Nominatim"
      }
    },
    {
      "type": "Feature",
      "geometry": {
        "type": "Point",
        "coordinates": [
          -119.4339908,
          49.0415805
        ]
      },
      "properties": {
        "id": "ca_bc_nk_mip_desert_cultural_centre",
        "name": "Nk'Mip Desert Cultural Centre",
        "record_kind": "catalogue_coordinate",
        "source_dataset": "sites_ca_baseline_bc.dataset",
        "source_url": "https://www.openstreetmap.org/way/365436867",
        "licence": "https://opendatacommons.org/licenses/odbl/1-0/",
        "coordinate_method": "Representative point of exact named OSM footprint from Nominatim"
      }
    },
    {
      "type": "Feature",
      "geometry": {
        "type": "Point",
        "coordinates": [
          -123.3592523,
          48.4227985
        ]
      },
      "properties": {
        "id": "ca_bc_pioneer_square_victoria",
        "name": "Pioneer Square Victoria",
        "record_kind": "catalogue_coordinate",
        "source_dataset": "sites_ca_baseline_bc.dataset",
        "source_url": "https://www.openstreetmap.org/way/22988453",
        "licence": "https://opendatacommons.org/licenses/odbl/1-0/",
        "coordinate_method": "Selected exact named OpenStreetMap feature returned by Nominatim"
      }
    },
    {
      "type": "Feature",
      "geometry": {
        "type": "Point",
        "coordinates": [
          -123.3637505,
          48.4190362
        ]
      },
      "properties": {
        "id": "ca_bc_saint_anns_academy",
        "name": "Saint Ann’s Academy",
        "record_kind": "catalogue_coordinate",
        "source_dataset": "sites_ca_baseline_bc.dataset",
        "source_url": "https://www.openstreetmap.org/way/188000792",
        "licence": "https://opendatacommons.org/licenses/odbl/1-0/",
        "coordinate_method": "Selected exact named OpenStreetMap feature returned by Nominatim"
      }
    },
    {
      "type": "Feature",
      "geometry": {
        "type": "Point",
        "coordinates": [
          -95.6135168,
          50.1147066
        ]
      },
      "properties": {
        "id": "ca_mb_bannock_point_petroforms",
        "name": "Bannock Point Petroforms",
        "record_kind": "catalogue_coordinate",
        "source_dataset": "sites_ca_baseline_mb.dataset",
        "source_url": "https://www.openstreetmap.org/node/3630221463",
        "licence": "https://opendatacommons.org/licenses/odbl/1-0/",
        "coordinate_method": "Representative named-feature point returned by cached Nominatim OSM search"
      }
    },
    {
      "type": "Feature",
      "geometry": {
        "type": "Point",
        "coordinates": [
          -97.2347382,
          49.8743736
        ]
      },
      "properties": {
        "id": "ca_mb_english_garden_at_assiniboine_park",
        "name": "English Garden at Assiniboine Park",
        "record_kind": "catalogue_coordinate",
        "source_dataset": "sites_ca_baseline_mb.dataset",
        "source_url": "https://www.openstreetmap.org/node/1445981431",
        "licence": "https://opendatacommons.org/licenses/odbl/1-0/",
        "coordinate_method": "Representative named-feature point returned by cached Nominatim OSM search"
      }
    },
    {
      "type": "Feature",
      "geometry": {
        "type": "Point",
        "coordinates": [
          -97.2363754,
          49.8746598
        ]
      },
      "properties": {
        "id": "ca_mb_leo_mol_sculpture_garden",
        "name": "Leo Mol Sculpture Garden",
        "record_kind": "catalogue_coordinate",
        "source_dataset": "sites_ca_baseline_mb.dataset",
        "source_url": "https://www.openstreetmap.org/node/1445981427",
        "licence": "https://opendatacommons.org/licenses/odbl/1-0/",
        "coordinate_method": "Representative named-feature point returned by cached Nominatim OSM search"
      }
    },
    {
      "type": "Feature",
      "geometry": {
        "type": "Point",
        "coordinates": [
          -97.14960145,
          49.915273400000004
        ]
      },
      "properties": {
        "id": "ca_mb_saints_volodymyr_and_olha_cathedral",
        "name": "Saints Volodymyr and Olha Cathedral",
        "record_kind": "catalogue_coordinate",
        "source_dataset": "sites_ca_baseline_mb.dataset",
        "source_url": "https://www.openstreetmap.org/way/307655589",
        "licence": "https://opendatacommons.org/licenses/odbl/1-0/",
        "coordinate_method": "Bounds centre of the complete named OSM outer footprint"
      }
    },
    {
      "type": "Feature",
      "geometry": {
        "type": "Point",
        "coordinates": [
          -97.1543481,
          49.7571746
        ]
      },
      "properties": {
        "id": "ca_mb_trappist_monastery_ruins",
        "name": "Trappist Monastery Ruins",
        "record_kind": "catalogue_coordinate",
        "source_dataset": "sites_ca_baseline_mb.dataset",
        "source_url": "https://www.openstreetmap.org/way/107921069",
        "licence": "https://opendatacommons.org/licenses/odbl/1-0/",
        "coordinate_method": "Representative point of exact named OSM footprint from Nominatim"
      }
    },
    {
      "type": "Feature",
      "geometry": {
        "type": "Point",
        "coordinates": [
          -97.1617167,
          49.8821845
        ]
      },
      "properties": {
        "id": "ca_mb_westminster_united_church_winnipeg",
        "name": "Westminster United Church Winnipeg",
        "record_kind": "catalogue_coordinate",
        "source_dataset": "sites_ca_baseline_mb.dataset",
        "source_url": "https://www.openstreetmap.org/way/73320126",
        "licence": "https://opendatacommons.org/licenses/odbl/1-0/",
        "coordinate_method": "Selected exact named OpenStreetMap feature returned by Nominatim"
      }
    },
    {
      "type": "Feature",
      "geometry": {
        "type": "Point",
        "coordinates": [
          -64.7706602,
          46.0896947
        ]
      },
      "properties": {
        "id": "ca_nb_bore_park",
        "name": "Bore Park",
        "record_kind": "catalogue_coordinate",
        "source_dataset": "sites_ca_baseline_nb.dataset",
        "source_url": "https://www.openstreetmap.org/way/321476682",
        "licence": "https://opendatacommons.org/licenses/odbl/1-0/",
        "coordinate_method": "Fetched named OSM feature representative point"
      }
    },
    {
      "type": "Feature",
      "geometry": {
        "type": "Point",
        "coordinates": [
          -64.7818705,
          46.090892
        ]
      },
      "properties": {
        "id": "ca_nb_notre_dame_de_l_assomption_cathedral",
        "name": "Notre-Dame-de-l'Assomption Cathedral",
        "record_kind": "catalogue_coordinate",
        "source_dataset": "sites_ca_baseline_nb.dataset",
        "source_url": "https://www.openstreetmap.org/way/71495376",
        "licence": "https://opendatacommons.org/licenses/odbl/1-0/",
        "coordinate_method": "Fetched named OSM feature representative point"
      }
    },
    {
      "type": "Feature",
      "geometry": {
        "type": "Point",
        "coordinates": [
          -66.0594524,
          45.2722499
        ]
      },
      "properties": {
        "id": "ca_nb_trinity_church",
        "name": "Trinity Church",
        "record_kind": "catalogue_coordinate",
        "source_dataset": "sites_ca_baseline_nb.dataset",
        "source_url": "https://www.openstreetmap.org/way/159765135",
        "licence": "https://opendatacommons.org/licenses/odbl/1-0/",
        "coordinate_method": "Fetched named OSM feature representative point"
      }
    },
    {
      "type": "Feature",
      "geometry": {
        "type": "Point",
        "coordinates": [
          -52.62347675,
          47.51990275
        ]
      },
      "properties": {
        "id": "ca_nl_cape_spear_historic_lighthouse",
        "name": "Cape Spear Historic Lighthouse",
        "record_kind": "catalogue_coordinate",
        "source_dataset": "sites_ca_baseline_nl.dataset",
        "source_url": "https://www.openstreetmap.org/way/152636359",
        "licence": "https://opendatacommons.org/licenses/odbl/1-0/",
        "coordinate_method": "Bounds centre of named OSM building footprint"
      }
    },
    {
      "type": "Feature",
      "geometry": {
        "type": "Point",
        "coordinates": [
          -63.5153723,
          44.6000623
        ]
      },
      "properties": {
        "id": "ca_ns_fort_mcnab",
        "name": "Fort McNab",
        "record_kind": "catalogue_coordinate",
        "source_dataset": "sites_ca_baseline_ns.dataset",
        "source_url": "https://www.openstreetmap.org/way/62148424",
        "licence": "https://opendatacommons.org/licenses/odbl/1-0/",
        "coordinate_method": "Selected exact named OpenStreetMap feature returned by Nominatim"
      }
    },
    {
      "type": "Feature",
      "geometry": {
        "type": "Point",
        "coordinates": [
          -63.5855643,
          44.6557783
        ]
      },
      "properties": {
        "id": "ca_ns_little_dutch_church",
        "name": "Little Dutch Church",
        "record_kind": "catalogue_coordinate",
        "source_dataset": "sites_ca_baseline_ns.dataset",
        "source_url": "https://www.openstreetmap.org/way/461566230",
        "licence": "https://opendatacommons.org/licenses/odbl/1-0/",
        "coordinate_method": "Selected exact named OpenStreetMap feature returned by Nominatim"
      }
    },
    {
      "type": "Feature",
      "geometry": {
        "type": "Point",
        "coordinates": [
          -113.6880276,
          62.5205
        ]
      },
      "properties": {
        "id": "ca_nt_cameron_falls",
        "name": "Cameron Falls",
        "record_kind": "catalogue_coordinate",
        "source_dataset": "sites_ca_baseline_nt.dataset",
        "source_url": "https://www.openstreetmap.org/node/1759047433",
        "licence": "https://opendatacommons.org/licenses/odbl/1-0/",
        "coordinate_method": "Fetched named OSM feature representative point"
      }
    },
    {
      "type": "Feature",
      "geometry": {
        "type": "Point",
        "coordinates": [
          -114.37728465,
          62.4538579
        ]
      },
      "properties": {
        "id": "ca_nt_fireweed_studio",
        "name": "Fireweed Studio",
        "record_kind": "catalogue_coordinate",
        "source_dataset": "sites_ca_baseline_nt.dataset",
        "source_url": "https://www.openstreetmap.org/way/168759912",
        "licence": "https://opendatacommons.org/licenses/odbl/1-0/",
        "coordinate_method": "Bounds centre of named OSM building footprint"
      }
    },
    {
      "type": "Feature",
      "geometry": {
        "type": "Point",
        "coordinates": [
          -114.3481289,
          62.4655902
        ]
      },
      "properties": {
        "id": "ca_nt_pilot_s_monument_park",
        "name": "Pilot's Monument Park",
        "record_kind": "catalogue_coordinate",
        "source_dataset": "sites_ca_baseline_nt.dataset",
        "source_url": "https://www.openstreetmap.org/relation/12888094",
        "licence": "https://opendatacommons.org/licenses/odbl/1-0/",
        "coordinate_method": "Fetched named OSM feature representative point"
      }
    },
    {
      "type": "Feature",
      "geometry": {
        "type": "Point",
        "coordinates": [
          -114.375523,
          62.454566
        ]
      },
      "properties": {
        "id": "ca_nt_yellowknife_cenotaph",
        "name": "Yellowknife Cenotaph",
        "record_kind": "catalogue_coordinate",
        "source_dataset": "sites_ca_baseline_nt.dataset",
        "source_url": "https://www.openstreetmap.org/node/1202295462",
        "licence": "https://opendatacommons.org/licenses/odbl/1-0/",
        "coordinate_method": "Exact named OSM node"
      }
    },
    {
      "type": "Feature",
      "geometry": {
        "type": "Point",
        "coordinates": [
          -68.5136977,
          63.7434565
        ]
      },
      "properties": {
        "id": "ca_nu_nunatta_sunakkutaangit_museum",
        "name": "Nunatta Sunakkutaangit Museum",
        "record_kind": "catalogue_coordinate",
        "source_dataset": "sites_ca_baseline_nu.dataset",
        "source_url": "https://www.openstreetmap.org/way/298122057",
        "licence": "https://opendatacommons.org/licenses/odbl/1-0/",
        "coordinate_method": "Fetched named OSM feature representative point"
      }
    },
    {
      "type": "Feature",
      "geometry": {
        "type": "Point",
        "coordinates": [
          -68.6924729,
          63.7255753
        ]
      },
      "properties": {
        "id": "ca_nu_qaummaarviit_island",
        "name": "Qaummaarviit Island",
        "record_kind": "catalogue_coordinate",
        "source_dataset": "sites_ca_baseline_nu.dataset",
        "source_url": "https://www.openstreetmap.org/relation/9500060",
        "licence": "https://opendatacommons.org/licenses/odbl/1-0/",
        "coordinate_method": "Fetched named OSM feature representative point"
      }
    },
    {
      "type": "Feature",
      "geometry": {
        "type": "Point",
        "coordinates": [
          -79.3995067,
          43.6544528
        ]
      },
      "properties": {
        "id": "ca_on_anshei_minsk_synagogue",
        "name": "Anshei Minsk Synagogue",
        "record_kind": "catalogue_coordinate",
        "source_dataset": "sites_ca_baseline_on.dataset",
        "source_url": "https://www.openstreetmap.org/way/292084378",
        "licence": "https://opendatacommons.org/licenses/odbl/1-0/",
        "coordinate_method": "Selected exact named OpenStreetMap feature returned by Nominatim"
      }
    },
    {
      "type": "Feature",
      "geometry": {
        "type": "Point",
        "coordinates": [
          -79.766065,
          43.2176181
        ]
      },
      "properties": {
        "id": "ca_on_battlefield_house",
        "name": "Battlefield House",
        "record_kind": "catalogue_coordinate",
        "source_dataset": "sites_ca_baseline_on.dataset",
        "source_url": "https://www.openstreetmap.org/way/413122189",
        "licence": "https://opendatacommons.org/licenses/odbl/1-0/",
        "coordinate_method": "Selected exact named OpenStreetMap feature returned by Nominatim"
      }
    },
    {
      "type": "Feature",
      "geometry": {
        "type": "Point",
        "coordinates": [
          -80.3171399,
          43.3554183
        ]
      },
      "properties": {
        "id": "ca_on_cambridge_sculpture_garden",
        "name": "Cambridge Sculpture Garden",
        "record_kind": "catalogue_coordinate",
        "source_dataset": "sites_ca_baseline_on.dataset",
        "source_url": "https://www.openstreetmap.org/way/275390266",
        "licence": "https://opendatacommons.org/licenses/odbl/1-0/",
        "coordinate_method": "Representative named-feature point returned by cached Nominatim OSM search"
      }
    },
    {
      "type": "Feature",
      "geometry": {
        "type": "Point",
        "coordinates": [
          -79.9592891,
          43.2681558
        ]
      },
      "properties": {
        "id": "ca_on_dundas_museum_and_archives",
        "name": "Dundas Museum and Archives",
        "record_kind": "catalogue_coordinate",
        "source_dataset": "sites_ca_baseline_on.dataset",
        "source_url": "https://www.openstreetmap.org/node/2961979945",
        "licence": "https://opendatacommons.org/licenses/odbl/1-0/",
        "coordinate_method": "Selected exact named OpenStreetMap feature returned by Nominatim"
      }
    },
    {
      "type": "Feature",
      "geometry": {
        "type": "Point",
        "coordinates": [
          -79.7430411,
          43.591423
        ]
      },
      "properties": {
        "id": "ca_on_fo_guang_shan_temple_toronto",
        "name": "Fo Guang Shan Temple Toronto",
        "record_kind": "catalogue_coordinate",
        "source_dataset": "sites_ca_baseline_on.dataset",
        "source_url": "https://www.openstreetmap.org/way/33687630",
        "licence": "https://opendatacommons.org/licenses/odbl/1-0/",
        "coordinate_method": "Selected exact named OpenStreetMap feature returned by Nominatim"
      }
    },
    {
      "type": "Feature",
      "geometry": {
        "type": "Point",
        "coordinates": [
          -80.0029232,
          43.2357098
        ]
      },
      "properties": {
        "id": "ca_on_griffin_house",
        "name": "Griffin House",
        "record_kind": "catalogue_coordinate",
        "source_dataset": "sites_ca_baseline_on.dataset",
        "source_url": "https://www.openstreetmap.org/node/2504460659",
        "licence": "https://opendatacommons.org/licenses/odbl/1-0/",
        "coordinate_method": "Selected exact named OpenStreetMap feature returned by Nominatim"
      }
    },
    {
      "type": "Feature",
      "geometry": {
        "type": "Point",
        "coordinates": [
          -80.4186006,
          43.394847
        ]
      },
      "properties": {
        "id": "ca_on_homer_watson_house",
        "name": "Homer Watson House",
        "record_kind": "catalogue_coordinate",
        "source_dataset": "sites_ca_baseline_on.dataset",
        "source_url": "https://www.openstreetmap.org/way/488699473",
        "licence": "https://opendatacommons.org/licenses/odbl/1-0/",
        "coordinate_method": "Selected exact named OpenStreetMap feature returned by Nominatim"
      }
    },
    {
      "type": "Feature",
      "geometry": {
        "type": "Point",
        "coordinates": [
          -79.8419114,
          44.7366891
        ]
      },
      "properties": {
        "id": "ca_on_martyrs_shrine",
        "name": "Martyrs' Shrine",
        "record_kind": "catalogue_coordinate",
        "source_dataset": "sites_ca_baseline_on.dataset",
        "source_url": "https://www.openstreetmap.org/way/488937011",
        "licence": "https://opendatacommons.org/licenses/odbl/1-0/",
        "coordinate_method": "Representative named-feature point returned by cached Nominatim OSM search"
      }
    },
    {
      "type": "Feature",
      "geometry": {
        "type": "Point",
        "coordinates": [
          -80.3172991,
          43.3542015
        ]
      },
      "properties": {
        "id": "ca_on_mcdougall_cottage",
        "name": "McDougall Cottage",
        "record_kind": "catalogue_coordinate",
        "source_dataset": "sites_ca_baseline_on.dataset",
        "source_url": "https://www.openstreetmap.org/way/1306023692",
        "licence": "https://opendatacommons.org/licenses/odbl/1-0/",
        "coordinate_method": "Selected exact named OpenStreetMap feature returned by Nominatim"
      }
    },
    {
      "type": "Feature",
      "geometry": {
        "type": "Point",
        "coordinates": [
          -83.054656,
          42.3065115
        ]
      },
      "properties": {
        "id": "ca_on_our_lady_of_the_assumption_church_windsor",
        "name": "Our Lady of the Assumption Church Windsor",
        "record_kind": "catalogue_coordinate",
        "source_dataset": "sites_ca_baseline_on.dataset",
        "source_url": "https://www.openstreetmap.org/way/603548306",
        "licence": "https://opendatacommons.org/licenses/odbl/1-0/",
        "coordinate_method": "Selected exact named OpenStreetMap feature returned by Nominatim"
      }
    },
    {
      "type": "Feature",
      "geometry": {
        "type": "Point",
        "coordinates": [
          -79.89184595,
          43.28919525
        ]
      },
      "properties": {
        "id": "ca_on_royal_botanical_gardens_rock_garden",
        "name": "Royal Botanical Gardens Rock Garden",
        "record_kind": "catalogue_coordinate",
        "source_dataset": "sites_ca_baseline_on.dataset",
        "source_url": "https://www.openstreetmap.org/way/446530425",
        "licence": "https://opendatacommons.org/licenses/odbl/1-0/",
        "coordinate_method": "Bounds centre of the complete named OSM outer footprint"
      }
    },
    {
      "type": "Feature",
      "geometry": {
        "type": "Point",
        "coordinates": [
          -80.4876221,
          43.4523291
        ]
      },
      "properties": {
        "id": "ca_on_saint_andrews_presbyterian_church_kitchener",
        "name": "Saint Andrew’s Presbyterian Church Kitchener",
        "record_kind": "catalogue_coordinate",
        "source_dataset": "sites_ca_baseline_on.dataset",
        "source_url": "https://www.openstreetmap.org/way/43352707",
        "licence": "https://opendatacommons.org/licenses/odbl/1-0/",
        "coordinate_method": "Selected exact named OpenStreetMap feature returned by Nominatim"
      }
    },
    {
      "type": "Feature",
      "geometry": {
        "type": "Point",
        "coordinates": [
          -79.6776976,
          44.3932331
        ]
      },
      "properties": {
        "id": "ca_on_saint_marys_church_barrie",
        "name": "Saint Marys Church Barrie",
        "record_kind": "catalogue_coordinate",
        "source_dataset": "sites_ca_baseline_on.dataset",
        "source_url": "https://www.openstreetmap.org/way/77367865",
        "licence": "https://opendatacommons.org/licenses/odbl/1-0/",
        "coordinate_method": "Selected exact named OpenStreetMap feature returned by Nominatim"
      }
    },
    {
      "type": "Feature",
      "geometry": {
        "type": "Point",
        "coordinates": [
          -80.4951012,
          43.4449096
        ]
      },
      "properties": {
        "id": "ca_on_schneider_haus",
        "name": "Schneider Haus",
        "record_kind": "catalogue_coordinate",
        "source_dataset": "sites_ca_baseline_on.dataset",
        "source_url": "https://www.openstreetmap.org/way/156275597",
        "licence": "https://opendatacommons.org/licenses/odbl/1-0/",
        "coordinate_method": "Representative named-feature point returned by cached Nominatim OSM search"
      }
    },
    {
      "type": "Feature",
      "geometry": {
        "type": "Point",
        "coordinates": [
          -80.4903543,
          43.4521694
        ]
      },
      "properties": {
        "id": "ca_on_st_mary_our_lady_of_the_seven_sorrows",
        "name": "St Mary Our Lady of the Seven Sorrows",
        "record_kind": "catalogue_coordinate",
        "source_dataset": "sites_ca_baseline_on.dataset",
        "source_url": "https://www.openstreetmap.org/way/43352704",
        "licence": "https://opendatacommons.org/licenses/odbl/1-0/",
        "coordinate_method": "Bounds centre of the complete named OSM outer footprint"
      }
    },
    {
      "type": "Feature",
      "geometry": {
        "type": "Point",
        "coordinates": [
          -80.4875643,
          43.45112025
        ]
      },
      "properties": {
        "id": "ca_on_st_peter_s_lutheran_church_kitchener",
        "name": "St Peter's Lutheran Church Kitchener",
        "record_kind": "catalogue_coordinate",
        "source_dataset": "sites_ca_baseline_on.dataset",
        "source_url": "https://www.openstreetmap.org/relation/13284590",
        "licence": "https://opendatacommons.org/licenses/odbl/1-0/",
        "coordinate_method": "Bounds centre of the complete named OSM outer footprint"
      }
    },
    {
      "type": "Feature",
      "geometry": {
        "type": "Point",
        "coordinates": [
          -81.2898569,
          42.9679366
        ]
      },
      "properties": {
        "id": "ca_on_woodland_cemetery_london",
        "name": "Woodland Cemetery London",
        "record_kind": "catalogue_coordinate",
        "source_dataset": "sites_ca_baseline_on.dataset",
        "source_url": "https://www.openstreetmap.org/way/27890369",
        "licence": "https://opendatacommons.org/licenses/odbl/1-0/",
        "coordinate_method": "Selected exact named OpenStreetMap feature returned by Nominatim"
      }
    },
    {
      "type": "Feature",
      "geometry": {
        "type": "Point",
        "coordinates": [
          -80.2773579,
          43.563207
        ]
      },
      "properties": {
        "id": "ca_on_woodlawn_memorial_park_guelph",
        "name": "Woodlawn Memorial Park Guelph",
        "record_kind": "catalogue_coordinate",
        "source_dataset": "sites_ca_baseline_on.dataset",
        "source_url": "https://www.openstreetmap.org/way/39943561",
        "licence": "https://opendatacommons.org/licenses/odbl/1-0/",
        "coordinate_method": "Selected exact named OpenStreetMap feature returned by Nominatim"
      }
    },
    {
      "type": "Feature",
      "geometry": {
        "type": "Point",
        "coordinates": [
          -63.3820579,
          46.4877795
        ]
      },
      "properties": {
        "id": "ca_pe_green_gables_house",
        "name": "Green Gables House",
        "record_kind": "catalogue_coordinate",
        "source_dataset": "sites_ca_baseline_pe.dataset",
        "source_url": "https://www.openstreetmap.org/way/181530661",
        "licence": "https://opendatacommons.org/licenses/odbl/1-0/",
        "coordinate_method": "Fetched named OSM feature representative point"
      }
    },
    {
      "type": "Feature",
      "geometry": {
        "type": "Point",
        "coordinates": [
          -63.6694194,
          46.4767578
        ]
      },
      "properties": {
        "id": "ca_pe_historic_st_mary_s_church",
        "name": "Historic St Mary's Church",
        "record_kind": "catalogue_coordinate",
        "source_dataset": "sites_ca_baseline_pe.dataset",
        "source_url": "https://www.openstreetmap.org/node/1921159374",
        "licence": "https://opendatacommons.org/licenses/odbl/1-0/",
        "coordinate_method": "Fetched named OSM feature representative point"
      }
    },
    {
      "type": "Feature",
      "geometry": {
        "type": "Point",
        "coordinates": [
          -72.27082,
          45.1663634
        ]
      },
      "properties": {
        "id": "ca_qc_abbey_of_saint_benoit_du_lac",
        "name": "Abbey of Saint-Benoit-du-Lac",
        "record_kind": "catalogue_coordinate",
        "source_dataset": "sites_ca_baseline_qc.dataset",
        "source_url": "https://www.openstreetmap.org/way/104934323",
        "licence": "https://opendatacommons.org/licenses/odbl/1-0/",
        "coordinate_method": "Representative named-feature point returned by cached Nominatim OSM search"
      }
    },
    {
      "type": "Feature",
      "geometry": {
        "type": "Point",
        "coordinates": [
          -71.2536735,
          46.773922
        ]
      },
      "properties": {
        "id": "ca_qc_domaine_cataraqui",
        "name": "Domaine Cataraqui",
        "record_kind": "catalogue_coordinate",
        "source_dataset": "sites_ca_baseline_qc.dataset",
        "source_url": "https://www.openstreetmap.org/way/149508695",
        "licence": "https://opendatacommons.org/licenses/odbl/1-0/",
        "coordinate_method": "Selected exact named OpenStreetMap feature returned by Nominatim"
      }
    },
    {
      "type": "Feature",
      "geometry": {
        "type": "Point",
        "coordinates": [
          -73.6755356,
          45.4314398
        ]
      },
      "properties": {
        "id": "ca_qc_fur_trade_warehouse_at_lachine",
        "name": "Fur Trade Warehouse at Lachine",
        "record_kind": "catalogue_coordinate",
        "source_dataset": "sites_ca_baseline_qc.dataset",
        "source_url": "https://www.openstreetmap.org/way/223418884",
        "licence": "https://opendatacommons.org/licenses/odbl/1-0/",
        "coordinate_method": "Selected exact named OpenStreetMap feature returned by Nominatim"
      }
    },
    {
      "type": "Feature",
      "geometry": {
        "type": "Point",
        "coordinates": [
          -71.2239618,
          46.8024974
        ]
      },
      "properties": {
        "id": "ca_qc_henry_stuart_house",
        "name": "Henry-Stuart House",
        "record_kind": "catalogue_coordinate",
        "source_dataset": "sites_ca_baseline_qc.dataset",
        "source_url": "https://www.openstreetmap.org/way/577389885",
        "licence": "https://opendatacommons.org/licenses/odbl/1-0/",
        "coordinate_method": "Selected exact named OpenStreetMap feature returned by Nominatim"
      }
    },
    {
      "type": "Feature",
      "geometry": {
        "type": "Point",
        "coordinates": [
          -71.2094617,
          46.8155219
        ]
      },
      "properties": {
        "id": "ca_qc_le_monastere_des_augustines",
        "name": "Le Monastere des Augustines",
        "record_kind": "catalogue_coordinate",
        "source_dataset": "sites_ca_baseline_qc.dataset",
        "source_url": "https://www.openstreetmap.org/relation/17787906",
        "licence": "https://opendatacommons.org/licenses/odbl/1-0/",
        "coordinate_method": "Representative named-feature point returned by cached Nominatim OSM search"
      }
    },
    {
      "type": "Feature",
      "geometry": {
        "type": "Point",
        "coordinates": [
          -72.4972366,
          46.3681671
        ]
      },
      "properties": {
        "id": "ca_qc_notre_dame_du_cap_basilica",
        "name": "Notre-Dame-du-Cap Basilica",
        "record_kind": "catalogue_coordinate",
        "source_dataset": "sites_ca_baseline_qc.dataset",
        "source_url": "https://www.openstreetmap.org/way/66794334",
        "licence": "https://opendatacommons.org/licenses/odbl/1-0/",
        "coordinate_method": "Representative named-feature point returned by cached Nominatim OSM search"
      }
    },
    {
      "type": "Feature",
      "geometry": {
        "type": "Point",
        "coordinates": [
          -75.8080118,
          45.4684561
        ]
      },
      "properties": {
        "id": "ca_qc_pink_lake",
        "name": "Pink Lake",
        "record_kind": "catalogue_coordinate",
        "source_dataset": "sites_ca_baseline_qc.dataset",
        "source_url": "https://www.openstreetmap.org/way/38852938",
        "licence": "https://opendatacommons.org/licenses/odbl/1-0/",
        "coordinate_method": "Representative named-feature point returned by cached Nominatim OSM search"
      }
    },
    {
      "type": "Feature",
      "geometry": {
        "type": "Point",
        "coordinates": [
          -73.5985804,
          45.4850515
        ]
      },
      "properties": {
        "id": "ca_qc_shaar_hashomayim_synagogue",
        "name": "Shaar Hashomayim Synagogue",
        "record_kind": "catalogue_coordinate",
        "source_dataset": "sites_ca_baseline_qc.dataset",
        "source_url": "https://www.openstreetmap.org/node/12486817302",
        "licence": "https://opendatacommons.org/licenses/odbl/1-0/",
        "coordinate_method": "Selected exact named OpenStreetMap feature returned by Nominatim"
      }
    },
    {
      "type": "Feature",
      "geometry": {
        "type": "Point",
        "coordinates": [
          -104.6142935,
          50.4475037
        ]
      },
      "properties": {
        "id": "ca_sk_knox_metropolitan_united_church",
        "name": "Knox-Metropolitan United Church",
        "record_kind": "catalogue_coordinate",
        "source_dataset": "sites_ca_baseline_sk.dataset",
        "source_url": "https://www.openstreetmap.org/way/155644111",
        "licence": "https://opendatacommons.org/licenses/odbl/1-0/",
        "coordinate_method": "Representative named-feature point returned by cached Nominatim OSM search"
      }
    },
    {
      "type": "Feature",
      "geometry": {
        "type": "Point",
        "coordinates": [
          -135.0540116,
          60.7182201
        ]
      },
      "properties": {
        "id": "ca_yt_old_log_church_museum",
        "name": "Old Log Church Museum",
        "record_kind": "catalogue_coordinate",
        "source_dataset": "sites_ca_baseline_yt.dataset",
        "source_url": "https://www.openstreetmap.org/way/289834997",
        "licence": "https://opendatacommons.org/licenses/odbl/1-0/",
        "coordinate_method": "Fetched named OSM feature representative point"
      }
    },
    {
      "type": "Feature",
      "geometry": {
        "type": "Point",
        "coordinates": [
          -2.58543,
          51.145
        ]
      },
      "properties": {
        "id": "glastonbury_festival_stone_circle",
        "name": "Glastonbury Festival Stone Circle",
        "record_kind": "catalogue_coordinate",
        "source_dataset": "sites_google_uk_ie_a.dataset",
        "source_url": "https://www.openstreetmap.org/way/1052845455",
        "licence": "https://opendatacommons.org/licenses/odbl/1-0/",
        "coordinate_method": "representative_point"
      }
    },
    {
      "type": "Feature",
      "geometry": {
        "type": "Point",
        "coordinates": [
          174.9051458,
          -37.008058
        ]
      },
      "properties": {
        "id": "nz_auk_auckland_botanic_gardens",
        "name": "Auckland Botanic Gardens",
        "record_kind": "catalogue_coordinate",
        "source_dataset": "sites_nz_baseline_auk.dataset",
        "source_url": "https://www.openstreetmap.org/way/44393572",
        "licence": "https://opendatacommons.org/licenses/odbl/1-0/",
        "coordinate_method": "Fetched representative point of the explicitly selected named OpenStreetMap feature."
      }
    },
    {
      "type": "Feature",
      "geometry": {
        "type": "Point",
        "coordinates": [
          175.0897532,
          -37.0687797
        ]
      },
      "properties": {
        "id": "nz_auk_hunua_falls",
        "name": "Hūnua Falls",
        "record_kind": "catalogue_coordinate",
        "source_dataset": "sites_nz_baseline_auk.dataset",
        "source_url": "https://www.openstreetmap.org/node/563664861",
        "licence": "https://opendatacommons.org/licenses/odbl/1-0/",
        "coordinate_method": "Fetched Nominatim representative point for explicitly selected named OpenStreetMap feature; other results rejected."
      }
    },
    {
      "type": "Feature",
      "geometry": {
        "type": "Point",
        "coordinates": [
          174.4822171,
          -36.9861358
        ]
      },
      "properties": {
        "id": "nz_auk_karekare_falls",
        "name": "Karekare Falls",
        "record_kind": "catalogue_coordinate",
        "source_dataset": "sites_nz_baseline_auk.dataset",
        "source_url": "https://www.openstreetmap.org/node/2668023497",
        "licence": "https://opendatacommons.org/licenses/odbl/1-0/",
        "coordinate_method": "Fetched Nominatim representative point for explicitly selected named OpenStreetMap feature; other results rejected."
      }
    },
    {
      "type": "Feature",
      "geometry": {
        "type": "Point",
        "coordinates": [
          174.7831302,
          -36.900172
        ]
      },
      "properties": {
        "id": "nz_auk_maungakiekie_one_tree_hill",
        "name": "Maungakiekie / One Tree Hill",
        "record_kind": "catalogue_coordinate",
        "source_dataset": "sites_nz_baseline_auk.dataset",
        "source_url": "https://www.openstreetmap.org/node/60667158",
        "licence": "https://opendatacommons.org/licenses/odbl/1-0/",
        "coordinate_method": "Fetched representative point of the explicitly selected named OpenStreetMap feature."
      }
    },
    {
      "type": "Feature",
      "geometry": {
        "type": "Point",
        "coordinates": [
          174.8581588,
          -36.7866877
        ]
      },
      "properties": {
        "id": "nz_auk_rangitoto_island",
        "name": "Rangitoto Island",
        "record_kind": "catalogue_coordinate",
        "source_dataset": "sites_nz_baseline_auk.dataset",
        "source_url": "https://www.openstreetmap.org/node/722148208",
        "licence": "https://opendatacommons.org/licenses/odbl/1-0/",
        "coordinate_method": "Fetched representative point of the explicitly selected named OpenStreetMap feature."
      }
    },
    {
      "type": "Feature",
      "geometry": {
        "type": "Point",
        "coordinates": [
          174.7724351230769,
          -36.85055072307692
        ]
      },
      "properties": {
        "id": "nz_auk_st_andrew_s_first_presbyterian_church_auckland",
        "name": "St Andrew's First Presbyterian Church, Auckland",
        "record_kind": "catalogue_coordinate",
        "source_dataset": "sites_nz_baseline_auk.dataset",
        "source_url": "https://www.openstreetmap.org/way/24233438",
        "licence": "https://opendatacommons.org/licenses/odbl/1-0/",
        "coordinate_method": "Representative mean of fetched vertices of the explicitly selected named church or park footprint."
      }
    },
    {
      "type": "Feature",
      "geometry": {
        "type": "Point",
        "coordinates": [
          174.7612011,
          -36.8502857
        ]
      },
      "properties": {
        "id": "nz_auk_st_matthew_in_the_city",
        "name": "St Matthew in the City",
        "record_kind": "catalogue_coordinate",
        "source_dataset": "sites_nz_baseline_auk.dataset",
        "source_url": "https://www.openstreetmap.org/way/260057689",
        "licence": "https://opendatacommons.org/licenses/odbl/1-0/",
        "coordinate_method": "Fetched representative point of the explicitly selected named OpenStreetMap feature."
      }
    },
    {
      "type": "Feature",
      "geometry": {
        "type": "Point",
        "coordinates": [
          176.1651311,
          -37.6866399
        ]
      },
      "properties": {
        "id": "nz_bop_brain_watkins_house",
        "name": "Brain Watkins House",
        "record_kind": "catalogue_coordinate",
        "source_dataset": "sites_nz_baseline_bop.dataset",
        "source_url": "https://www.openstreetmap.org/way/362535868",
        "licence": "https://opendatacommons.org/licenses/odbl/1-0/",
        "coordinate_method": "Fetched representative point of the explicitly selected named OpenStreetMap feature."
      }
    },
    {
      "type": "Feature",
      "geometry": {
        "type": "Point",
        "coordinates": [
          176.1677249,
          -37.6766968
        ]
      },
      "properties": {
        "id": "nz_bop_elms_mission_house",
        "name": "Elms Mission House",
        "record_kind": "catalogue_coordinate",
        "source_dataset": "sites_nz_baseline_bop.dataset",
        "source_url": "https://www.openstreetmap.org/way/58872638",
        "licence": "https://opendatacommons.org/licenses/odbl/1-0/",
        "coordinate_method": "Fetched representative point of the explicitly selected named OpenStreetMap feature."
      }
    },
    {
      "type": "Feature",
      "geometry": {
        "type": "Point",
        "coordinates": [
          176.2437758,
          -38.1329811
        ]
      },
      "properties": {
        "id": "nz_bop_kuirau_park",
        "name": "Kuirau Park",
        "record_kind": "catalogue_coordinate",
        "source_dataset": "sites_nz_baseline_bop.dataset",
        "source_url": "https://www.openstreetmap.org/way/28917557",
        "licence": "https://opendatacommons.org/licenses/odbl/1-0/",
        "coordinate_method": "Fetched representative point of the explicitly selected named OpenStreetMap feature."
      }
    },
    {
      "type": "Feature",
      "geometry": {
        "type": "Point",
        "coordinates": [
          176.1706707,
          -37.6748753
        ]
      },
      "properties": {
        "id": "nz_bop_mission_cemetery_tauranga",
        "name": "Mission Cemetery, Tauranga",
        "record_kind": "catalogue_coordinate",
        "source_dataset": "sites_nz_baseline_bop.dataset",
        "source_url": "https://www.openstreetmap.org/way/375748804",
        "licence": "https://opendatacommons.org/licenses/odbl/1-0/",
        "coordinate_method": "Fetched representative point of the explicitly selected named OpenStreetMap feature."
      }
    },
    {
      "type": "Feature",
      "geometry": {
        "type": "Point",
        "coordinates": [
          176.1698875,
          -37.679669
        ]
      },
      "properties": {
        "id": "nz_bop_monmouth_redoubt",
        "name": "Monmouth Redoubt",
        "record_kind": "catalogue_coordinate",
        "source_dataset": "sites_nz_baseline_bop.dataset",
        "source_url": "https://www.openstreetmap.org/node/4884774125",
        "licence": "https://opendatacommons.org/licenses/odbl/1-0/",
        "coordinate_method": "Fetched representative point of the explicitly selected named OpenStreetMap feature."
      }
    },
    {
      "type": "Feature",
      "geometry": {
        "type": "Point",
        "coordinates": [
          176.1388966,
          -37.6627293
        ]
      },
      "properties": {
        "id": "nz_bop_otumoetai_pa",
        "name": "Otumoetai Pā",
        "record_kind": "catalogue_coordinate",
        "source_dataset": "sites_nz_baseline_bop.dataset",
        "source_url": "https://www.openstreetmap.org/node/1036787793",
        "licence": "https://opendatacommons.org/licenses/odbl/1-0/",
        "coordinate_method": "Fetched representative point of the explicitly selected named OpenStreetMap feature."
      }
    },
    {
      "type": "Feature",
      "geometry": {
        "type": "Point",
        "coordinates": [
          176.27450894411768,
          -38.159029420588226
        ]
      },
      "properties": {
        "id": "nz_bop_redwoods_whakarewarewa_forest",
        "name": "Redwoods, Whakarewarewa Forest",
        "record_kind": "catalogue_coordinate",
        "source_dataset": "sites_nz_baseline_bop.dataset",
        "source_url": "https://www.openstreetmap.org/way/1227300808",
        "licence": "https://opendatacommons.org/licenses/odbl/1-0/",
        "coordinate_method": "Representative mean of fetched vertices of the explicitly selected named church or park footprint."
      }
    },
    {
      "type": "Feature",
      "geometry": {
        "type": "Point",
        "coordinates": [
          176.2484594,
          -38.1276829
        ]
      },
      "properties": {
        "id": "nz_bop_st_faith_s_church_rotorua",
        "name": "St Faith's Church, Rotorua",
        "record_kind": "catalogue_coordinate",
        "source_dataset": "sites_nz_baseline_bop.dataset",
        "source_url": "https://www.openstreetmap.org/way/964613610",
        "licence": "https://opendatacommons.org/licenses/odbl/1-0/",
        "coordinate_method": "Fetched representative point of the explicitly selected named OpenStreetMap feature."
      }
    },
    {
      "type": "Feature",
      "geometry": {
        "type": "Point",
        "coordinates": [
          176.25341242972968,
          -38.16439408918919
        ]
      },
      "properties": {
        "id": "nz_bop_te_puia",
        "name": "Te Puia",
        "record_kind": "catalogue_coordinate",
        "source_dataset": "sites_nz_baseline_bop.dataset",
        "source_url": "https://www.openstreetmap.org/way/369960412",
        "licence": "https://opendatacommons.org/licenses/odbl/1-0/",
        "coordinate_method": "Representative mean of fetched vertices of the explicitly selected named church or park footprint."
      }
    },
    {
      "type": "Feature",
      "geometry": {
        "type": "Point",
        "coordinates": [
          172.6867938,
          -43.4998021
        ]
      },
      "properties": {
        "id": "nz_can_all_saints_church_burwood",
        "name": "All Saints Church, Burwood",
        "record_kind": "catalogue_coordinate",
        "source_dataset": "sites_nz_baseline_can.dataset",
        "source_url": "https://www.openstreetmap.org/way/446429730",
        "licence": "https://opendatacommons.org/licenses/odbl/1-0/",
        "coordinate_method": "Fetched representative point of the explicitly selected named OpenStreetMap feature."
      }
    },
    {
      "type": "Feature",
      "geometry": {
        "type": "Point",
        "coordinates": [
          170.1421677,
          -43.5950017
        ]
      },
      "properties": {
        "id": "nz_can_aoraki_mount_cook",
        "name": "Aoraki / Mount Cook",
        "record_kind": "catalogue_coordinate",
        "source_dataset": "sites_nz_baseline_can.dataset",
        "source_url": "https://www.openstreetmap.org/node/2625064349",
        "licence": "https://opendatacommons.org/licenses/odbl/1-0/",
        "coordinate_method": "Fetched Nominatim representative point for explicitly selected named OpenStreetMap feature; other results rejected."
      }
    },
    {
      "type": "Feature",
      "geometry": {
        "type": "Point",
        "coordinates": [
          170.4824679,
          -44.0033467
        ]
      },
      "properties": {
        "id": "nz_can_church_of_the_good_shepherd_lake_tekapo",
        "name": "Church of the Good Shepherd, Lake Tekapo",
        "record_kind": "catalogue_coordinate",
        "source_dataset": "sites_nz_baseline_can.dataset",
        "source_url": "https://www.openstreetmap.org/way/88254064",
        "licence": "https://opendatacommons.org/licenses/odbl/1-0/",
        "coordinate_method": "Fetched Nominatim representative point for explicitly selected named OpenStreetMap feature; other results rejected."
      }
    },
    {
      "type": "Feature",
      "geometry": {
        "type": "Point",
        "coordinates": [
          172.6286578,
          -43.5211956
        ]
      },
      "properties": {
        "id": "nz_can_knox_church_christchurch",
        "name": "Knox Church, Christchurch",
        "record_kind": "catalogue_coordinate",
        "source_dataset": "sites_nz_baseline_can.dataset",
        "source_url": "https://www.openstreetmap.org/way/632074828",
        "licence": "https://opendatacommons.org/licenses/odbl/1-0/",
        "coordinate_method": "Fetched representative point of the explicitly selected named OpenStreetMap feature."
      }
    },
    {
      "type": "Feature",
      "geometry": {
        "type": "Point",
        "coordinates": [
          171.7157261,
          -43.2189597
        ]
      },
      "properties": {
        "id": "nz_can_kura_tawhiti",
        "name": "Kura Tāwhiti",
        "record_kind": "catalogue_coordinate",
        "source_dataset": "sites_nz_baseline_can.dataset",
        "source_url": "https://www.openstreetmap.org/node/1451766168",
        "licence": "https://opendatacommons.org/licenses/odbl/1-0/",
        "coordinate_method": "Fetched Nominatim representative point for explicitly selected named OpenStreetMap feature; other results rejected."
      }
    },
    {
      "type": "Feature",
      "geometry": {
        "type": "Point",
        "coordinates": [
          171.247459,
          -44.4016957
        ]
      },
      "properties": {
        "id": "nz_can_sacred_heart_basilica_timaru",
        "name": "Sacred Heart Basilica, Timaru",
        "record_kind": "catalogue_coordinate",
        "source_dataset": "sites_nz_baseline_can.dataset",
        "source_url": "https://www.openstreetmap.org/way/236930982",
        "licence": "https://opendatacommons.org/licenses/odbl/1-0/",
        "coordinate_method": "Fetched Nominatim representative point for explicitly selected named OpenStreetMap feature; other results rejected."
      }
    },
    {
      "type": "Feature",
      "geometry": {
        "type": "Point",
        "coordinates": [
          171.2510792,
          -44.3966065
        ]
      },
      "properties": {
        "id": "nz_can_st_mary_s_church_timaru",
        "name": "St Mary's Church, Timaru",
        "record_kind": "catalogue_coordinate",
        "source_dataset": "sites_nz_baseline_can.dataset",
        "source_url": "https://www.openstreetmap.org/way/412570934",
        "licence": "https://opendatacommons.org/licenses/odbl/1-0/",
        "coordinate_method": "Fetched Nominatim representative point for explicitly selected named OpenStreetMap feature; other results rejected."
      }
    },
    {
      "type": "Feature",
      "geometry": {
        "type": "Point",
        "coordinates": [
          172.6330085,
          -43.534489
        ]
      },
      "properties": {
        "id": "nz_can_st_michael_and_all_angels_christchurch",
        "name": "St Michael and All Angels, Christchurch",
        "record_kind": "catalogue_coordinate",
        "source_dataset": "sites_nz_baseline_can.dataset",
        "source_url": "https://www.openstreetmap.org/way/101333590",
        "licence": "https://opendatacommons.org/licenses/odbl/1-0/",
        "coordinate_method": "Fetched representative point of the explicitly selected named OpenStreetMap feature."
      }
    },
    {
      "type": "Feature",
      "geometry": {
        "type": "Point",
        "coordinates": [
          178.5481336,
          -37.6889752
        ]
      },
      "properties": {
        "id": "nz_gis_east_cape_lighthouse",
        "name": "East Cape Lighthouse",
        "record_kind": "catalogue_coordinate",
        "source_dataset": "sites_nz_baseline_gis.dataset",
        "source_url": "https://www.openstreetmap.org/node/1052815903",
        "licence": "https://opendatacommons.org/licenses/odbl/1-0/",
        "coordinate_method": "Fetched Nominatim representative point for explicitly selected named OpenStreetMap feature; other results rejected."
      }
    },
    {
      "type": "Feature",
      "geometry": {
        "type": "Point",
        "coordinates": [
          177.7197096,
          -38.563803
        ]
      },
      "properties": {
        "id": "nz_gis_eastwoodhill_arboretum",
        "name": "Eastwoodhill Arboretum",
        "record_kind": "catalogue_coordinate",
        "source_dataset": "sites_nz_baseline_gis.dataset",
        "source_url": "https://www.openstreetmap.org/node/4650449500",
        "licence": "https://opendatacommons.org/licenses/odbl/1-0/",
        "coordinate_method": "Fetched Nominatim representative point for explicitly selected named OpenStreetMap feature; other results rejected."
      }
    },
    {
      "type": "Feature",
      "geometry": {
        "type": "Point",
        "coordinates": [
          177.6095757,
          -38.5373597
        ]
      },
      "properties": {
        "id": "nz_gis_rere_falls",
        "name": "Rere Falls",
        "record_kind": "catalogue_coordinate",
        "source_dataset": "sites_nz_baseline_gis.dataset",
        "source_url": "https://www.openstreetmap.org/node/1834062743",
        "licence": "https://opendatacommons.org/licenses/odbl/1-0/",
        "coordinate_method": "Fetched Nominatim representative point for explicitly selected named OpenStreetMap feature; other results rejected."
      }
    },
    {
      "type": "Feature",
      "geometry": {
        "type": "Point",
        "coordinates": [
          176.9003702,
          -39.4902507
        ]
      },
      "properties": {
        "id": "nz_hkb_napier_botanical_gardens",
        "name": "Napier Botanical Gardens",
        "record_kind": "catalogue_coordinate",
        "source_dataset": "sites_nz_baseline_hkb.dataset",
        "source_url": "https://www.openstreetmap.org/way/361353753",
        "licence": "https://opendatacommons.org/licenses/odbl/1-0/",
        "coordinate_method": "Fetched Nominatim representative point for explicitly selected named OpenStreetMap feature; other results rejected."
      }
    },
    {
      "type": "Feature",
      "geometry": {
        "type": "Point",
        "coordinates": [
          176.8315123,
          -39.5502754
        ]
      },
      "properties": {
        "id": "nz_hkb_otatara_pa",
        "name": "Otātara Pā",
        "record_kind": "catalogue_coordinate",
        "source_dataset": "sites_nz_baseline_hkb.dataset",
        "source_url": "https://www.openstreetmap.org/node/1036786446",
        "licence": "https://opendatacommons.org/licenses/odbl/1-0/",
        "coordinate_method": "Fetched Nominatim representative point for explicitly selected named OpenStreetMap feature; other results rejected."
      }
    },
    {
      "type": "Feature",
      "geometry": {
        "type": "Point",
        "coordinates": [
          176.9198119,
          -39.488218
        ]
      },
      "properties": {
        "id": "nz_hkb_pania_of_the_reef",
        "name": "Pania of the Reef",
        "record_kind": "catalogue_coordinate",
        "source_dataset": "sites_nz_baseline_hkb.dataset",
        "source_url": "https://www.openstreetmap.org/node/10930768221",
        "licence": "https://opendatacommons.org/licenses/odbl/1-0/",
        "coordinate_method": "Fetched Nominatim representative point for explicitly selected named OpenStreetMap feature; other results rejected."
      }
    },
    {
      "type": "Feature",
      "geometry": {
        "type": "Point",
        "coordinates": [
          176.8516017,
          -39.1028507
        ]
      },
      "properties": {
        "id": "nz_hkb_shine_falls",
        "name": "Shine Falls",
        "record_kind": "catalogue_coordinate",
        "source_dataset": "sites_nz_baseline_hkb.dataset",
        "source_url": "https://www.openstreetmap.org/node/1063573879",
        "licence": "https://opendatacommons.org/licenses/odbl/1-0/",
        "coordinate_method": "Fetched Nominatim representative point for explicitly selected named OpenStreetMap feature; other results rejected."
      }
    },
    {
      "type": "Feature",
      "geometry": {
        "type": "Point",
        "coordinates": [
          176.9169709,
          -39.4889488
        ]
      },
      "properties": {
        "id": "nz_hkb_waiapu_cathedral_of_saint_john_the_evangelist",
        "name": "Waiapu Cathedral of Saint John the Evangelist",
        "record_kind": "catalogue_coordinate",
        "source_dataset": "sites_nz_baseline_hkb.dataset",
        "source_url": "https://www.openstreetmap.org/way/220459288",
        "licence": "https://opendatacommons.org/licenses/odbl/1-0/",
        "coordinate_method": "Fetched Nominatim representative point for explicitly selected named OpenStreetMap feature; other results rejected."
      }
    },
    {
      "type": "Feature",
      "geometry": {
        "type": "Point",
        "coordinates": [
          174.2460853,
          -41.0964305
        ]
      },
      "properties": {
        "id": "nz_mbh_meretoto_ship_cove",
        "name": "Meretoto / Ship Cove",
        "record_kind": "catalogue_coordinate",
        "source_dataset": "sites_nz_baseline_mbh.dataset",
        "source_url": "https://www.openstreetmap.org/node/1123274468",
        "licence": "https://opendatacommons.org/licenses/odbl/1-0/",
        "coordinate_method": "Fetched Nominatim representative point for explicitly selected named OpenStreetMap feature; other results rejected."
      }
    },
    {
      "type": "Feature",
      "geometry": {
        "type": "Point",
        "coordinates": [
          173.948434,
          -41.5066468
        ]
      },
      "properties": {
        "id": "nz_mbh_pollard_park",
        "name": "Pollard Park",
        "record_kind": "catalogue_coordinate",
        "source_dataset": "sites_nz_baseline_mbh.dataset",
        "source_url": "https://www.openstreetmap.org/way/160456663",
        "licence": "https://opendatacommons.org/licenses/odbl/1-0/",
        "coordinate_method": "Fetched Nominatim representative point for explicitly selected named OpenStreetMap feature; other results rejected."
      }
    },
    {
      "type": "Feature",
      "geometry": {
        "type": "Point",
        "coordinates": [
          173.9539167,
          -41.5113156
        ]
      },
      "properties": {
        "id": "nz_mbh_seymour_square",
        "name": "Seymour Square",
        "record_kind": "catalogue_coordinate",
        "source_dataset": "sites_nz_baseline_mbh.dataset",
        "source_url": "https://www.openstreetmap.org/way/162811773",
        "licence": "https://opendatacommons.org/licenses/odbl/1-0/",
        "coordinate_method": "Fetched Nominatim representative point for explicitly selected named OpenStreetMap feature; other results rejected."
      }
    },
    {
      "type": "Feature",
      "geometry": {
        "type": "Point",
        "coordinates": [
          175.6108151,
          -40.3582231
        ]
      },
      "properties": {
        "id": "nz_mwt_all_saints_church_palmerston_north",
        "name": "All Saints Church, Palmerston North",
        "record_kind": "catalogue_coordinate",
        "source_dataset": "sites_nz_baseline_mwt.dataset",
        "source_url": "https://www.openstreetmap.org/way/216703442",
        "licence": "https://opendatacommons.org/licenses/odbl/1-0/",
        "coordinate_method": "Fetched Nominatim representative point for explicitly selected named OpenStreetMap feature; other results rejected."
      }
    },
    {
      "type": "Feature",
      "geometry": {
        "type": "Point",
        "coordinates": [
          175.6171802,
          -40.3515608
        ]
      },
      "properties": {
        "id": "nz_mwt_cathedral_of_the_holy_spirit_palmerston_north",
        "name": "Cathedral of the Holy Spirit, Palmerston North",
        "record_kind": "catalogue_coordinate",
        "source_dataset": "sites_nz_baseline_mwt.dataset",
        "source_url": "https://www.openstreetmap.org/way/368386831",
        "licence": "https://opendatacommons.org/licenses/odbl/1-0/",
        "coordinate_method": "Fetched Nominatim representative point for explicitly selected named OpenStreetMap feature; other results rejected."
      }
    },
    {
      "type": "Feature",
      "geometry": {
        "type": "Point",
        "coordinates": [
          175.060806,
          -39.9366621
        ]
      },
      "properties": {
        "id": "nz_mwt_durie_hill_elevator",
        "name": "Durie Hill Elevator",
        "record_kind": "catalogue_coordinate",
        "source_dataset": "sites_nz_baseline_mwt.dataset",
        "source_url": "https://www.openstreetmap.org/node/599170181",
        "licence": "https://opendatacommons.org/licenses/odbl/1-0/",
        "coordinate_method": "Fetched Nominatim representative point for explicitly selected named OpenStreetMap feature; other results rejected."
      }
    },
    {
      "type": "Feature",
      "geometry": {
        "type": "Point",
        "coordinates": [
          175.0508558,
          -39.9469168
        ]
      },
      "properties": {
        "id": "nz_mwt_st_paul_s_memorial_church_putiki",
        "name": "St Paul's Memorial Church, Putiki",
        "record_kind": "catalogue_coordinate",
        "source_dataset": "sites_nz_baseline_mwt.dataset",
        "source_url": "https://www.openstreetmap.org/way/255366880",
        "licence": "https://opendatacommons.org/licenses/odbl/1-0/",
        "coordinate_method": "Fetched Nominatim representative point for explicitly selected named OpenStreetMap feature; other results rejected."
      }
    },
    {
      "type": "Feature",
      "geometry": {
        "type": "Point",
        "coordinates": [
          175.6111936,
          -40.3562278
        ]
      },
      "properties": {
        "id": "nz_mwt_te_marae_o_hine_the_square",
        "name": "Te Marae o Hine / The Square",
        "record_kind": "catalogue_coordinate",
        "source_dataset": "sites_nz_baseline_mwt.dataset",
        "source_url": "https://www.openstreetmap.org/relation/11491762",
        "licence": "https://opendatacommons.org/licenses/odbl/1-0/",
        "coordinate_method": "Fetched Nominatim representative point for explicitly selected named OpenStreetMap feature; other results rejected."
      }
    },
    {
      "type": "Feature",
      "geometry": {
        "type": "Point",
        "coordinates": [
          175.6144767,
          -40.3709588
        ]
      },
      "properties": {
        "id": "nz_mwt_victoria_esplanade",
        "name": "Victoria Esplanade",
        "record_kind": "catalogue_coordinate",
        "source_dataset": "sites_nz_baseline_mwt.dataset",
        "source_url": "https://www.openstreetmap.org/way/158588143",
        "licence": "https://opendatacommons.org/licenses/odbl/1-0/",
        "coordinate_method": "Fetched Nominatim representative point for explicitly selected named OpenStreetMap feature; other results rejected."
      }
    },
    {
      "type": "Feature",
      "geometry": {
        "type": "Point",
        "coordinates": [
          173.299534,
          -41.2727826
        ]
      },
      "properties": {
        "id": "nz_nsn_centre_of_new_zealand",
        "name": "Centre of New Zealand",
        "record_kind": "catalogue_coordinate",
        "source_dataset": "sites_nz_baseline_nsn.dataset",
        "source_url": "https://www.openstreetmap.org/node/497543057",
        "licence": "https://opendatacommons.org/licenses/odbl/1-0/",
        "coordinate_method": "Fetched Nominatim representative point for explicitly selected named OpenStreetMap feature; other results rejected."
      }
    },
    {
      "type": "Feature",
      "geometry": {
        "type": "Point",
        "coordinates": [
          173.283754,
          -41.2762604
        ]
      },
      "properties": {
        "id": "nz_nsn_christ_church_cathedral_nelson",
        "name": "Christ Church Cathedral, Nelson",
        "record_kind": "catalogue_coordinate",
        "source_dataset": "sites_nz_baseline_nsn.dataset",
        "source_url": "https://www.openstreetmap.org/way/223239742",
        "licence": "https://opendatacommons.org/licenses/odbl/1-0/",
        "coordinate_method": "Fetched Nominatim representative point for explicitly selected named OpenStreetMap feature; other results rejected."
      }
    },
    {
      "type": "Feature",
      "geometry": {
        "type": "Point",
        "coordinates": [
          173.2403846,
          -41.3130261
        ]
      },
      "properties": {
        "id": "nz_nsn_isel_house",
        "name": "Isel House",
        "record_kind": "catalogue_coordinate",
        "source_dataset": "sites_nz_baseline_nsn.dataset",
        "source_url": "https://www.openstreetmap.org/way/410376697",
        "licence": "https://opendatacommons.org/licenses/odbl/1-0/",
        "coordinate_method": "Fetched Nominatim representative point for explicitly selected named OpenStreetMap feature; other results rejected."
      }
    },
    {
      "type": "Feature",
      "geometry": {
        "type": "Point",
        "coordinates": [
          173.2989573,
          -41.258756
        ]
      },
      "properties": {
        "id": "nz_nsn_miyazu_gardens",
        "name": "Miyazu Gardens",
        "record_kind": "catalogue_coordinate",
        "source_dataset": "sites_nz_baseline_nsn.dataset",
        "source_url": "https://www.openstreetmap.org/way/220989948",
        "licence": "https://opendatacommons.org/licenses/odbl/1-0/",
        "coordinate_method": "Fetched Nominatim representative point for explicitly selected named OpenStreetMap feature; other results rejected."
      }
    },
    {
      "type": "Feature",
      "geometry": {
        "type": "Point",
        "coordinates": [
          173.2904675,
          -41.2735881
        ]
      },
      "properties": {
        "id": "nz_nsn_queen_s_gardens_nelson",
        "name": "Queen's Gardens, Nelson",
        "record_kind": "catalogue_coordinate",
        "source_dataset": "sites_nz_baseline_nsn.dataset",
        "source_url": "https://www.openstreetmap.org/way/46979118",
        "licence": "https://opendatacommons.org/licenses/odbl/1-0/",
        "coordinate_method": "Fetched Nominatim representative point for explicitly selected named OpenStreetMap feature; other results rejected."
      }
    },
    {
      "type": "Feature",
      "geometry": {
        "type": "Point",
        "coordinates": [
          174.3377612,
          -35.696307
        ]
      },
      "properties": {
        "id": "nz_ntl_a_h_reed_memorial_kauri_park",
        "name": "A H Reed Memorial Kauri Park",
        "record_kind": "catalogue_coordinate",
        "source_dataset": "sites_nz_baseline_ntl.dataset",
        "source_url": "https://www.openstreetmap.org/node/2689447444",
        "licence": "https://opendatacommons.org/licenses/odbl/1-0/",
        "coordinate_method": "Fetched Nominatim representative point for explicitly selected named OpenStreetMap feature; other results rejected."
      }
    },
    {
      "type": "Feature",
      "geometry": {
        "type": "Point",
        "coordinates": [
          172.6793483,
          -34.4201843
        ]
      },
      "properties": {
        "id": "nz_ntl_cape_reinga_te_rerenga_wairua",
        "name": "Cape Reinga / Te Rerenga Wairua",
        "record_kind": "catalogue_coordinate",
        "source_dataset": "sites_nz_baseline_ntl.dataset",
        "source_url": "https://www.openstreetmap.org/node/1883511786",
        "licence": "https://opendatacommons.org/licenses/odbl/1-0/",
        "coordinate_method": "Fetched Nominatim representative point for explicitly selected named OpenStreetMap feature; other results rejected."
      }
    },
    {
      "type": "Feature",
      "geometry": {
        "type": "Point",
        "coordinates": [
          174.3367705,
          -35.7127032
        ]
      },
      "properties": {
        "id": "nz_ntl_parihaka_whangarei",
        "name": "Parihaka, Whangarei",
        "record_kind": "catalogue_coordinate",
        "source_dataset": "sites_nz_baseline_ntl.dataset",
        "source_url": "https://www.openstreetmap.org/node/5859732699",
        "licence": "https://opendatacommons.org/licenses/odbl/1-0/",
        "coordinate_method": "Fetched Nominatim representative point for explicitly selected named OpenStreetMap feature; other results rejected."
      }
    },
    {
      "type": "Feature",
      "geometry": {
        "type": "Point",
        "coordinates": [
          174.1437077,
          -35.4564406
        ]
      },
      "properties": {
        "id": "nz_ntl_ruapekapeka",
        "name": "Ruapekapeka",
        "record_kind": "catalogue_coordinate",
        "source_dataset": "sites_nz_baseline_ntl.dataset",
        "source_url": "https://www.openstreetmap.org/node/1036782900",
        "licence": "https://opendatacommons.org/licenses/odbl/1-0/",
        "coordinate_method": "Fetched Nominatim representative point for explicitly selected named OpenStreetMap feature; other results rejected."
      }
    },
    {
      "type": "Feature",
      "geometry": {
        "type": "Point",
        "coordinates": [
          173.5290737,
          -35.6075356
        ]
      },
      "properties": {
        "id": "nz_ntl_te_matua_ngahere",
        "name": "Te Matua Ngahere",
        "record_kind": "catalogue_coordinate",
        "source_dataset": "sites_nz_baseline_ntl.dataset",
        "source_url": "https://www.openstreetmap.org/node/554797517",
        "licence": "https://opendatacommons.org/licenses/odbl/1-0/",
        "coordinate_method": "Fetched Nominatim representative point for explicitly selected named OpenStreetMap feature; other results rejected."
      }
    },
    {
      "type": "Feature",
      "geometry": {
        "type": "Point",
        "coordinates": [
          174.0819642,
          -35.2662655
        ]
      },
      "properties": {
        "id": "nz_ntl_waitangi_treaty_grounds",
        "name": "Waitangi Treaty Grounds",
        "record_kind": "catalogue_coordinate",
        "source_dataset": "sites_nz_baseline_ntl.dataset",
        "source_url": "https://www.openstreetmap.org/way/492871894",
        "licence": "https://opendatacommons.org/licenses/odbl/1-0/",
        "coordinate_method": "Fetched Nominatim representative point for explicitly selected named OpenStreetMap feature; other results rejected."
      }
    },
    {
      "type": "Feature",
      "geometry": {
        "type": "Point",
        "coordinates": [
          174.3065492,
          -35.7137882
        ]
      },
      "properties": {
        "id": "nz_ntl_whangarei_quarry_gardens",
        "name": "Whangārei Quarry Gardens",
        "record_kind": "catalogue_coordinate",
        "source_dataset": "sites_nz_baseline_ntl.dataset",
        "source_url": "https://www.openstreetmap.org/relation/12788780",
        "licence": "https://opendatacommons.org/licenses/odbl/1-0/",
        "coordinate_method": "Fetched Nominatim representative point for explicitly selected named OpenStreetMap feature; other results rejected."
      }
    },
    {
      "type": "Feature",
      "geometry": {
        "type": "Point",
        "coordinates": [
          168.8084258,
          -44.981088
        ]
      },
      "properties": {
        "id": "nz_ota_lake_hayes",
        "name": "Lake Hayes",
        "record_kind": "catalogue_coordinate",
        "source_dataset": "sites_nz_baseline_ota.dataset",
        "source_url": "https://www.openstreetmap.org/way/8109260",
        "licence": "https://opendatacommons.org/licenses/odbl/1-0/",
        "coordinate_method": "Fetched representative point of the explicitly selected named OpenStreetMap feature."
      }
    },
    {
      "type": "Feature",
      "geometry": {
        "type": "Point",
        "coordinates": [
          170.8262448,
          -45.3451734
        ]
      },
      "properties": {
        "id": "nz_ota_moeraki_boulders",
        "name": "Moeraki Boulders",
        "record_kind": "catalogue_coordinate",
        "source_dataset": "sites_nz_baseline_ota.dataset",
        "source_url": "https://www.openstreetmap.org/node/322013741",
        "licence": "https://opendatacommons.org/licenses/odbl/1-0/",
        "coordinate_method": "Fetched Nominatim representative point for explicitly selected named OpenStreetMap feature; other results rejected."
      }
    },
    {
      "type": "Feature",
      "geometry": {
        "type": "Point",
        "coordinates": [
          168.5638361,
          -45.0036642
        ]
      },
      "properties": {
        "id": "nz_ota_moke_lake",
        "name": "Moke Lake",
        "record_kind": "catalogue_coordinate",
        "source_dataset": "sites_nz_baseline_ota.dataset",
        "source_url": "https://www.openstreetmap.org/way/8109079",
        "licence": "https://opendatacommons.org/licenses/odbl/1-0/",
        "coordinate_method": "Fetched representative point of the explicitly selected named OpenStreetMap feature."
      }
    },
    {
      "type": "Feature",
      "geometry": {
        "type": "Point",
        "coordinates": [
          170.9598078,
          -45.098371
        ]
      },
      "properties": {
        "id": "nz_ota_oamaru_public_gardens",
        "name": "Oamaru Public Gardens",
        "record_kind": "catalogue_coordinate",
        "source_dataset": "sites_nz_baseline_ota.dataset",
        "source_url": "https://www.openstreetmap.org/way/24707257",
        "licence": "https://opendatacommons.org/licenses/odbl/1-0/",
        "coordinate_method": "Fetched Nominatim representative point for explicitly selected named OpenStreetMap feature; other results rejected."
      }
    },
    {
      "type": "Feature",
      "geometry": {
        "type": "Point",
        "coordinates": [
          170.5025196,
          -45.866107
        ]
      },
      "properties": {
        "id": "nz_ota_olveston",
        "name": "Olveston",
        "record_kind": "catalogue_coordinate",
        "source_dataset": "sites_nz_baseline_ota.dataset",
        "source_url": "https://www.openstreetmap.org/way/1296809403",
        "licence": "https://opendatacommons.org/licenses/odbl/1-0/",
        "coordinate_method": "Fetched representative point of the explicitly selected named OpenStreetMap feature."
      }
    },
    {
      "type": "Feature",
      "geometry": {
        "type": "Point",
        "coordinates": [
          170.5467251,
          -45.8587785
        ]
      },
      "properties": {
        "id": "nz_ota_signal_hill_lookout",
        "name": "Signal Hill Lookout",
        "record_kind": "catalogue_coordinate",
        "source_dataset": "sites_nz_baseline_ota.dataset",
        "source_url": "https://www.openstreetmap.org/node/7043962783",
        "licence": "https://opendatacommons.org/licenses/odbl/1-0/",
        "coordinate_method": "Fetched representative point of the explicitly selected named OpenStreetMap feature."
      }
    },
    {
      "type": "Feature",
      "geometry": {
        "type": "Point",
        "coordinates": [
          168.6654543,
          -45.0313053
        ]
      },
      "properties": {
        "id": "nz_ota_st_joseph_s_church_queenstown",
        "name": "St Joseph's Church, Queenstown",
        "record_kind": "catalogue_coordinate",
        "source_dataset": "sites_nz_baseline_ota.dataset",
        "source_url": "https://www.openstreetmap.org/way/297025623",
        "licence": "https://opendatacommons.org/licenses/odbl/1-0/",
        "coordinate_method": "Fetched representative point of the explicitly selected named OpenStreetMap feature."
      }
    },
    {
      "type": "Feature",
      "geometry": {
        "type": "Point",
        "coordinates": [
          170.9696017,
          -45.092675
        ]
      },
      "properties": {
        "id": "nz_ota_st_patrick_s_basilica_oamaru",
        "name": "St Patrick's Basilica, Oamaru",
        "record_kind": "catalogue_coordinate",
        "source_dataset": "sites_nz_baseline_ota.dataset",
        "source_url": "https://www.openstreetmap.org/way/411855975",
        "licence": "https://opendatacommons.org/licenses/odbl/1-0/",
        "coordinate_method": "Fetched Nominatim representative point for explicitly selected named OpenStreetMap feature; other results rejected."
      }
    },
    {
      "type": "Feature",
      "geometry": {
        "type": "Point",
        "coordinates": [
          168.6624879,
          -45.0326379
        ]
      },
      "properties": {
        "id": "nz_ota_st_peter_s_church_queenstown",
        "name": "St Peter's Church, Queenstown",
        "record_kind": "catalogue_coordinate",
        "source_dataset": "sites_nz_baseline_ota.dataset",
        "source_url": "https://www.openstreetmap.org/way/246150607",
        "licence": "https://opendatacommons.org/licenses/odbl/1-0/",
        "coordinate_method": "Fetched representative point of the explicitly selected named OpenStreetMap feature."
      }
    },
    {
      "type": "Feature",
      "geometry": {
        "type": "Point",
        "coordinates": [
          168.3977632,
          -46.4074395
        ]
      },
      "properties": {
        "id": "nz_stl_invercargill_eastern_cemetery",
        "name": "Invercargill Eastern Cemetery",
        "record_kind": "catalogue_coordinate",
        "source_dataset": "sites_nz_baseline_stl.dataset",
        "source_url": "https://www.openstreetmap.org/relation/18535022",
        "licence": "https://opendatacommons.org/licenses/odbl/1-0/",
        "coordinate_method": "Fetched Nominatim representative point for explicitly selected named OpenStreetMap feature; other results rejected."
      }
    },
    {
      "type": "Feature",
      "geometry": {
        "type": "Point",
        "coordinates": [
          168.3475576,
          -46.4061046
        ]
      },
      "properties": {
        "id": "nz_stl_southland_fallen_soldiers_memorial",
        "name": "Southland Fallen Soldiers' Memorial",
        "record_kind": "catalogue_coordinate",
        "source_dataset": "sites_nz_baseline_stl.dataset",
        "source_url": "https://www.openstreetmap.org/node/2951942601",
        "licence": "https://opendatacommons.org/licenses/odbl/1-0/",
        "coordinate_method": "Fetched Nominatim representative point for explicitly selected named OpenStreetMap feature; other results rejected."
      }
    },
    {
      "type": "Feature",
      "geometry": {
        "type": "Point",
        "coordinates": [
          168.3529029,
          -46.4125571
        ]
      },
      "properties": {
        "id": "nz_stl_st_john_s_anglican_church_invercargill",
        "name": "St John's Anglican Church, Invercargill",
        "record_kind": "catalogue_coordinate",
        "source_dataset": "sites_nz_baseline_stl.dataset",
        "source_url": "https://www.openstreetmap.org/way/381450103",
        "licence": "https://opendatacommons.org/licenses/odbl/1-0/",
        "coordinate_method": "Fetched Nominatim representative point for explicitly selected named OpenStreetMap feature; other results rejected."
      }
    },
    {
      "type": "Feature",
      "geometry": {
        "type": "Point",
        "coordinates": [
          168.3513422,
          -46.4159803
        ]
      },
      "properties": {
        "id": "nz_stl_st_mary_s_basilica_invercargill",
        "name": "St Mary's Basilica, Invercargill",
        "record_kind": "catalogue_coordinate",
        "source_dataset": "sites_nz_baseline_stl.dataset",
        "source_url": "https://www.openstreetmap.org/way/661932281",
        "licence": "https://opendatacommons.org/licenses/odbl/1-0/",
        "coordinate_method": "Fetched Nominatim representative point for explicitly selected named OpenStreetMap feature; other results rejected."
      }
    },
    {
      "type": "Feature",
      "geometry": {
        "type": "Point",
        "coordinates": [
          167.8711845,
          -44.609207
        ]
      },
      "properties": {
        "id": "nz_stl_stirling_falls",
        "name": "Stirling Falls",
        "record_kind": "catalogue_coordinate",
        "source_dataset": "sites_nz_baseline_stl.dataset",
        "source_url": "https://www.openstreetmap.org/node/1063574574",
        "licence": "https://opendatacommons.org/licenses/odbl/1-0/",
        "coordinate_method": "Fetched Nominatim representative point for explicitly selected named OpenStreetMap feature; other results rejected."
      }
    },
    {
      "type": "Feature",
      "geometry": {
        "type": "Point",
        "coordinates": [
          168.8470512,
          -46.6600622
        ]
      },
      "properties": {
        "id": "nz_stl_waipapa_point_lighthouse",
        "name": "Waipapa Point Lighthouse",
        "record_kind": "catalogue_coordinate",
        "source_dataset": "sites_nz_baseline_stl.dataset",
        "source_url": "https://www.openstreetmap.org/node/268897689",
        "licence": "https://opendatacommons.org/licenses/odbl/1-0/",
        "coordinate_method": "Fetched Nominatim representative point for explicitly selected named OpenStreetMap feature; other results rejected."
      }
    },
    {
      "type": "Feature",
      "geometry": {
        "type": "Point",
        "coordinates": [
          172.9027966,
          -41.0191472
        ]
      },
      "properties": {
        "id": "nz_tas_ngarua_caves",
        "name": "Ngarua Caves",
        "record_kind": "catalogue_coordinate",
        "source_dataset": "sites_nz_baseline_tas.dataset",
        "source_url": "https://www.openstreetmap.org/node/563305088",
        "licence": "https://opendatacommons.org/licenses/odbl/1-0/",
        "coordinate_method": "Fetched Nominatim representative point for explicitly selected named OpenStreetMap feature; other results rejected."
      }
    },
    {
      "type": "Feature",
      "geometry": {
        "type": "Point",
        "coordinates": [
          172.768685,
          -40.8478595
        ]
      },
      "properties": {
        "id": "nz_tas_te_waikoropupu_springs",
        "name": "Te Waikoropupū Springs",
        "record_kind": "catalogue_coordinate",
        "source_dataset": "sites_nz_baseline_tas.dataset",
        "source_url": "https://www.openstreetmap.org/node/1123053223",
        "licence": "https://opendatacommons.org/licenses/odbl/1-0/",
        "coordinate_method": "Fetched Nominatim representative point for explicitly selected named OpenStreetMap feature; other results rejected."
      }
    },
    {
      "type": "Feature",
      "geometry": {
        "type": "Point",
        "coordinates": [
          172.9284058,
          -40.8485375
        ]
      },
      "properties": {
        "id": "nz_tas_wainui_falls",
        "name": "Wainui Falls",
        "record_kind": "catalogue_coordinate",
        "source_dataset": "sites_nz_baseline_tas.dataset",
        "source_url": "https://www.openstreetmap.org/node/5252895022",
        "licence": "https://opendatacommons.org/licenses/odbl/1-0/",
        "coordinate_method": "Fetched Nominatim representative point for explicitly selected named OpenStreetMap feature; other results rejected."
      }
    },
    {
      "type": "Feature",
      "geometry": {
        "type": "Point",
        "coordinates": [
          172.6788609,
          -40.5027515
        ]
      },
      "properties": {
        "id": "nz_tas_wharariki_beach",
        "name": "Wharariki Beach",
        "record_kind": "catalogue_coordinate",
        "source_dataset": "sites_nz_baseline_tas.dataset",
        "source_url": "https://www.openstreetmap.org/way/148634069",
        "licence": "https://opendatacommons.org/licenses/odbl/1-0/",
        "coordinate_method": "Fetched Nominatim representative point for explicitly selected named OpenStreetMap feature; other results rejected."
      }
    },
    {
      "type": "Feature",
      "geometry": {
        "type": "Point",
        "coordinates": [
          173.7549924,
          -39.2762407
        ]
      },
      "properties": {
        "id": "nz_tki_cape_egmont_lighthouse",
        "name": "Cape Egmont Lighthouse",
        "record_kind": "catalogue_coordinate",
        "source_dataset": "sites_nz_baseline_tki.dataset",
        "source_url": "https://www.openstreetmap.org/node/1052815236",
        "licence": "https://opendatacommons.org/licenses/odbl/1-0/",
        "coordinate_method": "Fetched Nominatim representative point for explicitly selected named OpenStreetMap feature; other results rejected."
      }
    },
    {
      "type": "Feature",
      "geometry": {
        "type": "Point",
        "coordinates": [
          174.1074394,
          -39.3251564
        ]
      },
      "properties": {
        "id": "nz_tki_dawson_falls",
        "name": "Dawson Falls",
        "record_kind": "catalogue_coordinate",
        "source_dataset": "sites_nz_baseline_tki.dataset",
        "source_url": "https://www.openstreetmap.org/node/4367272608",
        "licence": "https://opendatacommons.org/licenses/odbl/1-0/",
        "coordinate_method": "Fetched Nominatim representative point for explicitly selected named OpenStreetMap feature; other results rejected."
      }
    },
    {
      "type": "Feature",
      "geometry": {
        "type": "Point",
        "coordinates": [
          174.0234242,
          -39.059508
        ]
      },
      "properties": {
        "id": "nz_tki_paritutu_rock",
        "name": "Paritutu Rock",
        "record_kind": "catalogue_coordinate",
        "source_dataset": "sites_nz_baseline_tki.dataset",
        "source_url": "https://www.openstreetmap.org/node/7021089297",
        "licence": "https://opendatacommons.org/licenses/odbl/1-0/",
        "coordinate_method": "Fetched Nominatim representative point for explicitly selected named OpenStreetMap feature; other results rejected."
      }
    },
    {
      "type": "Feature",
      "geometry": {
        "type": "Point",
        "coordinates": [
          174.0730824,
          -39.0602995
        ]
      },
      "properties": {
        "id": "nz_tki_taranaki_cathedral",
        "name": "Taranaki Cathedral",
        "record_kind": "catalogue_coordinate",
        "source_dataset": "sites_nz_baseline_tki.dataset",
        "source_url": "https://www.openstreetmap.org/way/371860763",
        "licence": "https://opendatacommons.org/licenses/odbl/1-0/",
        "coordinate_method": "Fetched Nominatim representative point for explicitly selected named OpenStreetMap feature; other results rejected."
      }
    },
    {
      "type": "Feature",
      "geometry": {
        "type": "Point",
        "coordinates": [
          174.0920157,
          -39.0583661
        ]
      },
      "properties": {
        "id": "nz_tki_te_henui_cemetery",
        "name": "Te Henui Cemetery",
        "record_kind": "catalogue_coordinate",
        "source_dataset": "sites_nz_baseline_tki.dataset",
        "source_url": "https://www.openstreetmap.org/way/272210310",
        "licence": "https://opendatacommons.org/licenses/odbl/1-0/",
        "coordinate_method": "Fetched Nominatim representative point for explicitly selected named OpenStreetMap feature; other results rejected."
      }
    },
    {
      "type": "Feature",
      "geometry": {
        "type": "Point",
        "coordinates": [
          174.8214336,
          -41.3417343
        ]
      },
      "properties": {
        "id": "nz_wgn_ataturk_memorial_new_zealand",
        "name": "Atatürk Memorial, New Zealand",
        "record_kind": "catalogue_coordinate",
        "source_dataset": "sites_nz_baseline_wgn.dataset",
        "source_url": "https://www.openstreetmap.org/node/2135661911",
        "licence": "https://opendatacommons.org/licenses/odbl/1-0/",
        "coordinate_method": "Fetched representative point of the explicitly selected named OpenStreetMap feature."
      }
    },
    {
      "type": "Feature",
      "geometry": {
        "type": "Point",
        "coordinates": [
          175.2900008,
          -41.6119824
        ]
      },
      "properties": {
        "id": "nz_wgn_cape_palliser_lighthouse",
        "name": "Cape Palliser Lighthouse",
        "record_kind": "catalogue_coordinate",
        "source_dataset": "sites_nz_baseline_wgn.dataset",
        "source_url": "https://www.openstreetmap.org/way/856645636",
        "licence": "https://opendatacommons.org/licenses/odbl/1-0/",
        "coordinate_method": "Fetched Nominatim representative point for explicitly selected named OpenStreetMap feature; other results rejected."
      }
    },
    {
      "type": "Feature",
      "geometry": {
        "type": "Point",
        "coordinates": [
          174.7943249,
          -41.2960371
        ]
      },
      "properties": {
        "id": "nz_wgn_mount_victoria_wellington",
        "name": "Mount Victoria, Wellington",
        "record_kind": "catalogue_coordinate",
        "source_dataset": "sites_nz_baseline_wgn.dataset",
        "source_url": "https://www.openstreetmap.org/node/170485240",
        "licence": "https://opendatacommons.org/licenses/odbl/1-0/",
        "coordinate_method": "Fetched representative point of the explicitly selected named OpenStreetMap feature."
      }
    },
    {
      "type": "Feature",
      "geometry": {
        "type": "Point",
        "coordinates": [
          175.2766803,
          -37.7957866
        ]
      },
      "properties": {
        "id": "nz_wko_hamilton_lake_domain",
        "name": "Hamilton Lake Domain",
        "record_kind": "catalogue_coordinate",
        "source_dataset": "sites_nz_baseline_wko.dataset",
        "source_url": "https://www.openstreetmap.org/way/102657025",
        "licence": "https://opendatacommons.org/licenses/odbl/1-0/",
        "coordinate_method": "Fetched representative point of the explicitly selected named OpenStreetMap feature."
      }
    },
    {
      "type": "Feature",
      "geometry": {
        "type": "Point",
        "coordinates": [
          175.2892025,
          -37.7889437
        ]
      },
      "properties": {
        "id": "nz_wko_hamilton_memorial_park_cenotaph",
        "name": "Hamilton Memorial Park Cenotaph",
        "record_kind": "catalogue_coordinate",
        "source_dataset": "sites_nz_baseline_wko.dataset",
        "source_url": "https://www.openstreetmap.org/way/239399320",
        "licence": "https://opendatacommons.org/licenses/odbl/1-0/",
        "coordinate_method": "Fetched representative point of the explicitly selected named OpenStreetMap feature."
      }
    },
    {
      "type": "Feature",
      "geometry": {
        "type": "Point",
        "coordinates": [
          175.3554992,
          -37.7766448
        ]
      },
      "properties": {
        "id": "nz_wko_hamilton_park_cemetery",
        "name": "Hamilton Park Cemetery",
        "record_kind": "catalogue_coordinate",
        "source_dataset": "sites_nz_baseline_wko.dataset",
        "source_url": "https://www.openstreetmap.org/way/247567121",
        "licence": "https://opendatacommons.org/licenses/odbl/1-0/",
        "coordinate_method": "Fetched representative point of the explicitly selected named OpenStreetMap feature."
      }
    },
    {
      "type": "Feature",
      "geometry": {
        "type": "Point",
        "coordinates": [
          176.0899194,
          -38.648754
        ]
      },
      "properties": {
        "id": "nz_wko_huka_falls",
        "name": "Huka Falls",
        "record_kind": "catalogue_coordinate",
        "source_dataset": "sites_nz_baseline_wko.dataset",
        "source_url": "https://www.openstreetmap.org/node/1116388808",
        "licence": "https://opendatacommons.org/licenses/odbl/1-0/",
        "coordinate_method": "Fetched Nominatim representative point for explicitly selected named OpenStreetMap feature; other results rejected."
      }
    },
    {
      "type": "Feature",
      "geometry": {
        "type": "Point",
        "coordinates": [
          175.7382666,
          -39.0266278
        ]
      },
      "properties": {
        "id": "nz_wko_lake_rotopounamu",
        "name": "Lake Rotopounamu",
        "record_kind": "catalogue_coordinate",
        "source_dataset": "sites_nz_baseline_wko.dataset",
        "source_url": "https://www.openstreetmap.org/relation/11727847",
        "licence": "https://opendatacommons.org/licenses/odbl/1-0/",
        "coordinate_method": "Fetched Nominatim representative point for explicitly selected named OpenStreetMap feature; other results rejected."
      }
    },
    {
      "type": "Feature",
      "geometry": {
        "type": "Point",
        "coordinates": [
          175.2144821,
          -37.8062578
        ]
      },
      "properties": {
        "id": "nz_wko_taitua_arboretum",
        "name": "Taitua Arboretum",
        "record_kind": "catalogue_coordinate",
        "source_dataset": "sites_nz_baseline_wko.dataset",
        "source_url": "https://www.openstreetmap.org/way/108555924",
        "licence": "https://opendatacommons.org/licenses/odbl/1-0/",
        "coordinate_method": "Fetched representative point of the explicitly selected named OpenStreetMap feature."
      }
    },
    {
      "type": "Feature",
      "geometry": {
        "type": "Point",
        "coordinates": [
          175.87957,
          -37.7341896
        ]
      },
      "properties": {
        "id": "nz_wko_wairere_falls",
        "name": "Wairere Falls",
        "record_kind": "catalogue_coordinate",
        "source_dataset": "sites_nz_baseline_wko.dataset",
        "source_url": "https://www.openstreetmap.org/node/5432533827",
        "licence": "https://opendatacommons.org/licenses/odbl/1-0/",
        "coordinate_method": "Fetched Nominatim representative point for explicitly selected named OpenStreetMap feature; other results rejected."
      }
    },
    {
      "type": "Feature",
      "geometry": {
        "type": "Point",
        "coordinates": [
          171.3234154,
          -42.432349
        ]
      },
      "properties": {
        "id": "nz_wtc_brunner_mine_disaster_memorial",
        "name": "Brunner Mine Disaster Memorial",
        "record_kind": "catalogue_coordinate",
        "source_dataset": "sites_nz_baseline_wtc.dataset",
        "source_url": "https://www.openstreetmap.org/node/9199316929",
        "licence": "https://opendatacommons.org/licenses/odbl/1-0/",
        "coordinate_method": "Fetched Nominatim representative point for explicitly selected named OpenStreetMap feature; other results rejected."
      }
    },
    {
      "type": "Feature",
      "geometry": {
        "type": "Point",
        "coordinates": [
          171.0159025,
          -42.9551518
        ]
      },
      "properties": {
        "id": "nz_wtc_hokitika_gorge",
        "name": "Hokitika Gorge",
        "record_kind": "catalogue_coordinate",
        "source_dataset": "sites_nz_baseline_wtc.dataset",
        "source_url": "https://www.openstreetmap.org/node/565064341",
        "licence": "https://opendatacommons.org/licenses/odbl/1-0/",
        "coordinate_method": "Fetched Nominatim representative point for explicitly selected named OpenStreetMap feature; other results rejected."
      }
    },
    {
      "type": "Feature",
      "geometry": {
        "type": "Point",
        "coordinates": [
          169.9652356,
          -43.4391646
        ]
      },
      "properties": {
        "id": "nz_wtc_lake_matheson",
        "name": "Lake Matheson",
        "record_kind": "catalogue_coordinate",
        "source_dataset": "sites_nz_baseline_wtc.dataset",
        "source_url": "https://www.openstreetmap.org/relation/9493937",
        "licence": "https://opendatacommons.org/licenses/odbl/1-0/",
        "coordinate_method": "Fetched Nominatim representative point for explicitly selected named OpenStreetMap feature; other results rejected."
      }
    },
    {
      "type": "Feature",
      "geometry": {
        "type": "Point",
        "coordinates": [
          172.1873378,
          -41.1461061
        ]
      },
      "properties": {
        "id": "nz_wtc_oparara_arch",
        "name": "Ōpārara Arch",
        "record_kind": "catalogue_coordinate",
        "source_dataset": "sites_nz_baseline_wtc.dataset",
        "source_url": "https://www.openstreetmap.org/node/4485065890",
        "licence": "https://opendatacommons.org/licenses/odbl/1-0/",
        "coordinate_method": "Fetched Nominatim representative point for explicitly selected named OpenStreetMap feature; other results rejected."
      }
    },
    {
      "type": "Feature",
      "geometry": {
        "type": "Point",
        "coordinates": [
          -2.3738978,
          55.0035721
        ]
      },
      "properties": {
        "id": "sycamore_gap_tree",
        "name": "Sycamore Gap Tree",
        "record_kind": "catalogue_coordinate",
        "source_dataset": "sites_uk_special_trees.dataset",
        "source_url": "https://www.openstreetmap.org/node/2780045653",
        "licence": "https://opendatacommons.org/licenses/odbl/1-0/",
        "coordinate_method": "representative_point"
      }
    },
    {
      "type": "Feature",
      "geometry": {
        "type": "Point",
        "coordinates": [
          -1.0724681,
          53.2046562
        ]
      },
      "properties": {
        "id": "major_oak",
        "name": "Major Oak",
        "record_kind": "catalogue_coordinate",
        "source_dataset": "sites_uk_special_trees.dataset",
        "source_url": "https://www.openstreetmap.org/node/455984558",
        "licence": "https://opendatacommons.org/licenses/odbl/1-0/",
        "coordinate_method": "representative_point"
      }
    },
    {
      "type": "Feature",
      "geometry": {
        "type": "Point",
        "coordinates": [
          -0.556533,
          51.444661
        ]
      },
      "properties": {
        "id": "ankerwycke_yew",
        "name": "Ankerwycke Yew",
        "record_kind": "catalogue_coordinate",
        "source_dataset": "sites_uk_special_trees.dataset",
        "source_url": "https://www.openstreetmap.org/node/1725620097",
        "licence": "https://opendatacommons.org/licenses/odbl/1-0/",
        "coordinate_method": "representative_point"
      }
    },
    {
      "type": "Feature",
      "geometry": {
        "type": "Point",
        "coordinates": [
          -0.421216,
          52.7251813
        ]
      },
      "properties": {
        "id": "bowthorpe_oak",
        "name": "Bowthorpe Oak",
        "record_kind": "catalogue_coordinate",
        "source_dataset": "sites_uk_special_trees.dataset",
        "source_url": "https://www.openstreetmap.org/node/3635951741",
        "licence": "https://opendatacommons.org/licenses/odbl/1-0/",
        "coordinate_method": "representative_point"
      }
    },
    {
      "type": "Feature",
      "geometry": {
        "type": "Point",
        "coordinates": [
          -2.4284559,
          51.6374774
        ]
      },
      "properties": {
        "id": "tortworth_chestnut",
        "name": "Tortworth Chestnut",
        "record_kind": "catalogue_coordinate",
        "source_dataset": "sites_uk_special_trees.dataset",
        "source_url": "https://www.openstreetmap.org/node/31735638",
        "licence": "https://opendatacommons.org/licenses/odbl/1-0/",
        "coordinate_method": "representative_point"
      }
    },
    {
      "type": "Feature",
      "geometry": {
        "type": "Point",
        "coordinates": [
          -3.3515918,
          50.9837232
        ]
      },
      "properties": {
        "id": "ashbrittle_yew",
        "name": "Ashbrittle Yew",
        "record_kind": "catalogue_coordinate",
        "source_dataset": "sites_uk_special_trees.dataset",
        "source_url": "https://www.openstreetmap.org/node/7763446085",
        "licence": "https://opendatacommons.org/licenses/odbl/1-0/",
        "coordinate_method": "representative_point"
      }
    },
    {
      "type": "Feature",
      "geometry": {
        "type": "Point",
        "coordinates": [
          -2.2968438,
          50.7494204
        ]
      },
      "properties": {
        "id": "tolpuddle_martyrs_tree",
        "name": "Tolpuddle Martyrs’ Tree",
        "record_kind": "catalogue_coordinate",
        "source_dataset": "sites_uk_special_trees.dataset",
        "source_url": "https://www.openstreetmap.org/node/1589880634",
        "licence": "https://opendatacommons.org/licenses/odbl/1-0/",
        "coordinate_method": "representative_point"
      }
    },
    {
      "type": "Feature",
      "geometry": {
        "type": "Point",
        "coordinates": [
          -0.6308442,
          52.8090654
        ]
      },
      "properties": {
        "id": "newtons_apple_tree",
        "name": "Newton’s Apple Tree",
        "record_kind": "catalogue_coordinate",
        "source_dataset": "sites_uk_special_trees.dataset",
        "source_url": "https://www.openstreetmap.org/node/3402214833",
        "licence": "https://opendatacommons.org/licenses/odbl/1-0/",
        "coordinate_method": "representative_point"
      }
    },
    {
      "type": "Feature",
      "geometry": {
        "type": "Point",
        "coordinates": [
          -0.0103562,
          51.2094573
        ]
      },
      "properties": {
        "id": "crowhurst_yew",
        "name": "Crowhurst Yew",
        "record_kind": "catalogue_coordinate",
        "source_dataset": "sites_uk_special_trees.dataset",
        "source_url": "https://www.openstreetmap.org/node/8645057343",
        "licence": "https://opendatacommons.org/licenses/odbl/1-0/",
        "coordinate_method": "representative_point"
      }
    },
    {
      "type": "Feature",
      "geometry": {
        "type": "Point",
        "coordinates": [
          -2.7162263,
          51.1478674
        ]
      },
      "properties": {
        "id": "glastonbury_holy_thorn_st_johns",
        "name": "Glastonbury Holy Thorn — St John’s",
        "record_kind": "catalogue_coordinate",
        "source_dataset": "sites_uk_special_trees.dataset",
        "source_url": "https://www.openstreetmap.org/node/7039610707",
        "licence": "https://opendatacommons.org/licenses/odbl/1-0/",
        "coordinate_method": "representative_point"
      }
    },
    {
      "type": "Feature",
      "geometry": {
        "type": "Point",
        "coordinates": [
          -3.6850647,
          53.1923482
        ]
      },
      "properties": {
        "id": "llangernyw_yew",
        "name": "Llangernyw Yew",
        "record_kind": "catalogue_coordinate",
        "source_dataset": "sites_uk_special_trees.dataset",
        "source_url": "https://www.openstreetmap.org/node/5896467772",
        "licence": "https://opendatacommons.org/licenses/odbl/1-0/",
        "coordinate_method": "representative_point"
      }
    },
    {
      "type": "Feature",
      "geometry": {
        "type": "Point",
        "coordinates": [
          -3.5647758,
          51.9397035
        ]
      },
      "properties": {
        "id": "defynnog_yew",
        "name": "Defynnog Yew",
        "record_kind": "catalogue_coordinate",
        "source_dataset": "sites_uk_special_trees.dataset",
        "source_url": "https://www.openstreetmap.org/node/14106191366",
        "licence": "https://opendatacommons.org/licenses/odbl/1-0/",
        "coordinate_method": "representative_point"
      }
    },
    {
      "type": "Feature",
      "geometry": {
        "type": "Point",
        "coordinates": [
          -3.4903757,
          53.146932
        ]
      },
      "properties": {
        "id": "pulpit_yew_nantglyn",
        "name": "Pulpit Yew",
        "record_kind": "catalogue_coordinate",
        "source_dataset": "sites_uk_special_trees.dataset",
        "source_url": "https://www.openstreetmap.org/node/5896767807",
        "licence": "https://opendatacommons.org/licenses/odbl/1-0/",
        "coordinate_method": "representative_point"
      }
    },
    {
      "type": "Feature",
      "geometry": {
        "type": "Point",
        "coordinates": [
          -4.7951289,
          52.025203
        ]
      },
      "properties": {
        "id": "bleeding_yew_nevern",
        "name": "Bleeding Yew",
        "record_kind": "catalogue_coordinate",
        "source_dataset": "sites_uk_special_trees.dataset",
        "source_url": "https://www.openstreetmap.org/node/9769878838",
        "licence": "https://opendatacommons.org/licenses/odbl/1-0/",
        "coordinate_method": "representative_point"
      }
    },
    {
      "type": "Feature",
      "geometry": {
        "type": "Point",
        "coordinates": [
          -4.0508884,
          56.59822
        ]
      },
      "properties": {
        "id": "fortingall_yew",
        "name": "Fortingall Yew",
        "record_kind": "catalogue_coordinate",
        "source_dataset": "sites_uk_special_trees.dataset",
        "source_url": "https://www.openstreetmap.org/node/3037158139",
        "licence": "https://opendatacommons.org/licenses/odbl/1-0/",
        "coordinate_method": "representative_point"
      }
    },
    {
      "type": "Feature",
      "geometry": {
        "type": "Point",
        "coordinates": [
          -3.5757047,
          56.5613364
        ]
      },
      "properties": {
        "id": "birnam_oak",
        "name": "Birnam Oak",
        "record_kind": "catalogue_coordinate",
        "source_dataset": "sites_uk_special_trees.dataset",
        "source_url": "https://www.openstreetmap.org/node/3639903710",
        "licence": "https://opendatacommons.org/licenses/odbl/1-0/",
        "coordinate_method": "representative_point"
      }
    },
    {
      "type": "Feature",
      "geometry": {
        "type": "Point",
        "coordinates": [
          -2.553699,
          55.4622998
        ]
      },
      "properties": {
        "id": "capon_tree",
        "name": "Capon Tree",
        "record_kind": "catalogue_coordinate",
        "source_dataset": "sites_uk_special_trees.dataset",
        "source_url": "https://www.openstreetmap.org/node/5122619926",
        "licence": "https://opendatacommons.org/licenses/odbl/1-0/",
        "coordinate_method": "representative_point"
      }
    },
    {
      "type": "Feature",
      "geometry": {
        "type": "Point",
        "coordinates": [
          -2.9417237,
          55.8979893
        ]
      },
      "properties": {
        "id": "great_yew_of_ormiston",
        "name": "Great Yew of Ormiston",
        "record_kind": "catalogue_coordinate",
        "source_dataset": "sites_uk_special_trees.dataset",
        "source_url": "https://www.openstreetmap.org/node/1888319972",
        "licence": "https://opendatacommons.org/licenses/odbl/1-0/",
        "coordinate_method": "representative_point"
      }
    },
    {
      "type": "Feature",
      "geometry": {
        "type": "Point",
        "coordinates": [
          -7.7229609,
          54.2541069
        ]
      },
      "properties": {
        "id": "florence_court_irish_yew",
        "name": "Florence Court Irish Yew",
        "record_kind": "catalogue_coordinate",
        "source_dataset": "sites_uk_special_trees.dataset",
        "source_url": "https://www.openstreetmap.org/node/5274376196",
        "licence": "https://opendatacommons.org/licenses/odbl/1-0/",
        "coordinate_method": "representative_point"
      }
    },
    {
      "type": "Feature",
      "geometry": {
        "type": "Point",
        "coordinates": [
          -7.4432257,
          54.1621514
        ]
      },
      "properties": {
        "id": "great_yews_of_crom",
        "name": "Great Yews of Crom",
        "record_kind": "catalogue_coordinate",
        "source_dataset": "sites_uk_special_trees.dataset",
        "source_url": "https://www.openstreetmap.org/way/704886576",
        "licence": "https://opendatacommons.org/licenses/odbl/1-0/",
        "coordinate_method": "representative_point"
      }
    },
    {
      "type": "Feature",
      "geometry": {
        "type": "Point",
        "coordinates": [
          -88.0458439,
          30.6901382
        ]
      },
      "properties": {
        "id": "us_al_cathedral_basilica_of_the_immaculate_conception",
        "name": "Cathedral Basilica of the Immaculate Conception",
        "record_kind": "catalogue_coordinate",
        "source_dataset": "sites_us_baseline_al.dataset",
        "source_url": "https://www.openstreetmap.org/way/362985736",
        "licence": "https://opendatacommons.org/licenses/odbl/1-0/",
        "coordinate_method": "Fetched Nominatim named-feature result; OSM way representative point"
      }
    },
    {
      "type": "Feature",
      "geometry": {
        "type": "Point",
        "coordinates": [
          -86.3027043,
          32.3772802
        ]
      },
      "properties": {
        "id": "us_al_dexter_avenue_king_memorial_baptist_church",
        "name": "Dexter Avenue King Memorial Baptist Church",
        "record_kind": "catalogue_coordinate",
        "source_dataset": "sites_us_baseline_al.dataset",
        "source_url": "https://www.openstreetmap.org/way/129382628",
        "licence": "https://opendatacommons.org/licenses/odbl/1-0/",
        "coordinate_method": "Fetched Nominatim named-feature result; OSM way representative point"
      }
    },
    {
      "type": "Feature",
      "geometry": {
        "type": "Point",
        "coordinates": [
          -87.6322959,
          33.0059672
        ]
      },
      "properties": {
        "id": "us_al_moundville_archaeological_park",
        "name": "Moundville Archaeological Park",
        "record_kind": "catalogue_coordinate",
        "source_dataset": "sites_us_baseline_al.dataset",
        "source_url": "https://www.openstreetmap.org/way/508634946",
        "licence": "https://opendatacommons.org/licenses/odbl/1-0/",
        "coordinate_method": "Fetched Nominatim named-feature result; OSM way representative point"
      }
    },
    {
      "type": "Feature",
      "geometry": {
        "type": "Point",
        "coordinates": [
          -86.3127432,
          32.3720918
        ]
      },
      "properties": {
        "id": "us_al_national_memorial_for_peace_and_justice",
        "name": "National Memorial for Peace and Justice",
        "record_kind": "catalogue_coordinate",
        "source_dataset": "sites_us_baseline_al.dataset",
        "source_url": "https://www.openstreetmap.org/way/550921348",
        "licence": "https://opendatacommons.org/licenses/odbl/1-0/",
        "coordinate_method": "Fetched Nominatim named-feature result; OSM way representative point"
      }
    },
    {
      "type": "Feature",
      "geometry": {
        "type": "Point",
        "coordinates": [
          -85.8099753,
          34.9768056
        ]
      },
      "properties": {
        "id": "us_al_russell_cave",
        "name": "Russell Cave",
        "record_kind": "catalogue_coordinate",
        "source_dataset": "sites_us_baseline_al.dataset",
        "source_url": "https://www.openstreetmap.org/node/9661033885",
        "licence": "https://opendatacommons.org/licenses/odbl/1-0/",
        "coordinate_method": "Fetched Nominatim named-feature result; OSM node representative point"
      }
    },
    {
      "type": "Feature",
      "geometry": {
        "type": "Point",
        "coordinates": [
          -86.6879487,
          34.0554332
        ]
      },
      "properties": {
        "id": "us_al_shrine_of_the_most_blessed_sacrament",
        "name": "Shrine of the Most Blessed Sacrament",
        "record_kind": "catalogue_coordinate",
        "source_dataset": "sites_us_baseline_al.dataset",
        "source_url": "https://www.openstreetmap.org/way/151266790",
        "licence": "https://opendatacommons.org/licenses/odbl/1-0/",
        "coordinate_method": "Fetched Nominatim named-feature result; OSM way representative point"
      }
    },
    {
      "type": "Feature",
      "geometry": {
        "type": "Point",
        "coordinates": [
          -86.8149757,
          33.5167787
        ]
      },
      "properties": {
        "id": "us_al_sixteenth_street_baptist_church",
        "name": "Sixteenth Street Baptist Church",
        "record_kind": "catalogue_coordinate",
        "source_dataset": "sites_us_baseline_al.dataset",
        "source_url": "https://www.openstreetmap.org/way/54778073",
        "licence": "https://opendatacommons.org/licenses/odbl/1-0/",
        "coordinate_method": "Fetched Nominatim named-feature result; OSM way representative point"
      }
    },
    {
      "type": "Feature",
      "geometry": {
        "type": "Point",
        "coordinates": [
          -91.0532396,
          34.6456959
        ]
      },
      "properties": {
        "id": "us_ar_louisiana_purchase_monument",
        "name": "Louisiana Purchase Monument",
        "record_kind": "catalogue_coordinate",
        "source_dataset": "sites_us_baseline_ar.dataset",
        "source_url": "https://www.openstreetmap.org/way/1197958734",
        "licence": "https://opendatacommons.org/licenses/odbl/1-0/",
        "coordinate_method": "Fetched Nominatim named-feature result; OSM way representative point"
      }
    },
    {
      "type": "Feature",
      "geometry": {
        "type": "Point",
        "coordinates": [
          -91.5343475,
          36.4963508
        ]
      },
      "properties": {
        "id": "us_ar_mammoth_spring",
        "name": "Mammoth Spring",
        "record_kind": "catalogue_coordinate",
        "source_dataset": "sites_us_baseline_ar.dataset",
        "source_url": "https://www.openstreetmap.org/relation/1957813",
        "licence": "https://opendatacommons.org/licenses/odbl/1-0/",
        "coordinate_method": "Fetched Nominatim named-feature result; OSM relation representative point"
      }
    },
    {
      "type": "Feature",
      "geometry": {
        "type": "Point",
        "coordinates": [
          -93.2518447,
          35.2167528
        ]
      },
      "properties": {
        "id": "us_ar_mount_nebo",
        "name": "Mount Nebo",
        "record_kind": "catalogue_coordinate",
        "source_dataset": "sites_us_baseline_ar.dataset",
        "source_url": "https://www.openstreetmap.org/node/359009071",
        "licence": "https://opendatacommons.org/licenses/odbl/1-0/",
        "coordinate_method": "Fetched Nominatim named-feature result; OSM node representative point"
      }
    },
    {
      "type": "Feature",
      "geometry": {
        "type": "Point",
        "coordinates": [
          -90.5567409,
          35.2781636
        ]
      },
      "properties": {
        "id": "us_ar_parkin_archeological_state_park",
        "name": "Parkin Archeological State Park",
        "record_kind": "catalogue_coordinate",
        "source_dataset": "sites_us_baseline_ar.dataset",
        "source_url": "https://www.openstreetmap.org/relation/19829559",
        "licence": "https://opendatacommons.org/licenses/odbl/1-0/",
        "coordinate_method": "Fetched Nominatim named-feature result; OSM relation representative point"
      }
    },
    {
      "type": "Feature",
      "geometry": {
        "type": "Point",
        "coordinates": [
          -94.029917,
          36.4540477
        ]
      },
      "properties": {
        "id": "us_ar_pea_ridge_national_military_park",
        "name": "Pea Ridge National Military Park",
        "record_kind": "catalogue_coordinate",
        "source_dataset": "sites_us_baseline_ar.dataset",
        "source_url": "https://www.openstreetmap.org/relation/3368473",
        "licence": "https://opendatacommons.org/licenses/odbl/1-0/",
        "coordinate_method": "Fetched Nominatim named-feature result; OSM relation representative point"
      }
    },
    {
      "type": "Feature",
      "geometry": {
        "type": "Point",
        "coordinates": [
          -92.0635888,
          34.6466857
        ]
      },
      "properties": {
        "id": "us_ar_plum_bayou_mounds",
        "name": "Plum Bayou Mounds",
        "record_kind": "catalogue_coordinate",
        "source_dataset": "sites_us_baseline_ar.dataset",
        "source_url": "https://www.openstreetmap.org/way/1328893381",
        "licence": "https://opendatacommons.org/licenses/odbl/1-0/",
        "coordinate_method": "Fetched Nominatim named-feature result; OSM way representative point"
      }
    },
    {
      "type": "Feature",
      "geometry": {
        "type": "Point",
        "coordinates": [
          -94.3041027,
          35.9861673
        ]
      },
      "properties": {
        "id": "us_ar_prairie_grove_battlefield",
        "name": "Prairie Grove Battlefield",
        "record_kind": "catalogue_coordinate",
        "source_dataset": "sites_us_baseline_ar.dataset",
        "source_url": "https://www.openstreetmap.org/way/302181096",
        "licence": "https://opendatacommons.org/licenses/odbl/1-0/",
        "coordinate_method": "Fetched Nominatim named-feature result; OSM way representative point"
      }
    },
    {
      "type": "Feature",
      "geometry": {
        "type": "Point",
        "coordinates": [
          -92.9364932,
          35.1218458
        ]
      },
      "properties": {
        "id": "us_ar_rock_house_cave",
        "name": "Rock House Cave",
        "record_kind": "catalogue_coordinate",
        "source_dataset": "sites_us_baseline_ar.dataset",
        "source_url": "https://www.openstreetmap.org/node/5742355963",
        "licence": "https://opendatacommons.org/licenses/odbl/1-0/",
        "coordinate_method": "Fetched Nominatim named-feature result; OSM node representative point"
      }
    },
    {
      "type": "Feature",
      "geometry": {
        "type": "Point",
        "coordinates": [
          -110.7293159,
          32.2806757
        ]
      },
      "properties": {
        "id": "us_az_agua_caliente_spring",
        "name": "Agua Caliente Spring",
        "record_kind": "catalogue_coordinate",
        "source_dataset": "sites_us_baseline_az.dataset",
        "source_url": "https://www.openstreetmap.org/node/2006084276",
        "licence": "https://opendatacommons.org/licenses/odbl/1-0/",
        "coordinate_method": "Exact named natural=spring OSM node from bounded public map extract"
      }
    },
    {
      "type": "Feature",
      "geometry": {
        "type": "Point",
        "coordinates": [
          -111.945082,
          33.4612661
        ]
      },
      "properties": {
        "id": "us_az_desert_botanical_garden",
        "name": "Desert Botanical Garden",
        "record_kind": "catalogue_coordinate",
        "source_dataset": "sites_us_baseline_az.dataset",
        "source_url": "https://www.openstreetmap.org/way/34580212",
        "licence": "https://opendatacommons.org/licenses/odbl/1-0/",
        "coordinate_method": "Selected exact named OpenStreetMap feature returned by Nominatim"
      }
    },
    {
      "type": "Feature",
      "geometry": {
        "type": "Point",
        "coordinates": [
          -112.0765171,
          33.4610666
        ]
      },
      "properties": {
        "id": "us_az_japanese_friendship_garden_of_phoenix",
        "name": "Japanese Friendship Garden of Phoenix",
        "record_kind": "catalogue_coordinate",
        "source_dataset": "sites_us_baseline_az.dataset",
        "source_url": "https://www.openstreetmap.org/way/932542869",
        "licence": "https://opendatacommons.org/licenses/odbl/1-0/",
        "coordinate_method": "Nominatim representative point for the named OSM feature geometry"
      }
    },
    {
      "type": "Feature",
      "geometry": {
        "type": "Point",
        "coordinates": [
          -111.8196718,
          33.4127579
        ]
      },
      "properties": {
        "id": "us_az_mesa_arizona_temple",
        "name": "Mesa Arizona Temple",
        "record_kind": "catalogue_coordinate",
        "source_dataset": "sites_us_baseline_az.dataset",
        "source_url": "https://www.openstreetmap.org/way/248614888",
        "licence": "https://opendatacommons.org/licenses/odbl/1-0/",
        "coordinate_method": "Nominatim representative point for exact named OSM feature"
      }
    },
    {
      "type": "Feature",
      "geometry": {
        "type": "Point",
        "coordinates": [
          -110.9737999,
          32.2242445
        ]
      },
      "properties": {
        "id": "us_az_presidio_san_agustin_del_tucson_museum",
        "name": "Presidio San Agustín del Tucsón Museum",
        "record_kind": "catalogue_coordinate",
        "source_dataset": "sites_us_baseline_az.dataset",
        "source_url": "https://www.openstreetmap.org/node/13612645947",
        "licence": "https://opendatacommons.org/licenses/odbl/1-0/",
        "coordinate_method": "Nominatim representative point for exact named OSM feature"
      }
    },
    {
      "type": "Feature",
      "geometry": {
        "type": "Point",
        "coordinates": [
          -112.065933,
          33.4502084
        ]
      },
      "properties": {
        "id": "us_az_rosson_house",
        "name": "Rosson House",
        "record_kind": "catalogue_coordinate",
        "source_dataset": "sites_us_baseline_az.dataset",
        "source_url": "https://www.openstreetmap.org/way/109818819",
        "licence": "https://opendatacommons.org/licenses/odbl/1-0/",
        "coordinate_method": "Selected exact named OpenStreetMap feature returned by Nominatim"
      }
    },
    {
      "type": "Feature",
      "geometry": {
        "type": "Point",
        "coordinates": [
          -112.0746922,
          33.4383848
        ]
      },
      "properties": {
        "id": "us_az_saint_anthony_catholic_church",
        "name": "Saint Anthony Catholic Church",
        "record_kind": "catalogue_coordinate",
        "source_dataset": "sites_us_baseline_az.dataset",
        "source_url": "https://www.openstreetmap.org/way/453660355",
        "licence": "https://opendatacommons.org/licenses/odbl/1-0/",
        "coordinate_method": "Nominatim representative point for exact named OSM feature"
      }
    },
    {
      "type": "Feature",
      "geometry": {
        "type": "Point",
        "coordinates": [
          -110.9715037,
          32.2193682
        ]
      },
      "properties": {
        "id": "us_az_saint_augustine_cathedral",
        "name": "Saint Augustine Cathedral",
        "record_kind": "catalogue_coordinate",
        "source_dataset": "sites_us_baseline_az.dataset",
        "source_url": "https://www.openstreetmap.org/way/34763862",
        "licence": "https://opendatacommons.org/licenses/odbl/1-0/",
        "coordinate_method": "Nominatim representative point for exact named OSM feature"
      }
    },
    {
      "type": "Feature",
      "geometry": {
        "type": "Point",
        "coordinates": [
          -112.0693927,
          33.4507598
        ]
      },
      "properties": {
        "id": "us_az_saint_mary_s_basilica",
        "name": "Saint Mary’s Basilica",
        "record_kind": "catalogue_coordinate",
        "source_dataset": "sites_us_baseline_az.dataset",
        "source_url": "https://www.openstreetmap.org/way/37057984",
        "licence": "https://opendatacommons.org/licenses/odbl/1-0/",
        "coordinate_method": "Nominatim representative point for the named OSM feature geometry"
      }
    },
    {
      "type": "Feature",
      "geometry": {
        "type": "Point",
        "coordinates": [
          -110.8809024,
          32.2607248
        ]
      },
      "properties": {
        "id": "us_az_san_pedro_chapel",
        "name": "San Pedro Chapel",
        "record_kind": "catalogue_coordinate",
        "source_dataset": "sites_us_baseline_az.dataset",
        "source_url": "https://www.openstreetmap.org/way/899344096",
        "licence": "https://opendatacommons.org/licenses/odbl/1-0/",
        "coordinate_method": "Selected exact named OpenStreetMap feature returned by Nominatim"
      }
    },
    {
      "type": "Feature",
      "geometry": {
        "type": "Point",
        "coordinates": [
          -110.9807511,
          32.3398422
        ]
      },
      "properties": {
        "id": "us_az_tohono_chul",
        "name": "Tohono Chul",
        "record_kind": "catalogue_coordinate",
        "source_dataset": "sites_us_baseline_az.dataset",
        "source_url": "https://www.openstreetmap.org/way/154363725",
        "licence": "https://opendatacommons.org/licenses/odbl/1-0/",
        "coordinate_method": "Nominatim representative point for exact named OSM feature"
      }
    },
    {
      "type": "Feature",
      "geometry": {
        "type": "Point",
        "coordinates": [
          -111.9717298,
          33.4481592
        ]
      },
      "properties": {
        "id": "us_az_tovrea_castle",
        "name": "Tovrea Castle",
        "record_kind": "catalogue_coordinate",
        "source_dataset": "sites_us_baseline_az.dataset",
        "source_url": "https://www.openstreetmap.org/way/136668541",
        "licence": "https://opendatacommons.org/licenses/odbl/1-0/",
        "coordinate_method": "Selected exact named OpenStreetMap feature returned by Nominatim"
      }
    },
    {
      "type": "Feature",
      "geometry": {
        "type": "Point",
        "coordinates": [
          -110.9086146,
          32.248394
        ]
      },
      "properties": {
        "id": "us_az_tucson_botanical_gardens",
        "name": "Tucson Botanical Gardens",
        "record_kind": "catalogue_coordinate",
        "source_dataset": "sites_us_baseline_az.dataset",
        "source_url": "https://www.openstreetmap.org/way/229489853",
        "licence": "https://opendatacommons.org/licenses/odbl/1-0/",
        "coordinate_method": "Nominatim representative point for exact named OSM feature"
      }
    },
    {
      "type": "Feature",
      "geometry": {
        "type": "Point",
        "coordinates": [
          -110.9339682,
          32.2751655
        ]
      },
      "properties": {
        "id": "us_az_valley_of_the_moon",
        "name": "Valley of the Moon",
        "record_kind": "catalogue_coordinate",
        "source_dataset": "sites_us_baseline_az.dataset",
        "source_url": "https://www.openstreetmap.org/way/241704960",
        "licence": "https://opendatacommons.org/licenses/odbl/1-0/",
        "coordinate_method": "Nominatim representative point for exact named OSM feature"
      }
    },
    {
      "type": "Feature",
      "geometry": {
        "type": "Point",
        "coordinates": [
          -121.9198029,
          36.542457
        ]
      },
      "properties": {
        "id": "us_ca_carmel_mission",
        "name": "Carmel Mission",
        "record_kind": "catalogue_coordinate",
        "source_dataset": "sites_us_baseline_ca.dataset",
        "source_url": "https://www.openstreetmap.org/way/204510550",
        "licence": "https://opendatacommons.org/licenses/odbl/1-0/",
        "coordinate_method": "Selected exact named OpenStreetMap feature returned by Nominatim"
      }
    },
    {
      "type": "Feature",
      "geometry": {
        "type": "Point",
        "coordinates": [
          -118.2455356,
          34.0580666
        ]
      },
      "properties": {
        "id": "us_ca_cathedral_of_our_lady_of_the_angels",
        "name": "Cathedral of Our Lady of the Angels",
        "record_kind": "catalogue_coordinate",
        "source_dataset": "sites_us_baseline_ca.dataset",
        "source_url": "https://www.openstreetmap.org/way/39550465",
        "licence": "https://opendatacommons.org/licenses/odbl/1-0/",
        "coordinate_method": "Nominatim representative point for the named OSM feature geometry"
      }
    },
    {
      "type": "Feature",
      "geometry": {
        "type": "Point",
        "coordinates": [
          -121.4920034,
          38.5790069
        ]
      },
      "properties": {
        "id": "us_ca_cathedral_of_the_blessed_sacrament_sacramento",
        "name": "Cathedral of the Blessed Sacrament Sacramento",
        "record_kind": "catalogue_coordinate",
        "source_dataset": "sites_us_baseline_ca.dataset",
        "source_url": "https://www.openstreetmap.org/way/60008651",
        "licence": "https://opendatacommons.org/licenses/odbl/1-0/",
        "coordinate_method": "Selected exact named OpenStreetMap feature returned by Nominatim"
      }
    },
    {
      "type": "Feature",
      "geometry": {
        "type": "Point",
        "coordinates": [
          -122.4134968,
          37.7918211
        ]
      },
      "properties": {
        "id": "us_ca_grace_cathedral",
        "name": "Grace Cathedral",
        "record_kind": "catalogue_coordinate",
        "source_dataset": "sites_us_baseline_ca.dataset",
        "source_url": "https://www.openstreetmap.org/way/32946942",
        "licence": "https://opendatacommons.org/licenses/odbl/1-0/",
        "coordinate_method": "Nominatim representative point for the named OSM feature geometry"
      }
    },
    {
      "type": "Feature",
      "geometry": {
        "type": "Point",
        "coordinates": [
          -118.2403348,
          34.0492639
        ]
      },
      "properties": {
        "id": "us_ca_koyasan_beikoku_betsuin",
        "name": "Koyasan Beikoku Betsuin",
        "record_kind": "catalogue_coordinate",
        "source_dataset": "sites_us_baseline_ca.dataset",
        "source_url": "https://www.openstreetmap.org/way/427817541",
        "licence": "https://opendatacommons.org/licenses/odbl/1-0/",
        "coordinate_method": "Nominatim representative point for the named OSM feature geometry"
      }
    },
    {
      "type": "Feature",
      "geometry": {
        "type": "Point",
        "coordinates": [
          -121.4976663,
          38.5761223
        ]
      },
      "properties": {
        "id": "us_ca_leland_stanford_mansion",
        "name": "Leland Stanford Mansion",
        "record_kind": "catalogue_coordinate",
        "source_dataset": "sites_us_baseline_ca.dataset",
        "source_url": "https://www.openstreetmap.org/way/40181299",
        "licence": "https://opendatacommons.org/licenses/odbl/1-0/",
        "coordinate_method": "Selected exact named OpenStreetMap feature returned by Nominatim"
      }
    },
    {
      "type": "Feature",
      "geometry": {
        "type": "Point",
        "coordinates": [
          -119.6572525,
          34.4435996
        ]
      },
      "properties": {
        "id": "us_ca_lotusland",
        "name": "Lotusland",
        "record_kind": "catalogue_coordinate",
        "source_dataset": "sites_us_baseline_ca.dataset",
        "source_url": "https://www.openstreetmap.org/way/854080763",
        "licence": "https://opendatacommons.org/licenses/odbl/1-0/",
        "coordinate_method": "Selected exact named OpenStreetMap feature returned by Nominatim"
      }
    },
    {
      "type": "Feature",
      "geometry": {
        "type": "Point",
        "coordinates": [
          -119.2977728,
          34.2811257
        ]
      },
      "properties": {
        "id": "us_ca_mission_san_buenaventura",
        "name": "Mission San Buenaventura",
        "record_kind": "catalogue_coordinate",
        "source_dataset": "sites_us_baseline_ca.dataset",
        "source_url": "https://www.openstreetmap.org/way/781163732",
        "licence": "https://opendatacommons.org/licenses/odbl/1-0/",
        "coordinate_method": "Selected exact named OpenStreetMap feature returned by Nominatim"
      }
    },
    {
      "type": "Feature",
      "geometry": {
        "type": "Point",
        "coordinates": [
          -117.6629206,
          33.5035037
        ]
      },
      "properties": {
        "id": "us_ca_mission_san_juan_capistrano",
        "name": "Mission San Juan Capistrano",
        "record_kind": "catalogue_coordinate",
        "source_dataset": "sites_us_baseline_ca.dataset",
        "source_url": "https://www.openstreetmap.org/way/70107365",
        "licence": "https://opendatacommons.org/licenses/odbl/1-0/",
        "coordinate_method": "Selected exact named OpenStreetMap feature returned by Nominatim"
      }
    },
    {
      "type": "Feature",
      "geometry": {
        "type": "Point",
        "coordinates": [
          -120.6650418,
          35.2807502
        ]
      },
      "properties": {
        "id": "us_ca_mission_san_luis_obispo",
        "name": "Mission San Luis Obispo",
        "record_kind": "catalogue_coordinate",
        "source_dataset": "sites_us_baseline_ca.dataset",
        "source_url": "https://www.openstreetmap.org/way/45596894",
        "licence": "https://opendatacommons.org/licenses/odbl/1-0/",
        "coordinate_method": "Selected exact named OpenStreetMap feature returned by Nominatim"
      }
    },
    {
      "type": "Feature",
      "geometry": {
        "type": "Point",
        "coordinates": [
          -122.4268123,
          37.7641857
        ]
      },
      "properties": {
        "id": "us_ca_old_mission_dolores",
        "name": "Old Mission Dolores",
        "record_kind": "catalogue_coordinate",
        "source_dataset": "sites_us_baseline_ca.dataset",
        "source_url": "https://www.openstreetmap.org/way/256442765",
        "licence": "https://opendatacommons.org/licenses/odbl/1-0/",
        "coordinate_method": "Nominatim representative point for the named OSM feature geometry"
      }
    },
    {
      "type": "Feature",
      "geometry": {
        "type": "Point",
        "coordinates": [
          -119.7132291,
          34.4383718
        ]
      },
      "properties": {
        "id": "us_ca_old_mission_santa_barbara",
        "name": "Old Mission Santa Barbara",
        "record_kind": "catalogue_coordinate",
        "source_dataset": "sites_us_baseline_ca.dataset",
        "source_url": "https://www.openstreetmap.org/way/389994752",
        "licence": "https://opendatacommons.org/licenses/odbl/1-0/",
        "coordinate_method": "Selected exact named OpenStreetMap feature returned by Nominatim"
      }
    },
    {
      "type": "Feature",
      "geometry": {
        "type": "Point",
        "coordinates": [
          -119.7096762,
          34.4561772
        ]
      },
      "properties": {
        "id": "us_ca_santa_barbara_botanic_garden",
        "name": "Santa Barbara Botanic Garden",
        "record_kind": "catalogue_coordinate",
        "source_dataset": "sites_us_baseline_ca.dataset",
        "source_url": "https://www.openstreetmap.org/way/44581005",
        "licence": "https://opendatacommons.org/licenses/odbl/1-0/",
        "coordinate_method": "Selected exact named OpenStreetMap feature returned by Nominatim"
      }
    },
    {
      "type": "Feature",
      "geometry": {
        "type": "Point",
        "coordinates": [
          -121.4712149,
          38.5723102
        ]
      },
      "properties": {
        "id": "us_ca_sutters_fort",
        "name": "Sutters Fort",
        "record_kind": "catalogue_coordinate",
        "source_dataset": "sites_us_baseline_ca.dataset",
        "source_url": "https://www.openstreetmap.org/relation/1654930",
        "licence": "https://opendatacommons.org/licenses/odbl/1-0/",
        "coordinate_method": "Selected exact named OpenStreetMap feature returned by Nominatim"
      }
    },
    {
      "type": "Feature",
      "geometry": {
        "type": "Point",
        "coordinates": [
          -104.9819814,
          39.7404401
        ]
      },
      "properties": {
        "id": "us_co_cathedral_basilica_of_the_immaculate_conception",
        "name": "Cathedral Basilica of the Immaculate Conception",
        "record_kind": "catalogue_coordinate",
        "source_dataset": "sites_us_baseline_co.dataset",
        "source_url": "https://www.openstreetmap.org/way/91933848",
        "licence": "https://opendatacommons.org/licenses/odbl/1-0/",
        "coordinate_method": "Nominatim representative point for the named OSM feature geometry"
      }
    },
    {
      "type": "Feature",
      "geometry": {
        "type": "Point",
        "coordinates": [
          -104.8228248,
          38.8303573
        ]
      },
      "properties": {
        "id": "us_co_colorado_springs_pioneers_museum",
        "name": "Colorado Springs Pioneers Museum",
        "record_kind": "catalogue_coordinate",
        "source_dataset": "sites_us_baseline_co.dataset",
        "source_url": "https://www.openstreetmap.org/way/186578858",
        "licence": "https://opendatacommons.org/licenses/odbl/1-0/",
        "coordinate_method": "Selected exact named OpenStreetMap feature returned by Nominatim"
      }
    },
    {
      "type": "Feature",
      "geometry": {
        "type": "Point",
        "coordinates": [
          -104.9616402,
          39.7320369
        ]
      },
      "properties": {
        "id": "us_co_denver_botanic_gardens",
        "name": "Denver Botanic Gardens",
        "record_kind": "catalogue_coordinate",
        "source_dataset": "sites_us_baseline_co.dataset",
        "source_url": "https://www.openstreetmap.org/way/223802670",
        "licence": "https://opendatacommons.org/licenses/odbl/1-0/",
        "coordinate_method": "Nominatim representative point for the named OSM feature geometry"
      }
    },
    {
      "type": "Feature",
      "geometry": {
        "type": "Point",
        "coordinates": [
          -104.896927,
          39.7055391
        ]
      },
      "properties": {
        "id": "us_co_fairmount_cemetery",
        "name": "Fairmount Cemetery",
        "record_kind": "catalogue_coordinate",
        "source_dataset": "sites_us_baseline_co.dataset",
        "source_url": "https://www.openstreetmap.org/way/113046167",
        "licence": "https://opendatacommons.org/licenses/odbl/1-0/",
        "coordinate_method": "Nominatim representative point for exact named OSM feature"
      }
    },
    {
      "type": "Feature",
      "geometry": {
        "type": "Point",
        "coordinates": [
          -104.9270856,
          39.7026534
        ]
      },
      "properties": {
        "id": "us_co_four_mile_historic_park",
        "name": "Four Mile Historic Park",
        "record_kind": "catalogue_coordinate",
        "source_dataset": "sites_us_baseline_co.dataset",
        "source_url": "https://www.openstreetmap.org/way/44923053",
        "licence": "https://opendatacommons.org/licenses/odbl/1-0/",
        "coordinate_method": "Selected exact named OpenStreetMap feature returned by Nominatim"
      }
    },
    {
      "type": "Feature",
      "geometry": {
        "type": "Point",
        "coordinates": [
          -104.8824095,
          38.8743771
        ]
      },
      "properties": {
        "id": "us_co_garden_of_the_gods",
        "name": "Garden of the Gods",
        "record_kind": "catalogue_coordinate",
        "source_dataset": "sites_us_baseline_co.dataset",
        "source_url": "https://www.openstreetmap.org/relation/2907014",
        "licence": "https://opendatacommons.org/licenses/odbl/1-0/",
        "coordinate_method": "Selected exact named OpenStreetMap feature returned by Nominatim"
      }
    },
    {
      "type": "Feature",
      "geometry": {
        "type": "Point",
        "coordinates": [
          -105.0227883,
          39.6039003
        ]
      },
      "properties": {
        "id": "us_co_hudson_gardens",
        "name": "Hudson Gardens",
        "record_kind": "catalogue_coordinate",
        "source_dataset": "sites_us_baseline_co.dataset",
        "source_url": "https://www.openstreetmap.org/way/548585713",
        "licence": "https://opendatacommons.org/licenses/odbl/1-0/",
        "coordinate_method": "Selected exact named OpenStreetMap feature returned by Nominatim"
      }
    },
    {
      "type": "Feature",
      "geometry": {
        "type": "Point",
        "coordinates": [
          -104.9225458,
          38.8593463
        ]
      },
      "properties": {
        "id": "us_co_miramont_castle",
        "name": "Miramont Castle",
        "record_kind": "catalogue_coordinate",
        "source_dataset": "sites_us_baseline_co.dataset",
        "source_url": "https://www.openstreetmap.org/way/305663013",
        "licence": "https://opendatacommons.org/licenses/odbl/1-0/",
        "coordinate_method": "Selected exact named OpenStreetMap feature returned by Nominatim"
      }
    },
    {
      "type": "Feature",
      "geometry": {
        "type": "Point",
        "coordinates": [
          -104.9807688,
          39.73751
        ]
      },
      "properties": {
        "id": "us_co_molly_brown_house",
        "name": "Molly Brown House",
        "record_kind": "catalogue_coordinate",
        "source_dataset": "sites_us_baseline_co.dataset",
        "source_url": "https://www.openstreetmap.org/way/131551278",
        "licence": "https://opendatacommons.org/licenses/odbl/1-0/",
        "coordinate_method": "Selected exact named OpenStreetMap feature returned by Nominatim"
      }
    },
    {
      "type": "Feature",
      "geometry": {
        "type": "Point",
        "coordinates": [
          -105.2323511,
          39.7060177
        ]
      },
      "properties": {
        "id": "us_co_mother_cabrini_shrine",
        "name": "Mother Cabrini Shrine",
        "record_kind": "catalogue_coordinate",
        "source_dataset": "sites_us_baseline_co.dataset",
        "source_url": "https://www.openstreetmap.org/way/748902869",
        "licence": "https://opendatacommons.org/licenses/odbl/1-0/",
        "coordinate_method": "Selected exact named OpenStreetMap feature returned by Nominatim"
      }
    },
    {
      "type": "Feature",
      "geometry": {
        "type": "Point",
        "coordinates": [
          -105.2057171,
          39.6653917
        ]
      },
      "properties": {
        "id": "us_co_red_rocks_amphitheatre",
        "name": "Red Rocks Amphitheatre",
        "record_kind": "catalogue_coordinate",
        "source_dataset": "sites_us_baseline_co.dataset",
        "source_url": "https://www.openstreetmap.org/way/229359697",
        "licence": "https://opendatacommons.org/licenses/odbl/1-0/",
        "coordinate_method": "Nominatim representative point for exact named OSM feature"
      }
    },
    {
      "type": "Feature",
      "geometry": {
        "type": "Point",
        "coordinates": [
          -104.9614425,
          39.7936432
        ]
      },
      "properties": {
        "id": "us_co_riverside_cemetery",
        "name": "Riverside Cemetery",
        "record_kind": "catalogue_coordinate",
        "source_dataset": "sites_us_baseline_co.dataset",
        "source_url": "https://www.openstreetmap.org/way/120872578",
        "licence": "https://opendatacommons.org/licenses/odbl/1-0/",
        "coordinate_method": "Nominatim representative point for exact named OSM feature"
      }
    },
    {
      "type": "Feature",
      "geometry": {
        "type": "Point",
        "coordinates": [
          -105.0022717,
          39.7426866
        ]
      },
      "properties": {
        "id": "us_co_saint_elizabeth_of_hungary_church_denver",
        "name": "Saint Elizabeth of Hungary Church Denver",
        "record_kind": "catalogue_coordinate",
        "source_dataset": "sites_us_baseline_co.dataset",
        "source_url": "https://www.openstreetmap.org/way/34855926",
        "licence": "https://opendatacommons.org/licenses/odbl/1-0/",
        "coordinate_method": "Selected exact named OpenStreetMap feature returned by Nominatim"
      }
    },
    {
      "type": "Feature",
      "geometry": {
        "type": "Point",
        "coordinates": [
          -104.9779297,
          39.737605
        ]
      },
      "properties": {
        "id": "us_co_saint_johns_cathedral",
        "name": "Saint John’s Cathedral",
        "record_kind": "catalogue_coordinate",
        "source_dataset": "sites_us_baseline_co.dataset",
        "source_url": "https://www.openstreetmap.org/relation/4744474",
        "licence": "https://opendatacommons.org/licenses/odbl/1-0/",
        "coordinate_method": "Nominatim representative point for exact named OSM feature"
      }
    },
    {
      "type": "Feature",
      "geometry": {
        "type": "Point",
        "coordinates": [
          -104.926116,
          39.7170349
        ]
      },
      "properties": {
        "id": "us_co_temple_emanuel",
        "name": "Temple Emanuel",
        "record_kind": "catalogue_coordinate",
        "source_dataset": "sites_us_baseline_co.dataset",
        "source_url": "https://www.openstreetmap.org/relation/3670420",
        "licence": "https://opendatacommons.org/licenses/odbl/1-0/",
        "coordinate_method": "Nominatim representative point for exact named OSM feature"
      }
    },
    {
      "type": "Feature",
      "geometry": {
        "type": "Point",
        "coordinates": [
          -104.9870044,
          39.7451035
        ]
      },
      "properties": {
        "id": "us_co_trinity_united_methodist_church",
        "name": "Trinity United Methodist Church",
        "record_kind": "catalogue_coordinate",
        "source_dataset": "sites_us_baseline_co.dataset",
        "source_url": "https://www.openstreetmap.org/way/52957908",
        "licence": "https://opendatacommons.org/licenses/odbl/1-0/",
        "coordinate_method": "Nominatim representative point for exact named OSM feature"
      }
    },
    {
      "type": "Feature",
      "geometry": {
        "type": "Point",
        "coordinates": [
          -72.6746273,
          41.7649649
        ]
      },
      "properties": {
        "id": "us_ct_ancient_burying_ground",
        "name": "Ancient Burying Ground",
        "record_kind": "catalogue_coordinate",
        "source_dataset": "sites_us_baseline_ct.dataset",
        "source_url": "https://www.openstreetmap.org/way/43438893",
        "licence": "https://opendatacommons.org/licenses/odbl/1-0/",
        "coordinate_method": "Exact named OpenStreetMap way representative point via Nominatim"
      }
    },
    {
      "type": "Feature",
      "geometry": {
        "type": "Point",
        "coordinates": [
          -72.6921716,
          41.7685339
        ]
      },
      "properties": {
        "id": "us_ct_cathedral_of_saint_joseph",
        "name": "Cathedral of Saint Joseph",
        "record_kind": "catalogue_coordinate",
        "source_dataset": "sites_us_baseline_ct.dataset",
        "source_url": "https://www.openstreetmap.org/way/884590846",
        "licence": "https://opendatacommons.org/licenses/odbl/1-0/",
        "coordinate_method": "Nominatim result for named OpenStreetMap feature"
      }
    },
    {
      "type": "Feature",
      "geometry": {
        "type": "Point",
        "coordinates": [
          -72.8770766,
          41.9543187
        ]
      },
      "properties": {
        "id": "us_ct_enders_falls",
        "name": "Enders Falls",
        "record_kind": "catalogue_coordinate",
        "source_dataset": "sites_us_baseline_ct.dataset",
        "source_url": "https://www.openstreetmap.org/node/7473760266",
        "licence": "https://opendatacommons.org/licenses/odbl/1-0/",
        "coordinate_method": "Nominatim result for named OpenStreetMap feature"
      }
    },
    {
      "type": "Feature",
      "geometry": {
        "type": "Point",
        "coordinates": [
          -77.0048693,
          38.9376727
        ]
      },
      "properties": {
        "id": "us_dc_saint_john_paul_ii_national_shrine",
        "name": "Saint John Paul II National Shrine",
        "record_kind": "catalogue_coordinate",
        "source_dataset": "sites_us_baseline_dc.dataset",
        "source_url": "https://www.openstreetmap.org/way/297739339",
        "licence": "https://opendatacommons.org/licenses/odbl/1-0/",
        "coordinate_method": "Bounding-box centre of the exact named building footprint; coordinates are representative, not a surveyed entrance."
      }
    },
    {
      "type": "Feature",
      "geometry": {
        "type": "Point",
        "coordinates": [
          -75.7433681,
          39.5501608
        ]
      },
      "properties": {
        "id": "us_de_delaware_veterans_memorial_cemetery",
        "name": "Delaware Veterans Memorial Cemetery",
        "record_kind": "catalogue_coordinate",
        "source_dataset": "sites_us_baseline_de.dataset",
        "source_url": "https://www.openstreetmap.org/way/119276325",
        "licence": "https://opendatacommons.org/licenses/odbl/1-0/",
        "coordinate_method": "Fetched Nominatim named-feature result; OSM way representative point"
      }
    },
    {
      "type": "Feature",
      "geometry": {
        "type": "Point",
        "coordinates": [
          -75.0549485,
          38.451364
        ]
      },
      "properties": {
        "id": "us_de_fenwick_island_lighthouse",
        "name": "Fenwick Island Lighthouse",
        "record_kind": "catalogue_coordinate",
        "source_dataset": "sites_us_baseline_de.dataset",
        "source_url": "https://www.openstreetmap.org/way/504617924",
        "licence": "https://opendatacommons.org/licenses/odbl/1-0/",
        "coordinate_method": "Fetched Nominatim named-feature result; OSM way representative point"
      }
    },
    {
      "type": "Feature",
      "geometry": {
        "type": "Point",
        "coordinates": [
          -75.5745819,
          39.7595347
        ]
      },
      "properties": {
        "id": "us_de_immanuel_episcopal_church_on_the_green",
        "name": "Immanuel Episcopal Church on the Green",
        "record_kind": "catalogue_coordinate",
        "source_dataset": "sites_us_baseline_de.dataset",
        "source_url": "https://www.openstreetmap.org/way/716806182",
        "licence": "https://opendatacommons.org/licenses/odbl/1-0/",
        "coordinate_method": "Fetched Nominatim named-feature result; OSM way representative point"
      }
    },
    {
      "type": "Feature",
      "geometry": {
        "type": "Point",
        "coordinates": [
          -75.0670102,
          38.6337665
        ]
      },
      "properties": {
        "id": "us_de_indian_river_life_saving_station",
        "name": "Indian River Life-Saving Station",
        "record_kind": "catalogue_coordinate",
        "source_dataset": "sites_us_baseline_de.dataset",
        "source_url": "https://www.openstreetmap.org/way/905869008",
        "licence": "https://opendatacommons.org/licenses/odbl/1-0/",
        "coordinate_method": "Fetched Nominatim named-feature result; OSM way representative point"
      }
    },
    {
      "type": "Feature",
      "geometry": {
        "type": "Point",
        "coordinates": [
          -75.4486827,
          39.1021214
        ]
      },
      "properties": {
        "id": "us_de_john_dickinson_plantation",
        "name": "John Dickinson Plantation",
        "record_kind": "catalogue_coordinate",
        "source_dataset": "sites_us_baseline_de.dataset",
        "source_url": "https://www.openstreetmap.org/way/720535236",
        "licence": "https://opendatacommons.org/licenses/odbl/1-0/",
        "coordinate_method": "Fetched Nominatim point for the named historic plantation yard; not a burial-ground location"
      }
    },
    {
      "type": "Feature",
      "geometry": {
        "type": "Point",
        "coordinates": [
          -75.5635817,
          39.6597991
        ]
      },
      "properties": {
        "id": "us_de_new_castle_court_house",
        "name": "New Castle Court House",
        "record_kind": "catalogue_coordinate",
        "source_dataset": "sites_us_baseline_de.dataset",
        "source_url": "https://www.openstreetmap.org/way/254766563",
        "licence": "https://opendatacommons.org/licenses/odbl/1-0/",
        "coordinate_method": "Fetched Nominatim named-feature result; OSM way representative point"
      }
    },
    {
      "type": "Feature",
      "geometry": {
        "type": "Point",
        "coordinates": [
          -75.5405433,
          39.7385196
        ]
      },
      "properties": {
        "id": "us_de_old_swedes_church",
        "name": "Old Swedes Church",
        "record_kind": "catalogue_coordinate",
        "source_dataset": "sites_us_baseline_de.dataset",
        "source_url": "https://www.openstreetmap.org/way/368340134",
        "licence": "https://opendatacommons.org/licenses/odbl/1-0/",
        "coordinate_method": "Fetched Nominatim named-feature result; OSM way representative point"
      }
    },
    {
      "type": "Feature",
      "geometry": {
        "type": "Point",
        "coordinates": [
          -80.155165,
          25.930299
        ]
      },
      "properties": {
        "id": "us_fl_ancient_spanish_monastery",
        "name": "Ancient Spanish Monastery",
        "record_kind": "catalogue_coordinate",
        "source_dataset": "sites_us_baseline_fl.dataset",
        "source_url": "https://www.openstreetmap.org/way/610392926",
        "licence": "https://opendatacommons.org/licenses/odbl/1-0/",
        "coordinate_method": "Fetched Nominatim representative point for exact named feature"
      }
    },
    {
      "type": "Feature",
      "geometry": {
        "type": "Point",
        "coordinates": [
          -81.5775043,
          27.9353406
        ]
      },
      "properties": {
        "id": "us_fl_bok_tower",
        "name": "Bok Tower",
        "record_kind": "catalogue_coordinate",
        "source_dataset": "sites_us_baseline_fl.dataset",
        "source_url": "https://www.openstreetmap.org/way/1063200805",
        "licence": "https://opendatacommons.org/licenses/odbl/1-0/",
        "coordinate_method": "Fetched Nominatim named-feature result; OSM way representative point"
      }
    },
    {
      "type": "Feature",
      "geometry": {
        "type": "Point",
        "coordinates": [
          -82.6279909,
          28.909609
        ]
      },
      "properties": {
        "id": "us_fl_crystal_river_archaeological_state_park",
        "name": "Crystal River Archaeological State Park",
        "record_kind": "catalogue_coordinate",
        "source_dataset": "sites_us_baseline_fl.dataset",
        "source_url": "https://www.openstreetmap.org/way/317035243",
        "licence": "https://opendatacommons.org/licenses/odbl/1-0/",
        "coordinate_method": "Fetched Nominatim named-feature result; OSM way representative point"
      }
    },
    {
      "type": "Feature",
      "geometry": {
        "type": "Point",
        "coordinates": [
          -82.6439136,
          27.5230732
        ]
      },
      "properties": {
        "id": "us_fl_de_soto_national_memorial",
        "name": "De Soto National Memorial",
        "record_kind": "catalogue_coordinate",
        "source_dataset": "sites_us_baseline_fl.dataset",
        "source_url": "https://www.openstreetmap.org/way/116594187",
        "licence": "https://opendatacommons.org/licenses/odbl/1-0/",
        "coordinate_method": "Fetched Nominatim named-feature result; OSM way representative point"
      }
    },
    {
      "type": "Feature",
      "geometry": {
        "type": "Point",
        "coordinates": [
          -81.4969623,
          30.3843854
        ]
      },
      "properties": {
        "id": "us_fl_fort_caroline_memorial",
        "name": "Fort Caroline Memorial",
        "record_kind": "catalogue_coordinate",
        "source_dataset": "sites_us_baseline_fl.dataset",
        "source_url": "https://www.openstreetmap.org/relation/6812897",
        "licence": "https://opendatacommons.org/licenses/odbl/1-0/",
        "coordinate_method": "Fetched Nominatim named-feature result; OSM relation representative point"
      }
    },
    {
      "type": "Feature",
      "geometry": {
        "type": "Point",
        "coordinates": [
          -82.8722122,
          24.628596
        ]
      },
      "properties": {
        "id": "us_fl_fort_jefferson",
        "name": "Fort Jefferson",
        "record_kind": "catalogue_coordinate",
        "source_dataset": "sites_us_baseline_fl.dataset",
        "source_url": "https://www.openstreetmap.org/relation/2080589",
        "licence": "https://opendatacommons.org/licenses/odbl/1-0/",
        "coordinate_method": "Fetched Nominatim named-feature result; OSM relation representative point"
      }
    },
    {
      "type": "Feature",
      "geometry": {
        "type": "Point",
        "coordinates": [
          -84.3106603,
          30.5022867
        ]
      },
      "properties": {
        "id": "us_fl_lake_jackson_mounds",
        "name": "Lake Jackson Mounds",
        "record_kind": "catalogue_coordinate",
        "source_dataset": "sites_us_baseline_fl.dataset",
        "source_url": "https://www.openstreetmap.org/way/386039480",
        "licence": "https://opendatacommons.org/licenses/odbl/1-0/",
        "coordinate_method": "Fetched Nominatim named-feature result; OSM way representative point"
      }
    },
    {
      "type": "Feature",
      "geometry": {
        "type": "Point",
        "coordinates": [
          -81.3151239,
          29.9039409
        ]
      },
      "properties": {
        "id": "us_fl_mission_nombre_de_dios",
        "name": "Mission Nombre de Dios",
        "record_kind": "catalogue_coordinate",
        "source_dataset": "sites_us_baseline_fl.dataset",
        "source_url": "https://www.openstreetmap.org/way/665478239",
        "licence": "https://opendatacommons.org/licenses/odbl/1-0/",
        "coordinate_method": "Fetched Nominatim named-feature result; OSM way representative point"
      }
    },
    {
      "type": "Feature",
      "geometry": {
        "type": "Point",
        "coordinates": [
          -84.1796399,
          30.0738345
        ]
      },
      "properties": {
        "id": "us_fl_saint_marks_lighthouse",
        "name": "Saint Marks Lighthouse",
        "record_kind": "catalogue_coordinate",
        "source_dataset": "sites_us_baseline_fl.dataset",
        "source_url": "https://www.openstreetmap.org/way/73450220",
        "licence": "https://opendatacommons.org/licenses/odbl/1-0/",
        "coordinate_method": "Fetched Nominatim named-feature result; OSM way representative point"
      }
    },
    {
      "type": "Feature",
      "geometry": {
        "type": "Point",
        "coordinates": [
          -81.0468165,
          32.0442772
        ]
      },
      "properties": {
        "id": "us_ga_bonaventure_cemetery",
        "name": "Bonaventure Cemetery",
        "record_kind": "catalogue_coordinate",
        "source_dataset": "sites_us_baseline_ga.dataset",
        "source_url": "https://www.openstreetmap.org/way/491501116",
        "licence": "https://opendatacommons.org/licenses/odbl/1-0/",
        "coordinate_method": "Fetched Nominatim named-feature result; OSM way representative point"
      }
    },
    {
      "type": "Feature",
      "geometry": {
        "type": "Point",
        "coordinates": [
          -84.8065192,
          34.1261159
        ]
      },
      "properties": {
        "id": "us_ga_etowah_indian_mounds",
        "name": "Etowah Indian Mounds",
        "record_kind": "catalogue_coordinate",
        "source_dataset": "sites_us_baseline_ga.dataset",
        "source_url": "https://www.openstreetmap.org/way/387758780",
        "licence": "https://opendatacommons.org/licenses/odbl/1-0/",
        "coordinate_method": "Fetched Nominatim named-feature result; OSM way representative point"
      }
    },
    {
      "type": "Feature",
      "geometry": {
        "type": "Point",
        "coordinates": [
          -84.9195139,
          32.063169
        ]
      },
      "properties": {
        "id": "us_ga_providence_canyon",
        "name": "Providence Canyon",
        "record_kind": "catalogue_coordinate",
        "source_dataset": "sites_us_baseline_ga.dataset",
        "source_url": "https://www.openstreetmap.org/way/341079003",
        "licence": "https://opendatacommons.org/licenses/odbl/1-0/",
        "coordinate_method": "Fetched Nominatim named-feature result; OSM way representative point"
      }
    },
    {
      "type": "Feature",
      "geometry": {
        "type": "Point",
        "coordinates": [
          -83.3881332,
          33.4175305
        ]
      },
      "properties": {
        "id": "us_ga_rock_eagle_effigy_mound",
        "name": "Rock Eagle Effigy Mound",
        "record_kind": "catalogue_coordinate",
        "source_dataset": "sites_us_baseline_ga.dataset",
        "source_url": "https://www.openstreetmap.org/way/1078926215",
        "licence": "https://opendatacommons.org/licenses/odbl/1-0/",
        "coordinate_method": "Fetched Nominatim named-feature result; OSM way representative point"
      }
    },
    {
      "type": "Feature",
      "geometry": {
        "type": "Point",
        "coordinates": [
          -81.071087,
          31.9656911
        ]
      },
      "properties": {
        "id": "us_ga_wormsloe",
        "name": "Wormsloe",
        "record_kind": "catalogue_coordinate",
        "source_dataset": "sites_us_baseline_ga.dataset",
        "source_url": "https://www.openstreetmap.org/relation/4061082",
        "licence": "https://opendatacommons.org/licenses/odbl/1-0/",
        "coordinate_method": "Fetched Nominatim named-feature result; OSM relation representative point"
      }
    },
    {
      "type": "Feature",
      "geometry": {
        "type": "Point",
        "coordinates": [
          -96.581432,
          43.4666337
        ]
      },
      "properties": {
        "id": "us_ia_blood_run_site",
        "name": "Blood Run Site",
        "record_kind": "catalogue_coordinate",
        "source_dataset": "sites_us_baseline_ia.dataset",
        "source_url": "https://www.openstreetmap.org/node/6762896006",
        "licence": "https://opendatacommons.org/licenses/odbl/1-0/",
        "coordinate_method": "Nominatim result for named OpenStreetMap feature"
      }
    },
    {
      "type": "Feature",
      "geometry": {
        "type": "Point",
        "coordinates": [
          -90.6463442,
          42.4688582
        ]
      },
      "properties": {
        "id": "us_ia_julien_dubuque_monument",
        "name": "Julien Dubuque Monument",
        "record_kind": "catalogue_coordinate",
        "source_dataset": "sites_us_baseline_ia.dataset",
        "source_url": "https://www.openstreetmap.org/node/354329250",
        "licence": "https://opendatacommons.org/licenses/odbl/1-0/",
        "coordinate_method": "Nominatim result for named OpenStreetMap feature"
      }
    },
    {
      "type": "Feature",
      "geometry": {
        "type": "Point",
        "coordinates": [
          -91.8695117,
          41.8004718
        ]
      },
      "properties": {
        "id": "us_ia_main_amana_church",
        "name": "Main Amana Church",
        "record_kind": "catalogue_coordinate",
        "source_dataset": "sites_us_baseline_ia.dataset",
        "source_url": "https://www.openstreetmap.org/way/193819182",
        "licence": "https://opendatacommons.org/licenses/odbl/1-0/",
        "coordinate_method": "Nominatim representative named-feature point from OSM"
      }
    },
    {
      "type": "Feature",
      "geometry": {
        "type": "Point",
        "coordinates": [
          -90.5353553,
          42.3639645
        ]
      },
      "properties": {
        "id": "us_ia_saint_donatus_catholic_church",
        "name": "Saint Donatus Catholic Church",
        "record_kind": "catalogue_coordinate",
        "source_dataset": "sites_us_baseline_ia.dataset",
        "source_url": "https://www.openstreetmap.org/node/354390669",
        "licence": "https://opendatacommons.org/licenses/odbl/1-0/",
        "coordinate_method": "Nominatim result for named OpenStreetMap feature"
      }
    },
    {
      "type": "Feature",
      "geometry": {
        "type": "Point",
        "coordinates": [
          -116.2306859,
          43.605186
        ]
      },
      "properties": {
        "id": "us_id_ahavath_beth_israel_synagogue",
        "name": "Ahavath Beth Israel Synagogue",
        "record_kind": "catalogue_coordinate",
        "source_dataset": "sites_us_baseline_id.dataset",
        "source_url": "https://www.openstreetmap.org/way/892844996",
        "licence": "https://opendatacommons.org/licenses/odbl/1-0/",
        "coordinate_method": "Selected exact named OpenStreetMap feature returned by Nominatim"
      }
    },
    {
      "type": "Feature",
      "geometry": {
        "type": "Point",
        "coordinates": [
          -116.1986241,
          43.6215001
        ]
      },
      "properties": {
        "id": "us_id_cathedral_of_saint_john_the_evangelist_boise",
        "name": "Cathedral of Saint John the Evangelist Boise",
        "record_kind": "catalogue_coordinate",
        "source_dataset": "sites_us_baseline_id.dataset",
        "source_url": "https://www.openstreetmap.org/way/664460316",
        "licence": "https://opendatacommons.org/licenses/odbl/1-0/",
        "coordinate_method": "Selected exact named OpenStreetMap feature returned by Nominatim"
      }
    },
    {
      "type": "Feature",
      "geometry": {
        "type": "Point",
        "coordinates": [
          -116.1612744,
          43.6009938
        ]
      },
      "properties": {
        "id": "us_id_idaho_botanical_garden",
        "name": "Idaho Botanical Garden",
        "record_kind": "catalogue_coordinate",
        "source_dataset": "sites_us_baseline_id.dataset",
        "source_url": "https://www.openstreetmap.org/way/355387601",
        "licence": "https://opendatacommons.org/licenses/odbl/1-0/",
        "coordinate_method": "Selected exact named OpenStreetMap feature returned by Nominatim"
      }
    },
    {
      "type": "Feature",
      "geometry": {
        "type": "Point",
        "coordinates": [
          -116.2000377,
          43.6187832
        ]
      },
      "properties": {
        "id": "us_id_saint_michaels_cathedral_boise",
        "name": "Saint Michaels Cathedral Boise",
        "record_kind": "catalogue_coordinate",
        "source_dataset": "sites_us_baseline_id.dataset",
        "source_url": "https://www.openstreetmap.org/way/492879418",
        "licence": "https://opendatacommons.org/licenses/odbl/1-0/",
        "coordinate_method": "Selected exact named OpenStreetMap feature returned by Nominatim"
      }
    },
    {
      "type": "Feature",
      "geometry": {
        "type": "Point",
        "coordinates": [
          -87.7185852,
          41.886827
        ]
      },
      "properties": {
        "id": "us_il_garfield_park_conservatory",
        "name": "Garfield Park Conservatory",
        "record_kind": "catalogue_coordinate",
        "source_dataset": "sites_us_baseline_il.dataset",
        "source_url": "https://www.openstreetmap.org/way/163779324",
        "licence": "https://opendatacommons.org/licenses/odbl/1-0/",
        "coordinate_method": "Exact named OpenStreetMap way representative point via Nominatim"
      }
    },
    {
      "type": "Feature",
      "geometry": {
        "type": "Point",
        "coordinates": [
          -87.6275532,
          41.8960215
        ]
      },
      "properties": {
        "id": "us_il_holy_name_cathedral",
        "name": "Holy Name Cathedral",
        "record_kind": "catalogue_coordinate",
        "source_dataset": "sites_us_baseline_il.dataset",
        "source_url": "https://www.openstreetmap.org/way/75684994",
        "licence": "https://opendatacommons.org/licenses/odbl/1-0/",
        "coordinate_method": "Nominatim representative named-feature point from OSM"
      }
    },
    {
      "type": "Feature",
      "geometry": {
        "type": "Point",
        "coordinates": [
          -87.6445042,
          41.8794586
        ]
      },
      "properties": {
        "id": "us_il_old_saint_patrick_s_church",
        "name": "Old Saint Patrick's Church",
        "record_kind": "catalogue_coordinate",
        "source_dataset": "sites_us_baseline_il.dataset",
        "source_url": "https://www.openstreetmap.org/way/148682635",
        "licence": "https://opendatacommons.org/licenses/odbl/1-0/",
        "coordinate_method": "Nominatim representative named-feature point from OSM"
      }
    },
    {
      "type": "Feature",
      "geometry": {
        "type": "Point",
        "coordinates": [
          -88.9901416,
          41.3212955
        ]
      },
      "properties": {
        "id": "us_il_starved_rock",
        "name": "Starved Rock",
        "record_kind": "catalogue_coordinate",
        "source_dataset": "sites_us_baseline_il.dataset",
        "source_url": "https://www.openstreetmap.org/node/9363015028",
        "licence": "https://opendatacommons.org/licenses/odbl/1-0/",
        "coordinate_method": "Nominatim representative named-feature point from OSM"
      }
    },
    {
      "type": "Feature",
      "geometry": {
        "type": "Point",
        "coordinates": [
          -85.1378665,
          41.0757423
        ]
      },
      "properties": {
        "id": "us_in_cathedral_of_the_immaculate_conception_fort_wayne_indiana",
        "name": "Cathedral of the Immaculate Conception",
        "record_kind": "catalogue_coordinate",
        "source_dataset": "sites_us_baseline_in.dataset",
        "source_url": "https://www.openstreetmap.org/way/81992117",
        "licence": "https://opendatacommons.org/licenses/odbl/1-0/",
        "coordinate_method": "Exact named OpenStreetMap way representative point via Nominatim"
      }
    },
    {
      "type": "Feature",
      "geometry": {
        "type": "Point",
        "coordinates": [
          -85.6225163,
          40.0943764
        ]
      },
      "properties": {
        "id": "us_in_great_mound",
        "name": "Great Mound",
        "record_kind": "catalogue_coordinate",
        "source_dataset": "sites_us_baseline_in.dataset",
        "source_url": "https://www.openstreetmap.org/node/4747379474",
        "licence": "https://opendatacommons.org/licenses/odbl/1-0/",
        "coordinate_method": "OSM API named feature node"
      }
    },
    {
      "type": "Feature",
      "geometry": {
        "type": "Point",
        "coordinates": [
          -86.1569472,
          39.7733593
        ]
      },
      "properties": {
        "id": "us_in_indiana_world_war_memorial_plaza",
        "name": "Indiana War Memorial",
        "record_kind": "catalogue_coordinate",
        "source_dataset": "sites_us_baseline_in.dataset",
        "source_url": "https://www.openstreetmap.org/way/339760249",
        "licence": "https://opendatacommons.org/licenses/odbl/1-0/",
        "coordinate_method": "Exact named OpenStreetMap way representative point via Nominatim"
      }
    },
    {
      "type": "Feature",
      "geometry": {
        "type": "Point",
        "coordinates": [
          -97.3352788,
          37.6930227
        ]
      },
      "properties": {
        "id": "us_ks_cathedral_of_the_immaculate_conception_wichita",
        "name": "Cathedral of the Immaculate Conception Wichita",
        "record_kind": "catalogue_coordinate",
        "source_dataset": "sites_us_baseline_ks.dataset",
        "source_url": "https://www.openstreetmap.org/way/676459832",
        "licence": "https://opendatacommons.org/licenses/odbl/1-0/",
        "coordinate_method": "Selected exact named OpenStreetMap feature returned by Nominatim"
      }
    },
    {
      "type": "Feature",
      "geometry": {
        "type": "Point",
        "coordinates": [
          -95.6838285,
          39.0507192
        ]
      },
      "properties": {
        "id": "us_ks_grace_episcopal_cathedral_topeka",
        "name": "Grace Episcopal Cathedral Topeka",
        "record_kind": "catalogue_coordinate",
        "source_dataset": "sites_us_baseline_ks.dataset",
        "source_url": "https://www.openstreetmap.org/way/195043172",
        "licence": "https://opendatacommons.org/licenses/odbl/1-0/",
        "coordinate_method": "Selected exact named OpenStreetMap feature returned by Nominatim"
      }
    },
    {
      "type": "Feature",
      "geometry": {
        "type": "Point",
        "coordinates": [
          -97.3496833,
          37.6913842
        ]
      },
      "properties": {
        "id": "us_ks_keeper_of_the_plains",
        "name": "Keeper of the Plains",
        "record_kind": "catalogue_coordinate",
        "source_dataset": "sites_us_baseline_ks.dataset",
        "source_url": "https://www.openstreetmap.org/node/984831116",
        "licence": "https://opendatacommons.org/licenses/odbl/1-0/",
        "coordinate_method": "Selected exact named OpenStreetMap feature returned by Nominatim"
      }
    },
    {
      "type": "Feature",
      "geometry": {
        "type": "Point",
        "coordinates": [
          -85.5291131,
          37.6646562
        ]
      },
      "properties": {
        "id": "us_ky_abbey_of_gethsemani",
        "name": "Abbey of Gethsemani",
        "record_kind": "catalogue_coordinate",
        "source_dataset": "sites_us_baseline_ky.dataset",
        "source_url": "https://www.openstreetmap.org/way/550486023",
        "licence": "https://opendatacommons.org/licenses/odbl/1-0/",
        "coordinate_method": "Fetched Nominatim named-feature result; OSM way representative point"
      }
    },
    {
      "type": "Feature",
      "geometry": {
        "type": "Point",
        "coordinates": [
          -84.7476009,
          38.882299
        ]
      },
      "properties": {
        "id": "us_ky_big_bone_lick",
        "name": "Big Bone Lick",
        "record_kind": "catalogue_coordinate",
        "source_dataset": "sites_us_baseline_ky.dataset",
        "source_url": "https://www.openstreetmap.org/way/286653759",
        "licence": "https://opendatacommons.org/licenses/odbl/1-0/",
        "coordinate_method": "Fetched Nominatim named-feature result; OSM way representative point"
      }
    },
    {
      "type": "Feature",
      "geometry": {
        "type": "Point",
        "coordinates": [
          -84.6018808,
          37.7870481
        ]
      },
      "properties": {
        "id": "us_ky_camp_nelson_national_cemetery",
        "name": "Camp Nelson National Cemetery",
        "record_kind": "catalogue_coordinate",
        "source_dataset": "sites_us_baseline_ky.dataset",
        "source_url": "https://www.openstreetmap.org/relation/12129612",
        "licence": "https://opendatacommons.org/licenses/odbl/1-0/",
        "coordinate_method": "Fetched Nominatim named-feature result; OSM relation representative point"
      }
    },
    {
      "type": "Feature",
      "geometry": {
        "type": "Point",
        "coordinates": [
          -86.1034214,
          37.1872902
        ]
      },
      "properties": {
        "id": "us_ky_mammoth_cave_historic_entrance",
        "name": "Mammoth Cave Historic Entrance",
        "record_kind": "catalogue_coordinate",
        "source_dataset": "sites_us_baseline_ky.dataset",
        "source_url": "https://www.openstreetmap.org/node/260097671",
        "licence": "https://opendatacommons.org/licenses/odbl/1-0/",
        "coordinate_method": "Fetched Nominatim named-feature result; OSM node representative point"
      }
    },
    {
      "type": "Feature",
      "geometry": {
        "type": "Point",
        "coordinates": [
          -83.6854081,
          37.7731201
        ]
      },
      "properties": {
        "id": "us_ky_natural_bridge",
        "name": "Natural Bridge",
        "record_kind": "catalogue_coordinate",
        "source_dataset": "sites_us_baseline_ky.dataset",
        "source_url": "https://www.openstreetmap.org/way/778747915",
        "licence": "https://opendatacommons.org/licenses/odbl/1-0/",
        "coordinate_method": "Fetched Nominatim named-feature result; OSM way representative point"
      }
    },
    {
      "type": "Feature",
      "geometry": {
        "type": "Point",
        "coordinates": [
          -84.7533184,
          37.8303011
        ]
      },
      "properties": {
        "id": "us_ky_shaker_village_of_pleasant_hill",
        "name": "Shaker Village of Pleasant Hill",
        "record_kind": "catalogue_coordinate",
        "source_dataset": "sites_us_baseline_ky.dataset",
        "source_url": "https://www.openstreetmap.org/relation/12091121",
        "licence": "https://opendatacommons.org/licenses/odbl/1-0/",
        "coordinate_method": "Fetched Nominatim named-feature result; OSM relation representative point"
      }
    },
    {
      "type": "Feature",
      "geometry": {
        "type": "Point",
        "coordinates": [
          -89.0917492,
          36.9712176
        ]
      },
      "properties": {
        "id": "us_ky_wickliffe_mounds",
        "name": "Wickliffe Mounds",
        "record_kind": "catalogue_coordinate",
        "source_dataset": "sites_us_baseline_ky.dataset",
        "source_url": "https://www.openstreetmap.org/way/848671683",
        "licence": "https://opendatacommons.org/licenses/odbl/1-0/",
        "coordinate_method": "Fetched Nominatim named-feature result; OSM way representative point"
      }
    },
    {
      "type": "Feature",
      "geometry": {
        "type": "Point",
        "coordinates": [
          -89.9883593,
          29.9408035
        ]
      },
      "properties": {
        "id": "us_la_chalmette_national_cemetery",
        "name": "Chalmette National Cemetery",
        "record_kind": "catalogue_coordinate",
        "source_dataset": "sites_us_baseline_la.dataset",
        "source_url": "https://www.openstreetmap.org/way/31139811",
        "licence": "https://opendatacommons.org/licenses/odbl/1-0/",
        "coordinate_method": "Fetched Nominatim named-feature result; OSM way representative point"
      }
    },
    {
      "type": "Feature",
      "geometry": {
        "type": "Point",
        "coordinates": [
          -91.8226942,
          30.1369313
        ]
      },
      "properties": {
        "id": "us_la_evangeline_oak",
        "name": "Evangeline Oak",
        "record_kind": "catalogue_coordinate",
        "source_dataset": "sites_us_baseline_la.dataset",
        "source_url": "https://www.openstreetmap.org/node/13122801508",
        "licence": "https://opendatacommons.org/licenses/odbl/1-0/",
        "coordinate_method": "Fetched Nominatim named-feature result; OSM node representative point"
      }
    },
    {
      "type": "Feature",
      "geometry": {
        "type": "Point",
        "coordinates": [
          -92.0479018,
          31.1246318
        ]
      },
      "properties": {
        "id": "us_la_marksville_prehistoric_indian_site",
        "name": "Marksville Prehistoric Indian Site",
        "record_kind": "catalogue_coordinate",
        "source_dataset": "sites_us_baseline_la.dataset",
        "source_url": "https://www.openstreetmap.org/node/358380409",
        "licence": "https://opendatacommons.org/licenses/odbl/1-0/",
        "coordinate_method": "Fetched Nominatim named-feature result; OSM node representative point"
      }
    },
    {
      "type": "Feature",
      "geometry": {
        "type": "Point",
        "coordinates": [
          -90.0606573,
          29.9608478
        ]
      },
      "properties": {
        "id": "us_la_old_ursuline_convent",
        "name": "Old Ursuline Convent",
        "record_kind": "catalogue_coordinate",
        "source_dataset": "sites_us_baseline_la.dataset",
        "source_url": "https://www.openstreetmap.org/way/345253248",
        "licence": "https://opendatacommons.org/licenses/odbl/1-0/",
        "coordinate_method": "Fetched Nominatim named-feature result; OSM way representative point"
      }
    },
    {
      "type": "Feature",
      "geometry": {
        "type": "Point",
        "coordinates": [
          -91.4107389,
          32.6353092
        ]
      },
      "properties": {
        "id": "us_la_poverty_point",
        "name": "Poverty Point",
        "record_kind": "catalogue_coordinate",
        "source_dataset": "sites_us_baseline_la.dataset",
        "source_url": "https://www.openstreetmap.org/way/827598511",
        "licence": "https://opendatacommons.org/licenses/odbl/1-0/",
        "coordinate_method": "Fetched Nominatim named-feature result; OSM way representative point"
      }
    },
    {
      "type": "Feature",
      "geometry": {
        "type": "Point",
        "coordinates": [
          -90.1116397,
          30.5268079
        ]
      },
      "properties": {
        "id": "us_la_saint_joseph_abbey",
        "name": "Saint Joseph Abbey",
        "record_kind": "catalogue_coordinate",
        "source_dataset": "sites_us_baseline_la.dataset",
        "source_url": "https://www.openstreetmap.org/way/1037006263",
        "licence": "https://opendatacommons.org/licenses/odbl/1-0/",
        "coordinate_method": "Fetched Nominatim named-feature result; OSM way representative point"
      }
    },
    {
      "type": "Feature",
      "geometry": {
        "type": "Point",
        "coordinates": [
          -90.0637541,
          29.957999
        ]
      },
      "properties": {
        "id": "us_la_saint_louis_cathedral",
        "name": "Saint Louis Cathedral",
        "record_kind": "catalogue_coordinate",
        "source_dataset": "sites_us_baseline_la.dataset",
        "source_url": "https://www.openstreetmap.org/way/329364492",
        "licence": "https://opendatacommons.org/licenses/odbl/1-0/",
        "coordinate_method": "Fetched Nominatim named-feature result; OSM way representative point"
      }
    },
    {
      "type": "Feature",
      "geometry": {
        "type": "Point",
        "coordinates": [
          -91.828588,
          30.1230193
        ]
      },
      "properties": {
        "id": "us_la_saint_martin_de_tours_church",
        "name": "Saint Martin de Tours Church",
        "record_kind": "catalogue_coordinate",
        "source_dataset": "sites_us_baseline_la.dataset",
        "source_url": "https://www.openstreetmap.org/way/1070107835",
        "licence": "https://opendatacommons.org/licenses/odbl/1-0/",
        "coordinate_method": "Fetched Nominatim named-feature result; OSM way representative point"
      }
    },
    {
      "type": "Feature",
      "geometry": {
        "type": "Point",
        "coordinates": [
          -71.0586579,
          42.3573434
        ]
      },
      "properties": {
        "id": "us_ma_boston_irish_famine_memorial",
        "name": "Boston Irish Famine Memorial",
        "record_kind": "catalogue_coordinate",
        "source_dataset": "sites_us_baseline_ma.dataset",
        "source_url": "https://www.openstreetmap.org/way/29818870",
        "licence": "https://opendatacommons.org/licenses/odbl/1-0/",
        "coordinate_method": "Exact named OSM way representative point via Nominatim"
      }
    },
    {
      "type": "Feature",
      "geometry": {
        "type": "Point",
        "coordinates": [
          -70.8918982,
          42.520844
        ]
      },
      "properties": {
        "id": "us_ma_salem_witch_trials_memorial",
        "name": "Salem Witch Trials Memorial",
        "record_kind": "catalogue_coordinate",
        "source_dataset": "sites_us_baseline_ma.dataset",
        "source_url": "https://www.openstreetmap.org/way/692335452",
        "licence": "https://opendatacommons.org/licenses/odbl/1-0/",
        "coordinate_method": "Exact named OpenStreetMap way representative point via Nominatim"
      }
    },
    {
      "type": "Feature",
      "geometry": {
        "type": "Point",
        "coordinates": [
          -71.0671987,
          42.3601648
        ]
      },
      "properties": {
        "id": "us_ma_vilna_shul",
        "name": "Vilna Shul",
        "record_kind": "catalogue_coordinate",
        "source_dataset": "sites_us_baseline_ma.dataset",
        "source_url": "https://www.openstreetmap.org/way/405880910",
        "licence": "https://opendatacommons.org/licenses/odbl/1-0/",
        "coordinate_method": "Exact named OpenStreetMap way representative point via Nominatim"
      }
    },
    {
      "type": "Feature",
      "geometry": {
        "type": "Point",
        "coordinates": [
          -76.6162447,
          39.2944588
        ]
      },
      "properties": {
        "id": "us_md_baltimore_basilica",
        "name": "Baltimore Basilica",
        "record_kind": "catalogue_coordinate",
        "source_dataset": "sites_us_baseline_md.dataset",
        "source_url": "https://www.openstreetmap.org/way/337697161",
        "licence": "https://opendatacommons.org/licenses/odbl/1-0/",
        "coordinate_method": "Fetched Nominatim named-feature result; OSM way representative point"
      }
    },
    {
      "type": "Feature",
      "geometry": {
        "type": "Point",
        "coordinates": [
          -77.4707641,
          39.6316599
        ]
      },
      "properties": {
        "id": "us_md_cunningham_falls",
        "name": "Cunningham Falls",
        "record_kind": "catalogue_coordinate",
        "source_dataset": "sites_us_baseline_md.dataset",
        "source_url": "https://www.openstreetmap.org/node/2473083325",
        "licence": "https://opendatacommons.org/licenses/odbl/1-0/",
        "coordinate_method": "Fetched Nominatim named-feature result; OSM node representative point"
      }
    },
    {
      "type": "Feature",
      "geometry": {
        "type": "Point",
        "coordinates": [
          -76.5797893,
          39.2632397
        ]
      },
      "properties": {
        "id": "us_md_fort_mchenry",
        "name": "Fort McHenry",
        "record_kind": "catalogue_coordinate",
        "source_dataset": "sites_us_baseline_md.dataset",
        "source_url": "https://www.openstreetmap.org/way/1220301007",
        "licence": "https://opendatacommons.org/licenses/odbl/1-0/",
        "coordinate_method": "Fetched Nominatim named-feature result; OSM way representative point"
      }
    },
    {
      "type": "Feature",
      "geometry": {
        "type": "Point",
        "coordinates": [
          -77.3564277,
          39.6825608
        ]
      },
      "properties": {
        "id": "us_md_national_shrine_grotto_of_lourdes",
        "name": "National Shrine Grotto of Lourdes",
        "record_kind": "catalogue_coordinate",
        "source_dataset": "sites_us_baseline_md.dataset",
        "source_url": "https://www.openstreetmap.org/way/468819048",
        "licence": "https://opendatacommons.org/licenses/odbl/1-0/",
        "coordinate_method": "Fetched Nominatim named-feature result; OSM way representative point"
      }
    },
    {
      "type": "Feature",
      "geometry": {
        "type": "Point",
        "coordinates": [
          -76.3422218,
          38.0734176
        ]
      },
      "properties": {
        "id": "us_md_point_lookout_confederate_cemetery",
        "name": "Point Lookout Confederate Cemetery",
        "record_kind": "catalogue_coordinate",
        "source_dataset": "sites_us_baseline_md.dataset",
        "source_url": "https://www.openstreetmap.org/way/1076974716",
        "licence": "https://opendatacommons.org/licenses/odbl/1-0/",
        "coordinate_method": "Fetched Nominatim named-feature result; OSM way representative point"
      }
    },
    {
      "type": "Feature",
      "geometry": {
        "type": "Point",
        "coordinates": [
          -76.6458288,
          39.318539
        ]
      },
      "properties": {
        "id": "us_md_rawlings_conservatory_and_botanic_gardens",
        "name": "Rawlings Conservatory and Botanic Gardens",
        "record_kind": "catalogue_coordinate",
        "source_dataset": "sites_us_baseline_md.dataset",
        "source_url": "https://www.openstreetmap.org/way/107555144",
        "licence": "https://opendatacommons.org/licenses/odbl/1-0/",
        "coordinate_method": "Exact named OpenStreetMap way representative point via Nominatim"
      }
    },
    {
      "type": "Feature",
      "geometry": {
        "type": "Point",
        "coordinates": [
          -77.6232019,
          39.5004351
        ]
      },
      "properties": {
        "id": "us_md_washington_monument_state_park",
        "name": "Washington Monument, South Mountain",
        "record_kind": "catalogue_coordinate",
        "source_dataset": "sites_us_baseline_md.dataset",
        "source_url": "https://www.openstreetmap.org/node/4173438321",
        "licence": "https://opendatacommons.org/licenses/odbl/1-0/",
        "coordinate_method": "Exact named OSM node"
      }
    },
    {
      "type": "Feature",
      "geometry": {
        "type": "Point",
        "coordinates": [
          -76.6232736,
          39.289986549999995
        ]
      },
      "properties": {
        "id": "us_md_westminster_hall_and_burying_ground",
        "name": "Westminster Hall and Burying Ground",
        "record_kind": "catalogue_coordinate",
        "source_dataset": "sites_us_baseline_md.dataset",
        "source_url": "https://www.openstreetmap.org/way/338084069",
        "licence": "https://opendatacommons.org/licenses/odbl/1-0/",
        "coordinate_method": "Bounding-box centre of the exact named building footprint; coordinates are representative, not a surveyed entrance."
      }
    },
    {
      "type": "Feature",
      "geometry": {
        "type": "Point",
        "coordinates": [
          -82.9855413,
          42.3362487
        ]
      },
      "properties": {
        "id": "us_mi_belle_isle_conservatory",
        "name": "Anna Scripps Whitcomb Conservatory",
        "record_kind": "catalogue_coordinate",
        "source_dataset": "sites_us_baseline_mi.dataset",
        "source_url": "https://www.openstreetmap.org/way/107310050",
        "licence": "https://opendatacommons.org/licenses/odbl/1-0/",
        "coordinate_method": "OSM named conservatory building representative point returned by Nominatim"
      }
    },
    {
      "type": "Feature",
      "geometry": {
        "type": "Point",
        "coordinates": [
          -83.0848363,
          42.3886347
        ]
      },
      "properties": {
        "id": "us_mi_cathedral_of_the_most_blessed_sacrament",
        "name": "Cathedral of the Most Blessed Sacrament",
        "record_kind": "catalogue_coordinate",
        "source_dataset": "sites_us_baseline_mi.dataset",
        "source_url": "https://www.openstreetmap.org/way/1011595455",
        "licence": "https://opendatacommons.org/licenses/odbl/1-0/",
        "coordinate_method": "Exact named OpenStreetMap way representative point via Nominatim"
      }
    },
    {
      "type": "Feature",
      "geometry": {
        "type": "Point",
        "coordinates": [
          -83.2454639,
          42.5693855
        ]
      },
      "properties": {
        "id": "us_mi_cranbrook_house_and_gardens",
        "name": "Cranbrook Educational Community",
        "record_kind": "catalogue_coordinate",
        "source_dataset": "sites_us_baseline_mi.dataset",
        "source_url": "https://www.openstreetmap.org/way/562909986",
        "licence": "https://opendatacommons.org/licenses/odbl/1-0/",
        "coordinate_method": "Exact named OpenStreetMap way representative point via Nominatim"
      }
    },
    {
      "type": "Feature",
      "geometry": {
        "type": "Point",
        "coordinates": [
          -84.6318941,
          45.3987268
        ]
      },
      "properties": {
        "id": "us_mi_cross_in_the_woods",
        "name": "Cross in the Woods",
        "record_kind": "catalogue_coordinate",
        "source_dataset": "sites_us_baseline_mi.dataset",
        "source_url": "https://www.openstreetmap.org/node/12068413388",
        "licence": "https://opendatacommons.org/licenses/odbl/1-0/",
        "coordinate_method": "OSM API named feature node"
      }
    },
    {
      "type": "Feature",
      "geometry": {
        "type": "Point",
        "coordinates": [
          -93.286271,
          44.9730072
        ]
      },
      "properties": {
        "id": "us_mn_basilica_of_saint_mary",
        "name": "Basilica of Saint Mary",
        "record_kind": "catalogue_coordinate",
        "source_dataset": "sites_us_baseline_mn.dataset",
        "source_url": "https://www.openstreetmap.org/way/39422725",
        "licence": "https://opendatacommons.org/licenses/odbl/1-0/",
        "coordinate_method": "Nominatim result for named OpenStreetMap feature"
      }
    },
    {
      "type": "Feature",
      "geometry": {
        "type": "Point",
        "coordinates": [
          -93.1514326,
          44.9819054
        ]
      },
      "properties": {
        "id": "us_mn_como_park_conservatory",
        "name": "Como Park Conservatory",
        "record_kind": "catalogue_coordinate",
        "source_dataset": "sites_us_baseline_mn.dataset",
        "source_url": "https://www.openstreetmap.org/relation/10515380",
        "licence": "https://opendatacommons.org/licenses/odbl/1-0/",
        "coordinate_method": "Exact named OpenStreetMap relation representative point via Nominatim"
      }
    },
    {
      "type": "Feature",
      "geometry": {
        "type": "Point",
        "coordinates": [
          -93.210983,
          44.9153316
        ]
      },
      "properties": {
        "id": "us_mn_minnehaha_falls",
        "name": "Minnehaha Falls",
        "record_kind": "catalogue_coordinate",
        "source_dataset": "sites_us_baseline_mn.dataset",
        "source_url": "https://www.openstreetmap.org/node/246931305",
        "licence": "https://opendatacommons.org/licenses/odbl/1-0/",
        "coordinate_method": "Nominatim result for named OpenStreetMap feature"
      }
    },
    {
      "type": "Feature",
      "geometry": {
        "type": "Point",
        "coordinates": [
          -94.3922937,
          45.5799814
        ]
      },
      "properties": {
        "id": "us_mn_saint_john_s_abbey_church",
        "name": "Saint John's Abbey Church",
        "record_kind": "catalogue_coordinate",
        "source_dataset": "sites_us_baseline_mn.dataset",
        "source_url": "https://www.openstreetmap.org/way/75265806",
        "licence": "https://opendatacommons.org/licenses/odbl/1-0/",
        "coordinate_method": "Nominatim representative named-feature point from OSM"
      }
    },
    {
      "type": "Feature",
      "geometry": {
        "type": "Point",
        "coordinates": [
          -93.2947796,
          44.9595152
        ]
      },
      "properties": {
        "id": "us_mn_temple_israel_minneapolis",
        "name": "Temple Israel",
        "record_kind": "catalogue_coordinate",
        "source_dataset": "sites_us_baseline_mn.dataset",
        "source_url": "https://www.openstreetmap.org/relation/20145370",
        "licence": "https://opendatacommons.org/licenses/odbl/1-0/",
        "coordinate_method": "Exact named OpenStreetMap relation representative point via Nominatim"
      }
    },
    {
      "type": "Feature",
      "geometry": {
        "type": "Point",
        "coordinates": [
          -90.9943217,
          36.952187
        ]
      },
      "properties": {
        "id": "us_mo_big_spring",
        "name": "Big Spring",
        "record_kind": "catalogue_coordinate",
        "source_dataset": "sites_us_baseline_mo.dataset",
        "source_url": "https://www.openstreetmap.org/node/5442671644",
        "licence": "https://opendatacommons.org/licenses/odbl/1-0/",
        "coordinate_method": "Fetched Nominatim named-feature result; OSM node representative point"
      }
    },
    {
      "type": "Feature",
      "geometry": {
        "type": "Point",
        "coordinates": [
          -94.355325,
          36.9863048
        ]
      },
      "properties": {
        "id": "us_mo_carver_memorial_bust",
        "name": "George Washington Carver Memorial Bust",
        "record_kind": "catalogue_coordinate",
        "source_dataset": "sites_us_baseline_mo.dataset",
        "source_url": "https://www.openstreetmap.org/node/358052645",
        "licence": "https://opendatacommons.org/licenses/odbl/1-0/",
        "coordinate_method": "Exact named OSM node"
      }
    },
    {
      "type": "Feature",
      "geometry": {
        "type": "Point",
        "coordinates": [
          -90.2546376,
          38.6425329
        ]
      },
      "properties": {
        "id": "us_mo_cathedral_basilica_of_saint_louis",
        "name": "Cathedral Basilica of Saint Louis",
        "record_kind": "catalogue_coordinate",
        "source_dataset": "sites_us_baseline_mo.dataset",
        "source_url": "https://www.openstreetmap.org/way/477985197",
        "licence": "https://opendatacommons.org/licenses/odbl/1-0/",
        "coordinate_method": "Fetched Nominatim named-feature result; OSM way representative point"
      }
    },
    {
      "type": "Feature",
      "geometry": {
        "type": "Point",
        "coordinates": [
          -90.6883525,
          37.6538673
        ]
      },
      "properties": {
        "id": "us_mo_elephant_rocks",
        "name": "Elephant Rocks",
        "record_kind": "catalogue_coordinate",
        "source_dataset": "sites_us_baseline_mo.dataset",
        "source_url": "https://www.openstreetmap.org/way/350495591",
        "licence": "https://opendatacommons.org/licenses/odbl/1-0/",
        "coordinate_method": "Fetched Nominatim named-feature result; OSM way representative point"
      }
    },
    {
      "type": "Feature",
      "geometry": {
        "type": "Point",
        "coordinates": [
          -90.1849751,
          38.6246016
        ]
      },
      "properties": {
        "id": "us_mo_gateway_arch",
        "name": "Gateway Arch",
        "record_kind": "catalogue_coordinate",
        "source_dataset": "sites_us_baseline_mo.dataset",
        "source_url": "https://www.openstreetmap.org/node/4004558403",
        "licence": "https://opendatacommons.org/licenses/odbl/1-0/",
        "coordinate_method": "Fetched Nominatim named-feature result; OSM node representative point"
      }
    },
    {
      "type": "Feature",
      "geometry": {
        "type": "Point",
        "coordinates": [
          -91.5755642,
          38.9055541
        ]
      },
      "properties": {
        "id": "us_mo_graham_cave",
        "name": "Graham Cave",
        "record_kind": "catalogue_coordinate",
        "source_dataset": "sites_us_baseline_mo.dataset",
        "source_url": "https://www.openstreetmap.org/node/7110274493",
        "licence": "https://opendatacommons.org/licenses/odbl/1-0/",
        "coordinate_method": "Fetched Nominatim named-feature result; OSM node representative point"
      }
    },
    {
      "type": "Feature",
      "geometry": {
        "type": "Point",
        "coordinates": [
          -90.3934057,
          38.3785461
        ]
      },
      "properties": {
        "id": "us_mo_mastodon_state_historic_site",
        "name": "Mastodon State Historic Site",
        "record_kind": "catalogue_coordinate",
        "source_dataset": "sites_us_baseline_mo.dataset",
        "source_url": "https://www.openstreetmap.org/way/1295587560",
        "licence": "https://opendatacommons.org/licenses/odbl/1-0/",
        "coordinate_method": "Fetched Nominatim named-feature result; OSM way representative point"
      }
    },
    {
      "type": "Feature",
      "geometry": {
        "type": "Point",
        "coordinates": [
          -90.7292183,
          37.5711866
        ]
      },
      "properties": {
        "id": "us_mo_taum_sauk_mountain",
        "name": "Taum Sauk Mountain",
        "record_kind": "catalogue_coordinate",
        "source_dataset": "sites_us_baseline_mo.dataset",
        "source_url": "https://www.openstreetmap.org/node/358065128",
        "licence": "https://opendatacommons.org/licenses/odbl/1-0/",
        "coordinate_method": "Fetched Nominatim named-feature result; OSM node representative point"
      }
    },
    {
      "type": "Feature",
      "geometry": {
        "type": "Point",
        "coordinates": [
          -91.2470546,
          31.6359989
        ]
      },
      "properties": {
        "id": "us_ms_emerald_mound",
        "name": "Emerald Mound",
        "record_kind": "catalogue_coordinate",
        "source_dataset": "sites_us_baseline_ms.dataset",
        "source_url": "https://www.openstreetmap.org/node/357930314",
        "licence": "https://opendatacommons.org/licenses/odbl/1-0/",
        "coordinate_method": "Fetched Nominatim named-feature result; OSM node representative point"
      }
    },
    {
      "type": "Feature",
      "geometry": {
        "type": "Point",
        "coordinates": [
          -91.3792811,
          31.5243336
        ]
      },
      "properties": {
        "id": "us_ms_grand_village_of_the_natchez_indians",
        "name": "Grand Village of the Natchez Indians",
        "record_kind": "catalogue_coordinate",
        "source_dataset": "sites_us_baseline_ms.dataset",
        "source_url": "https://www.openstreetmap.org/node/357969164",
        "licence": "https://opendatacommons.org/licenses/odbl/1-0/",
        "coordinate_method": "Fetched Nominatim named-feature result; OSM node representative point"
      }
    },
    {
      "type": "Feature",
      "geometry": {
        "type": "Point",
        "coordinates": [
          -91.4014416,
          31.5586431
        ]
      },
      "properties": {
        "id": "us_ms_saint_mary_basilica",
        "name": "Saint Mary Basilica",
        "record_kind": "catalogue_coordinate",
        "source_dataset": "sites_us_baseline_ms.dataset",
        "source_url": "https://www.openstreetmap.org/way/1019891689",
        "licence": "https://opendatacommons.org/licenses/odbl/1-0/",
        "coordinate_method": "Fetched Nominatim representative point for exact named feature"
      }
    },
    {
      "type": "Feature",
      "geometry": {
        "type": "Point",
        "coordinates": [
          -91.4037448,
          31.5578036
        ]
      },
      "properties": {
        "id": "us_ms_temple_bnai_israel",
        "name": "Temple B'nai Israel",
        "record_kind": "catalogue_coordinate",
        "source_dataset": "sites_us_baseline_ms.dataset",
        "source_url": "https://www.openstreetmap.org/node/5146060327",
        "licence": "https://opendatacommons.org/licenses/odbl/1-0/",
        "coordinate_method": "Exact named OSM node"
      }
    },
    {
      "type": "Feature",
      "geometry": {
        "type": "Point",
        "coordinates": [
          -90.8692102,
          32.3753567
        ]
      },
      "properties": {
        "id": "us_ms_vicksburg_national_cemetery",
        "name": "Vicksburg National Cemetery",
        "record_kind": "catalogue_coordinate",
        "source_dataset": "sites_us_baseline_ms.dataset",
        "source_url": "https://www.openstreetmap.org/way/207968767",
        "licence": "https://opendatacommons.org/licenses/odbl/1-0/",
        "coordinate_method": "Fetched Nominatim named-feature result; OSM way representative point"
      }
    },
    {
      "type": "Feature",
      "geometry": {
        "type": "Point",
        "coordinates": [
          -91.1293804,
          31.9405423
        ]
      },
      "properties": {
        "id": "us_ms_windsor_ruins",
        "name": "Windsor Ruins",
        "record_kind": "catalogue_coordinate",
        "source_dataset": "sites_us_baseline_ms.dataset",
        "source_url": "https://www.openstreetmap.org/way/895046176",
        "licence": "https://opendatacommons.org/licenses/odbl/1-0/",
        "coordinate_method": "Fetched Nominatim named-feature result; OSM way representative point"
      }
    },
    {
      "type": "Feature",
      "geometry": {
        "type": "Point",
        "coordinates": [
          -112.0336158,
          46.5901333
        ]
      },
      "properties": {
        "id": "us_mt_cathedral_of_saint_helena",
        "name": "Cathedral of Saint Helena",
        "record_kind": "catalogue_coordinate",
        "source_dataset": "sites_us_baseline_mt.dataset",
        "source_url": "https://www.openstreetmap.org/node/13341067795",
        "licence": "https://opendatacommons.org/licenses/odbl/1-0/",
        "coordinate_method": "Selected exact named OpenStreetMap feature returned by Nominatim"
      }
    },
    {
      "type": "Feature",
      "geometry": {
        "type": "Point",
        "coordinates": [
          -114.0896842,
          47.1918241
        ]
      },
      "properties": {
        "id": "us_mt_garden_of_one_thousand_buddhas",
        "name": "Garden of One Thousand Buddhas",
        "record_kind": "catalogue_coordinate",
        "source_dataset": "sites_us_baseline_mt.dataset",
        "source_url": "https://www.openstreetmap.org/way/963043477",
        "licence": "https://opendatacommons.org/licenses/odbl/1-0/",
        "coordinate_method": "Selected exact named OpenStreetMap feature returned by Nominatim"
      }
    },
    {
      "type": "Feature",
      "geometry": {
        "type": "Point",
        "coordinates": [
          -108.5158711,
          45.7796323
        ]
      },
      "properties": {
        "id": "us_mt_moss_mansion",
        "name": "Moss Mansion",
        "record_kind": "catalogue_coordinate",
        "source_dataset": "sites_us_baseline_mt.dataset",
        "source_url": "https://www.openstreetmap.org/way/641316338",
        "licence": "https://opendatacommons.org/licenses/odbl/1-0/",
        "coordinate_method": "Selected exact named OpenStreetMap feature returned by Nominatim"
      }
    },
    {
      "type": "Feature",
      "geometry": {
        "type": "Point",
        "coordinates": [
          -113.9977707,
          46.8748929
        ]
      },
      "properties": {
        "id": "us_mt_saint_francis_xavier_church_missoula",
        "name": "Saint Francis Xavier Church Missoula",
        "record_kind": "catalogue_coordinate",
        "source_dataset": "sites_us_baseline_mt.dataset",
        "source_url": "https://www.openstreetmap.org/way/666808939",
        "licence": "https://opendatacommons.org/licenses/odbl/1-0/",
        "coordinate_method": "Selected exact named OpenStreetMap feature returned by Nominatim"
      }
    },
    {
      "type": "Feature",
      "geometry": {
        "type": "Point",
        "coordinates": [
          -78.9755422,
          36.0288132
        ]
      },
      "properties": {
        "id": "us_nc_bennett_place",
        "name": "Bennett Place",
        "record_kind": "catalogue_coordinate",
        "source_dataset": "sites_us_baseline_nc.dataset",
        "source_url": "https://www.openstreetmap.org/way/32934038",
        "licence": "https://opendatacommons.org/licenses/odbl/1-0/",
        "coordinate_method": "Fetched Nominatim named-feature result; OSM way representative point"
      }
    },
    {
      "type": "Feature",
      "geometry": {
        "type": "Point",
        "coordinates": [
          -75.5288155,
          35.2505369
        ]
      },
      "properties": {
        "id": "us_nc_cape_hatteras_lighthouse",
        "name": "Cape Hatteras Lighthouse",
        "record_kind": "catalogue_coordinate",
        "source_dataset": "sites_us_baseline_nc.dataset",
        "source_url": "https://www.openstreetmap.org/way/295324032",
        "licence": "https://opendatacommons.org/licenses/odbl/1-0/",
        "coordinate_method": "Fetched Nominatim named-feature result; OSM way representative point"
      }
    },
    {
      "type": "Feature",
      "geometry": {
        "type": "Point",
        "coordinates": [
          -78.9402861,
          36.0018682
        ]
      },
      "properties": {
        "id": "us_nc_duke_university_chapel",
        "name": "Duke University Chapel",
        "record_kind": "catalogue_coordinate",
        "source_dataset": "sites_us_baseline_nc.dataset",
        "source_url": "https://www.openstreetmap.org/way/626679838",
        "licence": "https://opendatacommons.org/licenses/odbl/1-0/",
        "coordinate_method": "Fetched Nominatim named-feature result; OSM way representative point"
      }
    },
    {
      "type": "Feature",
      "geometry": {
        "type": "Point",
        "coordinates": [
          -80.8054697,
          35.2550033
        ]
      },
      "properties": {
        "id": "us_nc_historic_rosedale_plantation",
        "name": "Historic Rosedale",
        "record_kind": "catalogue_coordinate",
        "source_dataset": "sites_us_baseline_nc.dataset",
        "source_url": "https://www.openstreetmap.org/way/1190648645",
        "licence": "https://opendatacommons.org/licenses/odbl/1-0/",
        "coordinate_method": "Exact named OpenStreetMap way representative point via Nominatim"
      }
    },
    {
      "type": "Feature",
      "geometry": {
        "type": "Point",
        "coordinates": [
          -83.1101509,
          35.3012337
        ]
      },
      "properties": {
        "id": "us_nc_judaculla_rock",
        "name": "Judaculla Rock",
        "record_kind": "catalogue_coordinate",
        "source_dataset": "sites_us_baseline_nc.dataset",
        "source_url": "https://www.openstreetmap.org/way/948495949",
        "licence": "https://opendatacommons.org/licenses/odbl/1-0/",
        "coordinate_method": "Fetched Nominatim named-feature result; OSM way representative point"
      }
    },
    {
      "type": "Feature",
      "geometry": {
        "type": "Point",
        "coordinates": [
          -81.9269129,
          35.9497177
        ]
      },
      "properties": {
        "id": "us_nc_linville_falls",
        "name": "Linville Falls",
        "record_kind": "catalogue_coordinate",
        "source_dataset": "sites_us_baseline_nc.dataset",
        "source_url": "https://www.openstreetmap.org/node/3239843575",
        "licence": "https://opendatacommons.org/licenses/odbl/1-0/",
        "coordinate_method": "Fetched Nominatim named-feature result; OSM node representative point"
      }
    },
    {
      "type": "Feature",
      "geometry": {
        "type": "Point",
        "coordinates": [
          -82.2651155,
          35.7649563
        ]
      },
      "properties": {
        "id": "us_nc_mount_mitchell",
        "name": "Mount Mitchell",
        "record_kind": "catalogue_coordinate",
        "source_dataset": "sites_us_baseline_nc.dataset",
        "source_url": "https://www.openstreetmap.org/node/357802737",
        "licence": "https://opendatacommons.org/licenses/odbl/1-0/",
        "coordinate_method": "Fetched Nominatim named-feature result; OSM node representative point"
      }
    },
    {
      "type": "Feature",
      "geometry": {
        "type": "Point",
        "coordinates": [
          -80.4742242,
          36.3401384
        ]
      },
      "properties": {
        "id": "us_nc_pilot_mountain",
        "name": "Pilot Mountain",
        "record_kind": "catalogue_coordinate",
        "source_dataset": "sites_us_baseline_nc.dataset",
        "source_url": "https://www.openstreetmap.org/node/357782009",
        "licence": "https://opendatacommons.org/licenses/odbl/1-0/",
        "coordinate_method": "Fetched Nominatim named-feature result; OSM node representative point"
      }
    },
    {
      "type": "Feature",
      "geometry": {
        "type": "Point",
        "coordinates": [
          -79.9297751,
          35.1823682
        ]
      },
      "properties": {
        "id": "us_nc_town_creek_indian_mound",
        "name": "Town Creek Indian Mound",
        "record_kind": "catalogue_coordinate",
        "source_dataset": "sites_us_baseline_nc.dataset",
        "source_url": "https://www.openstreetmap.org/node/357805412",
        "licence": "https://opendatacommons.org/licenses/odbl/1-0/",
        "coordinate_method": "Fetched Nominatim named-feature result; OSM node representative point"
      }
    },
    {
      "type": "Feature",
      "geometry": {
        "type": "Point",
        "coordinates": [
          -100.7904141,
          46.8050612
        ]
      },
      "properties": {
        "id": "us_nd_camp_hancock",
        "name": "Camp Hancock",
        "record_kind": "catalogue_coordinate",
        "source_dataset": "sites_us_baseline_nd.dataset",
        "source_url": "https://www.openstreetmap.org/way/789742624",
        "licence": "https://opendatacommons.org/licenses/odbl/1-0/",
        "coordinate_method": "Selected exact named OpenStreetMap feature returned by Nominatim"
      }
    },
    {
      "type": "Feature",
      "geometry": {
        "type": "Point",
        "coordinates": [
          -100.7864525,
          46.8108985
        ]
      },
      "properties": {
        "id": "us_nd_former_governors_mansion_bismarck",
        "name": "Former Governors Mansion Bismarck",
        "record_kind": "catalogue_coordinate",
        "source_dataset": "sites_us_baseline_nd.dataset",
        "source_url": "https://www.openstreetmap.org/way/882338041",
        "licence": "https://opendatacommons.org/licenses/odbl/1-0/",
        "coordinate_method": "Selected exact named OpenStreetMap feature returned by Nominatim"
      }
    },
    {
      "type": "Feature",
      "geometry": {
        "type": "Point",
        "coordinates": [
          -103.3482264,
          41.7038453
        ]
      },
      "properties": {
        "id": "us_ne_chimney_rock",
        "name": "Chimney Rock",
        "record_kind": "catalogue_coordinate",
        "source_dataset": "sites_us_baseline_ne.dataset",
        "source_url": "https://www.openstreetmap.org/node/357764834",
        "licence": "https://opendatacommons.org/licenses/odbl/1-0/",
        "coordinate_method": "OSM named natural peak node; replaces NPS visitor-centre pin"
      }
    },
    {
      "type": "Feature",
      "geometry": {
        "type": "Point",
        "coordinates": [
          -95.9481391,
          41.2119153
        ]
      },
      "properties": {
        "id": "us_ne_el_museo_latino",
        "name": "El Museo Latino",
        "record_kind": "catalogue_coordinate",
        "source_dataset": "sites_us_baseline_ne.dataset",
        "source_url": "https://www.openstreetmap.org/node/366492291",
        "licence": "https://opendatacommons.org/licenses/odbl/1-0/",
        "coordinate_method": "Selected exact named OpenStreetMap feature returned by Nominatim"
      }
    },
    {
      "type": "Feature",
      "geometry": {
        "type": "Point",
        "coordinates": [
          -95.9718326,
          41.2617469
        ]
      },
      "properties": {
        "id": "us_ne_joslyn_castle",
        "name": "Joslyn Castle",
        "record_kind": "catalogue_coordinate",
        "source_dataset": "sites_us_baseline_ne.dataset",
        "source_url": "https://www.openstreetmap.org/way/1093736213",
        "licence": "https://opendatacommons.org/licenses/odbl/1-0/",
        "coordinate_method": "Selected exact named OpenStreetMap feature returned by Nominatim"
      }
    },
    {
      "type": "Feature",
      "geometry": {
        "type": "Point",
        "coordinates": [
          -95.9165906,
          41.236244
        ]
      },
      "properties": {
        "id": "us_ne_lauritzen_gardens",
        "name": "Lauritzen Gardens",
        "record_kind": "catalogue_coordinate",
        "source_dataset": "sites_us_baseline_ne.dataset",
        "source_url": "https://www.openstreetmap.org/way/30446918",
        "licence": "https://opendatacommons.org/licenses/odbl/1-0/",
        "coordinate_method": "Selected exact named OpenStreetMap feature returned by Nominatim"
      }
    },
    {
      "type": "Feature",
      "geometry": {
        "type": "Point",
        "coordinates": [
          -95.9721661,
          41.2665191
        ]
      },
      "properties": {
        "id": "us_ne_saint_cecilia_cathedral_omaha",
        "name": "Saint Cecilia Cathedral Omaha",
        "record_kind": "catalogue_coordinate",
        "source_dataset": "sites_us_baseline_ne.dataset",
        "source_url": "https://www.openstreetmap.org/node/357794484",
        "licence": "https://opendatacommons.org/licenses/odbl/1-0/",
        "coordinate_method": "Selected exact named OpenStreetMap feature returned by Nominatim"
      }
    },
    {
      "type": "Feature",
      "geometry": {
        "type": "Point",
        "coordinates": [
          -96.6832539,
          40.8021001
        ]
      },
      "properties": {
        "id": "us_ne_sunken_gardens_lincoln",
        "name": "Sunken Gardens Lincoln",
        "record_kind": "catalogue_coordinate",
        "source_dataset": "sites_us_baseline_ne.dataset",
        "source_url": "https://www.openstreetmap.org/relation/15335912",
        "licence": "https://opendatacommons.org/licenses/odbl/1-0/",
        "coordinate_method": "Selected exact named OpenStreetMap feature returned by Nominatim"
      }
    },
    {
      "type": "Feature",
      "geometry": {
        "type": "Point",
        "coordinates": [
          -74.0169159,
          40.7702125
        ]
      },
      "properties": {
        "id": "us_nj_weehawken_dueling_grounds",
        "name": "Alexander Hamilton Duel Memorial",
        "record_kind": "catalogue_coordinate",
        "source_dataset": "sites_us_baseline_nj.dataset",
        "source_url": "https://www.openstreetmap.org/node/2837054155",
        "licence": "https://opendatacommons.org/licenses/odbl/1-0/",
        "coordinate_method": "Exact named OSM node representative point via Nominatim"
      }
    },
    {
      "type": "Feature",
      "geometry": {
        "type": "Point",
        "coordinates": [
          -106.6808542,
          35.09327
        ]
      },
      "properties": {
        "id": "us_nm_abq_biopark_botanic_garden",
        "name": "ABQ BioPark Botanic Garden",
        "record_kind": "catalogue_coordinate",
        "source_dataset": "sites_us_baseline_nm.dataset",
        "source_url": "https://www.openstreetmap.org/node/1788029997",
        "licence": "https://opendatacommons.org/licenses/odbl/1-0/",
        "coordinate_method": "Selected exact named OpenStreetMap feature returned by Nominatim"
      }
    },
    {
      "type": "Feature",
      "geometry": {
        "type": "Point",
        "coordinates": [
          -106.6518385,
          35.0822685
        ]
      },
      "properties": {
        "id": "us_nm_cathedral_church_of_saint_john_albuquerque",
        "name": "Cathedral Church of Saint John Albuquerque",
        "record_kind": "catalogue_coordinate",
        "source_dataset": "sites_us_baseline_nm.dataset",
        "source_url": "https://www.openstreetmap.org/way/187530865",
        "licence": "https://opendatacommons.org/licenses/odbl/1-0/",
        "coordinate_method": "Selected exact named OpenStreetMap feature returned by Nominatim"
      }
    },
    {
      "type": "Feature",
      "geometry": {
        "type": "Point",
        "coordinates": [
          -106.6697839,
          35.0968284
        ]
      },
      "properties": {
        "id": "us_nm_san_felipe_de_neri_church",
        "name": "San Felipe de Neri Church",
        "record_kind": "catalogue_coordinate",
        "source_dataset": "sites_us_baseline_nm.dataset",
        "source_url": "https://www.openstreetmap.org/node/357579800",
        "licence": "https://opendatacommons.org/licenses/odbl/1-0/",
        "coordinate_method": "Selected exact named OpenStreetMap feature returned by Nominatim"
      }
    },
    {
      "type": "Feature",
      "geometry": {
        "type": "Point",
        "coordinates": [
          -115.1634654,
          36.1305027
        ]
      },
      "properties": {
        "id": "us_nv_guardian_angel_cathedral",
        "name": "Guardian Angel Cathedral",
        "record_kind": "catalogue_coordinate",
        "source_dataset": "sites_us_baseline_nv.dataset",
        "source_url": "https://www.openstreetmap.org/way/564120640",
        "licence": "https://opendatacommons.org/licenses/odbl/1-0/",
        "coordinate_method": "Nominatim representative point for exact named OSM feature"
      }
    },
    {
      "type": "Feature",
      "geometry": {
        "type": "Point",
        "coordinates": [
          -115.0200038,
          36.1746129
        ]
      },
      "properties": {
        "id": "us_nv_las_vegas_nevada_temple",
        "name": "Las Vegas Nevada Temple",
        "record_kind": "catalogue_coordinate",
        "source_dataset": "sites_us_baseline_nv.dataset",
        "source_url": "https://www.openstreetmap.org/relation/10174573",
        "licence": "https://opendatacommons.org/licenses/odbl/1-0/",
        "coordinate_method": "Nominatim representative point for exact named OSM feature"
      }
    },
    {
      "type": "Feature",
      "geometry": {
        "type": "Point",
        "coordinates": [
          -115.1334352,
          36.1805569
        ]
      },
      "properties": {
        "id": "us_nv_old_las_vegas_mormon_fort",
        "name": "Old Las Vegas Mormon Fort",
        "record_kind": "catalogue_coordinate",
        "source_dataset": "sites_us_baseline_nv.dataset",
        "source_url": "https://www.openstreetmap.org/way/129478115",
        "licence": "https://opendatacommons.org/licenses/odbl/1-0/",
        "coordinate_method": "Selected exact named OpenStreetMap feature returned by Nominatim"
      }
    },
    {
      "type": "Feature",
      "geometry": {
        "type": "Point",
        "coordinates": [
          -115.1693814,
          36.096287
        ]
      },
      "properties": {
        "id": "us_nv_shrine_of_the_most_holy_redeemer",
        "name": "Shrine of the Most Holy Redeemer",
        "record_kind": "catalogue_coordinate",
        "source_dataset": "sites_us_baseline_nv.dataset",
        "source_url": "https://www.openstreetmap.org/way/722990701",
        "licence": "https://opendatacommons.org/licenses/odbl/1-0/",
        "coordinate_method": "Selected exact named OpenStreetMap feature returned by Nominatim"
      }
    },
    {
      "type": "Feature",
      "geometry": {
        "type": "Point",
        "coordinates": [
          -115.1885934,
          36.1713808
        ]
      },
      "properties": {
        "id": "us_nv_springs_preserve",
        "name": "Springs Preserve",
        "record_kind": "catalogue_coordinate",
        "source_dataset": "sites_us_baseline_nv.dataset",
        "source_url": "https://www.openstreetmap.org/way/99462683",
        "licence": "https://opendatacommons.org/licenses/odbl/1-0/",
        "coordinate_method": "Selected exact named OpenStreetMap feature returned by Nominatim"
      }
    },
    {
      "type": "Feature",
      "geometry": {
        "type": "Point",
        "coordinates": [
          -79.0694287,
          43.0847442
        ]
      },
      "properties": {
        "id": "us_ny_american_falls",
        "name": "American Falls",
        "record_kind": "catalogue_coordinate",
        "source_dataset": "sites_us_baseline_ny.dataset",
        "source_url": "https://www.openstreetmap.org/node/399904172",
        "licence": "https://opendatacommons.org/licenses/odbl/1-0/",
        "coordinate_method": "Nominatim result for named OpenStreetMap feature"
      }
    },
    {
      "type": "Feature",
      "geometry": {
        "type": "Point",
        "coordinates": [
          -75.9648256,
          43.0530543
        ]
      },
      "properties": {
        "id": "us_ny_green_lake",
        "name": "Green Lake",
        "record_kind": "catalogue_coordinate",
        "source_dataset": "sites_us_baseline_ny.dataset",
        "source_url": "https://www.openstreetmap.org/way/37058767",
        "licence": "https://opendatacommons.org/licenses/odbl/1-0/",
        "coordinate_method": "Nominatim representative named-feature point from OSM"
      }
    },
    {
      "type": "Feature",
      "geometry": {
        "type": "Point",
        "coordinates": [
          -74.3927405,
          42.950123
        ]
      },
      "properties": {
        "id": "us_ny_saint_kateri_tekakwitha_national_shrine",
        "name": "Saint Kateri Tekakwitha National Shrine",
        "record_kind": "catalogue_coordinate",
        "source_dataset": "sites_us_baseline_ny.dataset",
        "source_url": "https://www.openstreetmap.org/way/184689849",
        "licence": "https://opendatacommons.org/licenses/odbl/1-0/",
        "coordinate_method": "Nominatim representative named-feature point from OSM"
      }
    },
    {
      "type": "Feature",
      "geometry": {
        "type": "Point",
        "coordinates": [
          -81.5384431,
          41.2768576
        ]
      },
      "properties": {
        "id": "us_oh_brandywine_falls",
        "name": "Brandywine Falls",
        "record_kind": "catalogue_coordinate",
        "source_dataset": "sites_us_baseline_oh.dataset",
        "source_url": "https://www.openstreetmap.org/node/1012100316",
        "licence": "https://opendatacommons.org/licenses/odbl/1-0/",
        "coordinate_method": "Nominatim result for named OpenStreetMap feature"
      }
    },
    {
      "type": "Feature",
      "geometry": {
        "type": "Point",
        "coordinates": [
          -84.4229035,
          39.1390912
        ]
      },
      "properties": {
        "id": "us_oh_cincinnati_observatory",
        "name": "Cincinnati Observatory",
        "record_kind": "catalogue_coordinate",
        "source_dataset": "sites_us_baseline_oh.dataset",
        "source_url": "https://www.openstreetmap.org/relation/19878118",
        "licence": "https://opendatacommons.org/licenses/odbl/1-0/",
        "coordinate_method": "Exact named OpenStreetMap relation representative point via Nominatim"
      }
    },
    {
      "type": "Feature",
      "geometry": {
        "type": "Point",
        "coordinates": [
          -82.43114547206727,
          40.04102365234786
        ]
      },
      "properties": {
        "id": "us_oh_great_circle_earthworks",
        "name": "Great Circle Earthworks",
        "record_kind": "catalogue_coordinate",
        "source_dataset": "sites_us_baseline_oh.dataset",
        "source_url": "https://www.openstreetmap.org/way/43251402",
        "licence": "https://opendatacommons.org/licenses/odbl/1-0/",
        "coordinate_method": "Polygon area centroid computed from fetched named earthwork geometry"
      }
    },
    {
      "type": "Feature",
      "geometry": {
        "type": "Point",
        "coordinates": [
          -83.0951924,
          39.3595065
        ]
      },
      "properties": {
        "id": "us_oh_hopewell_mound_group_big_mound_25",
        "name": "Hopewell Mound Group — Big Mound 25",
        "record_kind": "catalogue_coordinate",
        "source_dataset": "sites_us_baseline_oh.dataset",
        "source_url": "https://www.openstreetmap.org/way/450136517",
        "licence": "https://opendatacommons.org/licenses/odbl/1-0/",
        "coordinate_method": "Nominatim representative named-feature point from OSM"
      }
    },
    {
      "type": "Feature",
      "geometry": {
        "type": "Point",
        "coordinates": [
          -82.5431443,
          39.4332813
        ]
      },
      "properties": {
        "id": "us_oh_old_man_s_cave",
        "name": "Old Man's Cave",
        "record_kind": "catalogue_coordinate",
        "source_dataset": "sites_us_baseline_oh.dataset",
        "source_url": "https://www.openstreetmap.org/node/2364560698",
        "licence": "https://opendatacommons.org/licenses/odbl/1-0/",
        "coordinate_method": "Nominatim result for named OpenStreetMap feature"
      }
    },
    {
      "type": "Feature",
      "geometry": {
        "type": "Point",
        "coordinates": [
          -83.2201024,
          39.2379046
        ]
      },
      "properties": {
        "id": "us_oh_seip_central_mound",
        "name": "Seip Central Mound",
        "record_kind": "catalogue_coordinate",
        "source_dataset": "sites_us_baseline_oh.dataset",
        "source_url": "https://www.openstreetmap.org/way/450138505",
        "licence": "https://opendatacommons.org/licenses/odbl/1-0/",
        "coordinate_method": "Nominatim representative named-feature point from OSM"
      }
    },
    {
      "type": "Feature",
      "geometry": {
        "type": "Point",
        "coordinates": [
          -97.497729,
          35.3756847
        ]
      },
      "properties": {
        "id": "us_ok_blessed_stanley_rother_shrine",
        "name": "Blessed Stanley Rother Shrine",
        "record_kind": "catalogue_coordinate",
        "source_dataset": "sites_us_baseline_ok.dataset",
        "source_url": "https://www.openstreetmap.org/way/1135031728",
        "licence": "https://opendatacommons.org/licenses/odbl/1-0/",
        "coordinate_method": "Selected exact named OpenStreetMap feature returned by Nominatim"
      }
    },
    {
      "type": "Feature",
      "geometry": {
        "type": "Point",
        "coordinates": [
          -95.9843663,
          36.1438445
        ]
      },
      "properties": {
        "id": "us_ok_boston_avenue_united_methodist_church",
        "name": "Boston Avenue United Methodist Church",
        "record_kind": "catalogue_coordinate",
        "source_dataset": "sites_us_baseline_ok.dataset",
        "source_url": "https://www.openstreetmap.org/way/60965504",
        "licence": "https://opendatacommons.org/licenses/odbl/1-0/",
        "coordinate_method": "Selected exact named OpenStreetMap feature returned by Nominatim"
      }
    },
    {
      "type": "Feature",
      "geometry": {
        "type": "Point",
        "coordinates": [
          -97.5308999,
          35.5023399
        ]
      },
      "properties": {
        "id": "us_ok_cathedral_of_our_lady_of_perpetual_help_oklahoma_city",
        "name": "Cathedral of Our Lady of Perpetual Help Oklahoma City",
        "record_kind": "catalogue_coordinate",
        "source_dataset": "sites_us_baseline_ok.dataset",
        "source_url": "https://www.openstreetmap.org/way/136916961",
        "licence": "https://opendatacommons.org/licenses/odbl/1-0/",
        "coordinate_method": "Selected exact named OpenStreetMap feature returned by Nominatim"
      }
    },
    {
      "type": "Feature",
      "geometry": {
        "type": "Point",
        "coordinates": [
          -95.98555,
          36.1597536
        ]
      },
      "properties": {
        "id": "us_ok_greenwood_rising",
        "name": "Greenwood Rising",
        "record_kind": "catalogue_coordinate",
        "source_dataset": "sites_us_baseline_ok.dataset",
        "source_url": "https://www.openstreetmap.org/way/1117263307",
        "licence": "https://opendatacommons.org/licenses/odbl/1-0/",
        "coordinate_method": "Selected exact named OpenStreetMap feature returned by Nominatim"
      }
    },
    {
      "type": "Feature",
      "geometry": {
        "type": "Point",
        "coordinates": [
          -95.9701736,
          36.1237809
        ]
      },
      "properties": {
        "id": "us_ok_philbrook_museum_and_gardens",
        "name": "Philbrook Museum and Gardens",
        "record_kind": "catalogue_coordinate",
        "source_dataset": "sites_us_baseline_ok.dataset",
        "source_url": "https://www.openstreetmap.org/way/71580312",
        "licence": "https://opendatacommons.org/licenses/odbl/1-0/",
        "coordinate_method": "Selected exact named OpenStreetMap feature returned by Nominatim"
      }
    },
    {
      "type": "Feature",
      "geometry": {
        "type": "Point",
        "coordinates": [
          -97.5159107,
          35.4753476
        ]
      },
      "properties": {
        "id": "us_ok_saint_pauls_cathedral_oklahoma_city",
        "name": "Saint Pauls Cathedral Oklahoma City",
        "record_kind": "catalogue_coordinate",
        "source_dataset": "sites_us_baseline_ok.dataset",
        "source_url": "https://www.openstreetmap.org/way/1387637030",
        "licence": "https://opendatacommons.org/licenses/odbl/1-0/",
        "coordinate_method": "Selected exact named OpenStreetMap feature returned by Nominatim"
      }
    },
    {
      "type": "Feature",
      "geometry": {
        "type": "Point",
        "coordinates": [
          -94.5672246,
          35.3116988
        ]
      },
      "properties": {
        "id": "us_ok_spiro_mounds",
        "name": "Spiro Mounds",
        "record_kind": "catalogue_coordinate",
        "source_dataset": "sites_us_baseline_ok.dataset",
        "source_url": "https://www.openstreetmap.org/node/1934659313",
        "licence": "https://opendatacommons.org/licenses/odbl/1-0/",
        "coordinate_method": "OSM named archaeological-site representative node"
      }
    },
    {
      "type": "Feature",
      "geometry": {
        "type": "Point",
        "coordinates": [
          -123.039261,
          44.9314185
        ]
      },
      "properties": {
        "id": "us_or_bush_house_museum",
        "name": "Bush House Museum",
        "record_kind": "catalogue_coordinate",
        "source_dataset": "sites_us_baseline_or.dataset",
        "source_url": "https://www.openstreetmap.org/node/10788239902",
        "licence": "https://opendatacommons.org/licenses/odbl/1-0/",
        "coordinate_method": "Selected exact named OpenStreetMap feature returned by Nominatim; representative point."
      }
    },
    {
      "type": "Feature",
      "geometry": {
        "type": "Point",
        "coordinates": [
          -122.6908698,
          45.5258519
        ]
      },
      "properties": {
        "id": "us_or_congregation_beth_israel",
        "name": "Congregation Beth Israel",
        "record_kind": "catalogue_coordinate",
        "source_dataset": "sites_us_baseline_or.dataset",
        "source_url": "https://www.openstreetmap.org/way/449149934",
        "licence": "https://opendatacommons.org/licenses/odbl/1-0/",
        "coordinate_method": "Selected exact named OpenStreetMap feature returned by Nominatim; representative point."
      }
    },
    {
      "type": "Feature",
      "geometry": {
        "type": "Point",
        "coordinates": [
          -122.6360047,
          45.4786127
        ]
      },
      "properties": {
        "id": "us_or_crystal_springs_rhododendron_garden",
        "name": "Crystal Springs Rhododendron Garden",
        "record_kind": "catalogue_coordinate",
        "source_dataset": "sites_us_baseline_or.dataset",
        "source_url": "https://www.openstreetmap.org/way/133795912",
        "licence": "https://opendatacommons.org/licenses/odbl/1-0/",
        "coordinate_method": "Selected exact named OpenStreetMap feature returned by Nominatim; representative point."
      }
    },
    {
      "type": "Feature",
      "geometry": {
        "type": "Point",
        "coordinates": [
          -123.015559,
          44.0281486
        ]
      },
      "properties": {
        "id": "us_or_dorris_ranch",
        "name": "Dorris Ranch",
        "record_kind": "catalogue_coordinate",
        "source_dataset": "sites_us_baseline_or.dataset",
        "source_url": "https://www.openstreetmap.org/way/201158554",
        "licence": "https://opendatacommons.org/licenses/odbl/1-0/",
        "coordinate_method": "Selected exact named OpenStreetMap feature returned by Nominatim; representative point."
      }
    },
    {
      "type": "Feature",
      "geometry": {
        "type": "Point",
        "coordinates": [
          -122.6517266,
          45.4398398
        ]
      },
      "properties": {
        "id": "us_or_elk_rock_garden",
        "name": "Elk Rock Garden",
        "record_kind": "catalogue_coordinate",
        "source_dataset": "sites_us_baseline_or.dataset",
        "source_url": "https://www.openstreetmap.org/node/4317486073",
        "licence": "https://opendatacommons.org/licenses/odbl/1-0/",
        "coordinate_method": "Selected exact named OpenStreetMap feature returned by Nominatim; representative point."
      }
    },
    {
      "type": "Feature",
      "geometry": {
        "type": "Point",
        "coordinates": [
          -122.6843185,
          45.5211154
        ]
      },
      "properties": {
        "id": "us_or_first_presbyterian_church",
        "name": "First Presbyterian Church",
        "record_kind": "catalogue_coordinate",
        "source_dataset": "sites_us_baseline_or.dataset",
        "source_url": "https://www.openstreetmap.org/way/321591355",
        "licence": "https://opendatacommons.org/licenses/odbl/1-0/",
        "coordinate_method": "Selected exact named OpenStreetMap feature returned by Nominatim; representative point."
      }
    },
    {
      "type": "Feature",
      "geometry": {
        "type": "Point",
        "coordinates": [
          -123.0579178,
          44.0358767
        ]
      },
      "properties": {
        "id": "us_or_hendricks_park",
        "name": "Hendricks Park",
        "record_kind": "catalogue_coordinate",
        "source_dataset": "sites_us_baseline_or.dataset",
        "source_url": "https://www.openstreetmap.org/way/375997390",
        "licence": "https://opendatacommons.org/licenses/odbl/1-0/",
        "coordinate_method": "Selected exact named OpenStreetMap feature returned by Nominatim; representative point."
      }
    },
    {
      "type": "Feature",
      "geometry": {
        "type": "Point",
        "coordinates": [
          -122.705112,
          45.519326
        ]
      },
      "properties": {
        "id": "us_or_international_rose_test_garden",
        "name": "International Rose Test Garden",
        "record_kind": "catalogue_coordinate",
        "source_dataset": "sites_us_baseline_or.dataset",
        "source_url": "https://www.openstreetmap.org/relation/11988114",
        "licence": "https://opendatacommons.org/licenses/odbl/1-0/",
        "coordinate_method": "Selected exact named OpenStreetMap feature returned by Nominatim; representative point."
      }
    },
    {
      "type": "Feature",
      "geometry": {
        "type": "Point",
        "coordinates": [
          -122.6729712,
          45.5256942
        ]
      },
      "properties": {
        "id": "us_or_lan_su_chinese_garden",
        "name": "Lan Su Chinese Garden",
        "record_kind": "catalogue_coordinate",
        "source_dataset": "sites_us_baseline_or.dataset",
        "source_url": "https://www.openstreetmap.org/way/32482549",
        "licence": "https://opendatacommons.org/licenses/odbl/1-0/",
        "coordinate_method": "Selected exact named OpenStreetMap feature returned by Nominatim; representative point."
      }
    },
    {
      "type": "Feature",
      "geometry": {
        "type": "Point",
        "coordinates": [
          -122.2180013,
          45.5370493
        ]
      },
      "properties": {
        "id": "us_or_latourell_falls",
        "name": "Latourell Falls",
        "record_kind": "catalogue_coordinate",
        "source_dataset": "sites_us_baseline_or.dataset",
        "source_url": "https://www.openstreetmap.org/node/4110762452",
        "licence": "https://opendatacommons.org/licenses/odbl/1-0/",
        "coordinate_method": "Selected exact named OpenStreetMap feature returned by Nominatim; representative point."
      }
    },
    {
      "type": "Feature",
      "geometry": {
        "type": "Point",
        "coordinates": [
          -122.5351189,
          45.4745442
        ]
      },
      "properties": {
        "id": "us_or_leach_botanical_garden",
        "name": "Leach Botanical Garden",
        "record_kind": "catalogue_coordinate",
        "source_dataset": "sites_us_baseline_or.dataset",
        "source_url": "https://www.openstreetmap.org/relation/12738828",
        "licence": "https://opendatacommons.org/licenses/odbl/1-0/",
        "coordinate_method": "Selected exact named OpenStreetMap feature returned by Nominatim; representative point."
      }
    },
    {
      "type": "Feature",
      "geometry": {
        "type": "Point",
        "coordinates": [
          -122.642212,
          45.5185231
        ]
      },
      "properties": {
        "id": "us_or_lone_fir_cemetery",
        "name": "Lone Fir Cemetery",
        "record_kind": "catalogue_coordinate",
        "source_dataset": "sites_us_baseline_or.dataset",
        "source_url": "https://www.openstreetmap.org/way/31878994",
        "licence": "https://opendatacommons.org/licenses/odbl/1-0/",
        "coordinate_method": "Selected exact named OpenStreetMap feature returned by Nominatim; representative point."
      }
    },
    {
      "type": "Feature",
      "geometry": {
        "type": "Point",
        "coordinates": [
          -122.7744961,
          45.0569345
        ]
      },
      "properties": {
        "id": "us_or_mount_angel_abbey",
        "name": "Mount Angel Abbey",
        "record_kind": "catalogue_coordinate",
        "source_dataset": "sites_us_baseline_or.dataset",
        "source_url": "https://www.openstreetmap.org/way/1210613335",
        "licence": "https://opendatacommons.org/licenses/odbl/1-0/",
        "coordinate_method": "Selected exact named OpenStreetMap feature returned by Nominatim; representative point."
      }
    },
    {
      "type": "Feature",
      "geometry": {
        "type": "Point",
        "coordinates": [
          -123.0307767,
          44.9382743
        ]
      },
      "properties": {
        "id": "us_or_oregon_state_capitol",
        "name": "Oregon State Capitol",
        "record_kind": "catalogue_coordinate",
        "source_dataset": "sites_us_baseline_or.dataset",
        "source_url": "https://www.openstreetmap.org/relation/12657265",
        "licence": "https://opendatacommons.org/licenses/odbl/1-0/",
        "coordinate_method": "Selected exact named OpenStreetMap feature returned by Nominatim; representative point."
      }
    },
    {
      "type": "Feature",
      "geometry": {
        "type": "Point",
        "coordinates": [
          -123.1025798,
          44.0627126
        ]
      },
      "properties": {
        "id": "us_or_owen_rose_garden",
        "name": "Owen Rose Garden",
        "record_kind": "catalogue_coordinate",
        "source_dataset": "sites_us_baseline_or.dataset",
        "source_url": "https://www.openstreetmap.org/way/313850470",
        "licence": "https://opendatacommons.org/licenses/odbl/1-0/",
        "coordinate_method": "Selected exact named OpenStreetMap feature returned by Nominatim; representative point."
      }
    },
    {
      "type": "Feature",
      "geometry": {
        "type": "Point",
        "coordinates": [
          -122.7162395,
          45.5251956
        ]
      },
      "properties": {
        "id": "us_or_pittock_mansion",
        "name": "Pittock Mansion",
        "record_kind": "catalogue_coordinate",
        "source_dataset": "sites_us_baseline_or.dataset",
        "source_url": "https://www.openstreetmap.org/way/73908289",
        "licence": "https://opendatacommons.org/licenses/odbl/1-0/",
        "coordinate_method": "Selected exact named OpenStreetMap feature returned by Nominatim; representative point."
      }
    },
    {
      "type": "Feature",
      "geometry": {
        "type": "Point",
        "coordinates": [
          -122.7080957,
          45.5188216
        ]
      },
      "properties": {
        "id": "us_or_portland_japanese_garden",
        "name": "Portland Japanese Garden",
        "record_kind": "catalogue_coordinate",
        "source_dataset": "sites_us_baseline_or.dataset",
        "source_url": "https://www.openstreetmap.org/way/130713767",
        "licence": "https://opendatacommons.org/licenses/odbl/1-0/",
        "coordinate_method": "Nominatim representative point for the named OSM feature geometry"
      }
    },
    {
      "type": "Feature",
      "geometry": {
        "type": "Point",
        "coordinates": [
          -122.7422707,
          45.4254201
        ]
      },
      "properties": {
        "id": "us_or_portland_oregon_temple",
        "name": "Portland Oregon Temple",
        "record_kind": "catalogue_coordinate",
        "source_dataset": "sites_us_baseline_or.dataset",
        "source_url": "https://www.openstreetmap.org/way/60541571",
        "licence": "https://opendatacommons.org/licenses/odbl/1-0/",
        "coordinate_method": "Selected exact named OpenStreetMap feature returned by Nominatim; representative point."
      }
    },
    {
      "type": "Feature",
      "geometry": {
        "type": "Point",
        "coordinates": [
          -122.688969,
          45.5239917
        ]
      },
      "properties": {
        "id": "us_or_st_marys_cathedral_of_the_immaculate_conception",
        "name": "St. Mary’s Cathedral of the Immaculate Conception",
        "record_kind": "catalogue_coordinate",
        "source_dataset": "sites_us_baseline_or.dataset",
        "source_url": "https://www.openstreetmap.org/way/364597548",
        "licence": "https://opendatacommons.org/licenses/odbl/1-0/",
        "coordinate_method": "Selected exact named OpenStreetMap feature returned by Nominatim; representative point."
      }
    },
    {
      "type": "Feature",
      "geometry": {
        "type": "Point",
        "coordinates": [
          -122.5708682,
          45.5532272
        ]
      },
      "properties": {
        "id": "us_or_the_grotto",
        "name": "The Grotto",
        "record_kind": "catalogue_coordinate",
        "source_dataset": "sites_us_baseline_or.dataset",
        "source_url": "https://www.openstreetmap.org/way/297767361",
        "licence": "https://opendatacommons.org/licenses/odbl/1-0/",
        "coordinate_method": "Nominatim representative point for the named OSM feature geometry"
      }
    },
    {
      "type": "Feature",
      "geometry": {
        "type": "Point",
        "coordinates": [
          -122.6910456,
          45.5244921
        ]
      },
      "properties": {
        "id": "us_or_trinity_episcopal_cathedral",
        "name": "Trinity Episcopal Cathedral",
        "record_kind": "catalogue_coordinate",
        "source_dataset": "sites_us_baseline_or.dataset",
        "source_url": "https://www.openstreetmap.org/way/308123671",
        "licence": "https://opendatacommons.org/licenses/odbl/1-0/",
        "coordinate_method": "Selected exact named OpenStreetMap feature returned by Nominatim; representative point."
      }
    },
    {
      "type": "Feature",
      "geometry": {
        "type": "Point",
        "coordinates": [
          -122.2443783,
          45.5395671
        ]
      },
      "properties": {
        "id": "us_or_vista_house",
        "name": "Vista House",
        "record_kind": "catalogue_coordinate",
        "source_dataset": "sites_us_baseline_or.dataset",
        "source_url": "https://www.openstreetmap.org/way/145892556",
        "licence": "https://opendatacommons.org/licenses/odbl/1-0/",
        "coordinate_method": "Selected exact named OpenStreetMap feature returned by Nominatim; representative point."
      }
    },
    {
      "type": "Feature",
      "geometry": {
        "type": "Point",
        "coordinates": [
          -122.127595,
          45.5746626
        ]
      },
      "properties": {
        "id": "us_or_wahkeena_falls",
        "name": "Wahkeena Falls",
        "record_kind": "catalogue_coordinate",
        "source_dataset": "sites_us_baseline_or.dataset",
        "source_url": "https://www.openstreetmap.org/node/910313597",
        "licence": "https://opendatacommons.org/licenses/odbl/1-0/",
        "coordinate_method": "Selected exact named OpenStreetMap feature returned by Nominatim; representative point."
      }
    },
    {
      "type": "Feature",
      "geometry": {
        "type": "Point",
        "coordinates": [
          -123.0270408,
          44.9342801
        ]
      },
      "properties": {
        "id": "us_or_willamette_heritage_center",
        "name": "Willamette Heritage Center",
        "record_kind": "catalogue_coordinate",
        "source_dataset": "sites_us_baseline_or.dataset",
        "source_url": "https://www.openstreetmap.org/way/970751714",
        "licence": "https://opendatacommons.org/licenses/odbl/1-0/",
        "coordinate_method": "Selected exact named OpenStreetMap feature returned by Nominatim; representative point."
      }
    },
    {
      "type": "Feature",
      "geometry": {
        "type": "Point",
        "coordinates": [
          -75.1604908,
          39.9637089
        ]
      },
      "properties": {
        "id": "us_pa_rodeph_shalom_philadelphia",
        "name": "Congregation Rodeph Shalom",
        "record_kind": "catalogue_coordinate",
        "source_dataset": "sites_us_baseline_pa.dataset",
        "source_url": "https://www.openstreetmap.org/way/250806783",
        "licence": "https://opendatacommons.org/licenses/odbl/1-0/",
        "coordinate_method": "Exact named OpenStreetMap way representative point via Nominatim"
      }
    },
    {
      "type": "Feature",
      "geometry": {
        "type": "Point",
        "coordinates": [
          -71.31568567395301,
          41.49557766030951
        ]
      },
      "properties": {
        "id": "us_ri_common_burying_ground",
        "name": "Common Burying Ground",
        "record_kind": "catalogue_coordinate",
        "source_dataset": "sites_us_baseline_ri.dataset",
        "source_url": "https://www.openstreetmap.org/way/71475162",
        "licence": "https://opendatacommons.org/licenses/odbl/1-0/",
        "coordinate_method": "Polygon area centroid computed from fetched named OSM cemetery boundary"
      }
    },
    {
      "type": "Feature",
      "geometry": {
        "type": "Point",
        "coordinates": [
          -71.3833857,
          41.8525201
        ]
      },
      "properties": {
        "id": "us_ri_swan_point_cemetery",
        "name": "Swan Point Cemetery",
        "record_kind": "catalogue_coordinate",
        "source_dataset": "sites_us_baseline_ri.dataset",
        "source_url": "https://www.openstreetmap.org/way/230520832",
        "licence": "https://opendatacommons.org/licenses/odbl/1-0/",
        "coordinate_method": "Exact named OpenStreetMap way representative point via Nominatim"
      }
    },
    {
      "type": "Feature",
      "geometry": {
        "type": "Point",
        "coordinates": [
          -80.0804039,
          32.717045
        ]
      },
      "properties": {
        "id": "us_sc_angel_oak",
        "name": "Angel Oak",
        "record_kind": "catalogue_coordinate",
        "source_dataset": "sites_us_baseline_sc.dataset",
        "source_url": "https://www.openstreetmap.org/node/2218474054",
        "licence": "https://opendatacommons.org/licenses/odbl/1-0/",
        "coordinate_method": "Fetched Nominatim named-feature result; OSM node representative point"
      }
    },
    {
      "type": "Feature",
      "geometry": {
        "type": "Point",
        "coordinates": [
          -79.93446885,
          32.77652245
        ]
      },
      "properties": {
        "id": "us_sc_cathedral_saint_john_baptist",
        "name": "Cathedral of Saint John the Baptist",
        "record_kind": "catalogue_coordinate",
        "source_dataset": "sites_us_baseline_sc.dataset",
        "source_url": "https://www.openstreetmap.org/way/313434245",
        "licence": "https://opendatacommons.org/licenses/odbl/1-0/",
        "coordinate_method": "Bounds centre of exact named OSM building footprint"
      }
    },
    {
      "type": "Feature",
      "geometry": {
        "type": "Point",
        "coordinates": [
          -80.576661,
          32.3755901
        ]
      },
      "properties": {
        "id": "us_sc_chapel_of_ease",
        "name": "Chapel of Ease",
        "record_kind": "catalogue_coordinate",
        "source_dataset": "sites_us_baseline_sc.dataset",
        "source_url": "https://www.openstreetmap.org/way/1028892920",
        "licence": "https://opendatacommons.org/licenses/odbl/1-0/",
        "coordinate_method": "Fetched Nominatim named-feature result; OSM way representative point"
      }
    },
    {
      "type": "Feature",
      "geometry": {
        "type": "Point",
        "coordinates": [
          -80.076245,
          32.8709119
        ]
      },
      "properties": {
        "id": "us_sc_drayton_hall",
        "name": "Drayton Hall",
        "record_kind": "catalogue_coordinate",
        "source_dataset": "sites_us_baseline_sc.dataset",
        "source_url": "https://www.openstreetmap.org/way/195419323",
        "licence": "https://opendatacommons.org/licenses/odbl/1-0/",
        "coordinate_method": "Fetched Nominatim named-feature result; OSM way representative point"
      }
    },
    {
      "type": "Feature",
      "geometry": {
        "type": "Point",
        "coordinates": [
          -79.8741604,
          32.7524781
        ]
      },
      "properties": {
        "id": "us_sc_fort_sumter",
        "name": "Fort Sumter",
        "record_kind": "catalogue_coordinate",
        "source_dataset": "sites_us_baseline_sc.dataset",
        "source_url": "https://www.openstreetmap.org/relation/19947925",
        "licence": "https://opendatacommons.org/licenses/odbl/1-0/",
        "coordinate_method": "Fetched Nominatim named-feature result; OSM relation representative point"
      }
    },
    {
      "type": "Feature",
      "geometry": {
        "type": "Point",
        "coordinates": [
          -81.3806218,
          35.1425336
        ]
      },
      "properties": {
        "id": "us_sc_kings_mountain_monument",
        "name": "Kings Mountain Monument",
        "record_kind": "catalogue_coordinate",
        "source_dataset": "sites_us_baseline_sc.dataset",
        "source_url": "https://www.openstreetmap.org/node/6293789768",
        "licence": "https://opendatacommons.org/licenses/odbl/1-0/",
        "coordinate_method": "Fetched Nominatim named-feature result; OSM node representative point"
      }
    },
    {
      "type": "Feature",
      "geometry": {
        "type": "Point",
        "coordinates": [
          -80.7804583,
          32.6185351
        ]
      },
      "properties": {
        "id": "us_sc_old_sheldon_church_ruins",
        "name": "Old Sheldon Church Ruins",
        "record_kind": "catalogue_coordinate",
        "source_dataset": "sites_us_baseline_sc.dataset",
        "source_url": "https://www.openstreetmap.org/way/1034586270",
        "licence": "https://opendatacommons.org/licenses/odbl/1-0/",
        "coordinate_method": "Fetched Nominatim named-feature result; OSM way representative point"
      }
    },
    {
      "type": "Feature",
      "geometry": {
        "type": "Point",
        "coordinates": [
          -80.5762862,
          32.3888975
        ]
      },
      "properties": {
        "id": "us_sc_penn_center",
        "name": "Penn Center",
        "record_kind": "catalogue_coordinate",
        "source_dataset": "sites_us_baseline_sc.dataset",
        "source_url": "https://www.openstreetmap.org/way/406214659",
        "licence": "https://opendatacommons.org/licenses/odbl/1-0/",
        "coordinate_method": "Fetched Nominatim named-feature result; OSM way representative point"
      }
    },
    {
      "type": "Feature",
      "geometry": {
        "type": "Point",
        "coordinates": [
          -103.2276986,
          44.0599217
        ]
      },
      "properties": {
        "id": "us_sd_cathedral_of_our_lady_of_perpetual_help_rapid_city",
        "name": "Cathedral of Our Lady of Perpetual Help Rapid City",
        "record_kind": "catalogue_coordinate",
        "source_dataset": "sites_us_baseline_sd.dataset",
        "source_url": "https://www.openstreetmap.org/way/238811134",
        "licence": "https://opendatacommons.org/licenses/odbl/1-0/",
        "coordinate_method": "Selected exact named OpenStreetMap feature returned by Nominatim"
      }
    },
    {
      "type": "Feature",
      "geometry": {
        "type": "Point",
        "coordinates": [
          -103.4795485,
          43.5580509
        ]
      },
      "properties": {
        "id": "us_sd_wind_cave_natural_entrance",
        "name": "Wind Cave Natural Entrance",
        "record_kind": "catalogue_coordinate",
        "source_dataset": "sites_us_baseline_sd.dataset",
        "source_url": "https://www.openstreetmap.org/node/4685449809",
        "licence": "https://opendatacommons.org/licenses/odbl/1-0/",
        "coordinate_method": "OSM named cave entrance node"
      }
    },
    {
      "type": "Feature",
      "geometry": {
        "type": "Point",
        "coordinates": [
          -85.5994358,
          36.0454617
        ]
      },
      "properties": {
        "id": "us_tn_burgess_falls",
        "name": "Burgess Falls",
        "record_kind": "catalogue_coordinate",
        "source_dataset": "sites_us_baseline_tn.dataset",
        "source_url": "https://www.openstreetmap.org/node/5614074123",
        "licence": "https://opendatacommons.org/licenses/odbl/1-0/",
        "coordinate_method": "Fetched Nominatim named-feature result; OSM node representative point"
      }
    },
    {
      "type": "Feature",
      "geometry": {
        "type": "Point",
        "coordinates": [
          -83.8136848,
          35.602012
        ]
      },
      "properties": {
        "id": "us_tn_cades_cove_primitive_baptist_church",
        "name": "Cades Cove Primitive Baptist Church",
        "record_kind": "catalogue_coordinate",
        "source_dataset": "sites_us_baseline_tn.dataset",
        "source_url": "https://www.openstreetmap.org/way/222046263",
        "licence": "https://opendatacommons.org/licenses/odbl/1-0/",
        "coordinate_method": "Fetched Nominatim named-feature result; OSM way representative point"
      }
    },
    {
      "type": "Feature",
      "geometry": {
        "type": "Point",
        "coordinates": [
          -86.1045586,
          35.4838149
        ]
      },
      "properties": {
        "id": "us_tn_old_stone_fort",
        "name": "Old Stone Fort",
        "record_kind": "catalogue_coordinate",
        "source_dataset": "sites_us_baseline_tn.dataset",
        "source_url": "https://www.openstreetmap.org/way/96904816",
        "licence": "https://opendatacommons.org/licenses/odbl/1-0/",
        "coordinate_method": "Fetched Nominatim named-feature result; OSM way representative point"
      }
    },
    {
      "type": "Feature",
      "geometry": {
        "type": "Point",
        "coordinates": [
          -86.8133822,
          36.1497159
        ]
      },
      "properties": {
        "id": "us_tn_parthenon",
        "name": "Parthenon",
        "record_kind": "catalogue_coordinate",
        "source_dataset": "sites_us_baseline_tn.dataset",
        "source_url": "https://www.openstreetmap.org/way/130913355",
        "licence": "https://opendatacommons.org/licenses/odbl/1-0/",
        "coordinate_method": "Fetched Nominatim named-feature result; OSM way representative point"
      }
    },
    {
      "type": "Feature",
      "geometry": {
        "type": "Point",
        "coordinates": [
          -88.6921871,
          35.4989455
        ]
      },
      "properties": {
        "id": "us_tn_pinson_mounds",
        "name": "Pinson Mounds",
        "record_kind": "catalogue_coordinate",
        "source_dataset": "sites_us_baseline_tn.dataset",
        "source_url": "https://www.openstreetmap.org/node/13456222096",
        "licence": "https://opendatacommons.org/licenses/odbl/1-0/",
        "coordinate_method": "Fetched Nominatim named-feature result; OSM node representative point"
      }
    },
    {
      "type": "Feature",
      "geometry": {
        "type": "Point",
        "coordinates": [
          -88.3194873,
          35.1502174
        ]
      },
      "properties": {
        "id": "us_tn_shiloh_national_cemetery",
        "name": "Shiloh National Cemetery",
        "record_kind": "catalogue_coordinate",
        "source_dataset": "sites_us_baseline_tn.dataset",
        "source_url": "https://www.openstreetmap.org/way/583098188",
        "licence": "https://opendatacommons.org/licenses/odbl/1-0/",
        "coordinate_method": "Fetched Nominatim named-feature result; OSM way representative point"
      }
    },
    {
      "type": "Feature",
      "geometry": {
        "type": "Point",
        "coordinates": [
          -86.9249127,
          36.1012757
        ]
      },
      "properties": {
        "id": "us_tn_sri_ganesha_temple_nashville",
        "name": "Sri Ganesha Temple",
        "record_kind": "catalogue_coordinate",
        "source_dataset": "sites_us_baseline_tn.dataset",
        "source_url": "https://www.openstreetmap.org/node/7967164615",
        "licence": "https://opendatacommons.org/licenses/odbl/1-0/",
        "coordinate_method": "Exact named OpenStreetMap node representative point via Nominatim"
      }
    },
    {
      "type": "Feature",
      "geometry": {
        "type": "Point",
        "coordinates": [
          -86.4326163,
          35.8812564
        ]
      },
      "properties": {
        "id": "us_tn_stones_river_national_cemetery",
        "name": "Stones River National Cemetery",
        "record_kind": "catalogue_coordinate",
        "source_dataset": "sites_us_baseline_tn.dataset",
        "source_url": "https://www.openstreetmap.org/way/198386967",
        "licence": "https://opendatacommons.org/licenses/odbl/1-0/",
        "coordinate_method": "Fetched Nominatim named-feature result; OSM way representative point"
      }
    },
    {
      "type": "Feature",
      "geometry": {
        "type": "Point",
        "coordinates": [
          -95.1483674,
          31.5918635
        ]
      },
      "properties": {
        "id": "us_tx_caddo_mounds",
        "name": "Caddo Mounds",
        "record_kind": "catalogue_coordinate",
        "source_dataset": "sites_us_baseline_tx.dataset",
        "source_url": "https://www.openstreetmap.org/relation/21172965",
        "licence": "https://opendatacommons.org/licenses/odbl/1-0/",
        "coordinate_method": "Fetched Nominatim named-feature result; OSM relation representative point"
      }
    },
    {
      "type": "Feature",
      "geometry": {
        "type": "Point",
        "coordinates": [
          -95.4879663,
          29.6779321
        ]
      },
      "properties": {
        "id": "us_tx_congregation_beth_israel_houston",
        "name": "Congregation Beth Israel",
        "record_kind": "catalogue_coordinate",
        "source_dataset": "sites_us_baseline_tx.dataset",
        "source_url": "https://www.openstreetmap.org/way/144912163",
        "licence": "https://opendatacommons.org/licenses/odbl/1-0/",
        "coordinate_method": "Exact named OpenStreetMap way representative point via Nominatim"
      }
    },
    {
      "type": "Feature",
      "geometry": {
        "type": "Point",
        "coordinates": [
          -98.8187969,
          30.5064691
        ]
      },
      "properties": {
        "id": "us_tx_enchanted_rock",
        "name": "Enchanted Rock",
        "record_kind": "catalogue_coordinate",
        "source_dataset": "sites_us_baseline_tx.dataset",
        "source_url": "https://www.openstreetmap.org/node/2782614412",
        "licence": "https://opendatacommons.org/licenses/odbl/1-0/",
        "coordinate_method": "Fetched Nominatim named-feature result; OSM node representative point"
      }
    },
    {
      "type": "Feature",
      "geometry": {
        "type": "Point",
        "coordinates": [
          -106.0438136,
          31.9180818
        ]
      },
      "properties": {
        "id": "us_tx_hueco_tanks",
        "name": "Hueco Tanks",
        "record_kind": "catalogue_coordinate",
        "source_dataset": "sites_us_baseline_tx.dataset",
        "source_url": "https://www.openstreetmap.org/way/28663887",
        "licence": "https://opendatacommons.org/licenses/odbl/1-0/",
        "coordinate_method": "Fetched Nominatim named-feature result; OSM way representative point"
      }
    },
    {
      "type": "Feature",
      "geometry": {
        "type": "Point",
        "coordinates": [
          -98.4911264,
          29.3910788
        ]
      },
      "properties": {
        "id": "us_tx_mission_concepci_n",
        "name": "Mission Concepción",
        "record_kind": "catalogue_coordinate",
        "source_dataset": "sites_us_baseline_tx.dataset",
        "source_url": "https://www.openstreetmap.org/node/356852390",
        "licence": "https://opendatacommons.org/licenses/odbl/1-0/",
        "coordinate_method": "Fetched Nominatim named-feature result; OSM node representative point"
      }
    },
    {
      "type": "Feature",
      "geometry": {
        "type": "Point",
        "coordinates": [
          -98.451175,
          29.3182024
        ]
      },
      "properties": {
        "id": "us_tx_mission_espada",
        "name": "Mission Espada",
        "record_kind": "catalogue_coordinate",
        "source_dataset": "sites_us_baseline_tx.dataset",
        "source_url": "https://www.openstreetmap.org/node/356740636",
        "licence": "https://opendatacommons.org/licenses/odbl/1-0/",
        "coordinate_method": "Fetched Nominatim named-feature result; OSM node representative point"
      }
    },
    {
      "type": "Feature",
      "geometry": {
        "type": "Point",
        "coordinates": [
          -98.4798083,
          29.3623511
        ]
      },
      "properties": {
        "id": "us_tx_mission_san_jos",
        "name": "Mission San José",
        "record_kind": "catalogue_coordinate",
        "source_dataset": "sites_us_baseline_tx.dataset",
        "source_url": "https://www.openstreetmap.org/way/368488495",
        "licence": "https://opendatacommons.org/licenses/odbl/1-0/",
        "coordinate_method": "Fetched Nominatim named-feature result; OSM way representative point"
      }
    },
    {
      "type": "Feature",
      "geometry": {
        "type": "Point",
        "coordinates": [
          -98.4553364,
          29.3329799
        ]
      },
      "properties": {
        "id": "us_tx_mission_san_juan",
        "name": "Mission San Juan",
        "record_kind": "catalogue_coordinate",
        "source_dataset": "sites_us_baseline_tx.dataset",
        "source_url": "https://www.openstreetmap.org/way/130922311",
        "licence": "https://opendatacommons.org/licenses/odbl/1-0/",
        "coordinate_method": "Fetched Nominatim named-feature result; OSM way representative point"
      }
    },
    {
      "type": "Feature",
      "geometry": {
        "type": "Point",
        "coordinates": [
          -97.7400069,
          30.2710812
        ]
      },
      "properties": {
        "id": "us_tx_saint_mary_cathedral",
        "name": "Saint Mary Cathedral",
        "record_kind": "catalogue_coordinate",
        "source_dataset": "sites_us_baseline_tx.dataset",
        "source_url": "https://www.openstreetmap.org/way/328649889",
        "licence": "https://opendatacommons.org/licenses/odbl/1-0/",
        "coordinate_method": "Fetched Nominatim representative point for exact named feature"
      }
    },
    {
      "type": "Feature",
      "geometry": {
        "type": "Point",
        "coordinates": [
          -98.4942042,
          29.424559
        ]
      },
      "properties": {
        "id": "us_tx_san_fernando_cathedral",
        "name": "San Fernando Cathedral",
        "record_kind": "catalogue_coordinate",
        "source_dataset": "sites_us_baseline_tx.dataset",
        "source_url": "https://www.openstreetmap.org/way/80647022",
        "licence": "https://opendatacommons.org/licenses/odbl/1-0/",
        "coordinate_method": "Exact named OpenStreetMap way representative point via Nominatim"
      }
    },
    {
      "type": "Feature",
      "geometry": {
        "type": "Point",
        "coordinates": [
          -95.0807239,
          29.7498288
        ]
      },
      "properties": {
        "id": "us_tx_san_jacinto_monument",
        "name": "San Jacinto Monument",
        "record_kind": "catalogue_coordinate",
        "source_dataset": "sites_us_baseline_tx.dataset",
        "source_url": "https://www.openstreetmap.org/way/257767763",
        "licence": "https://opendatacommons.org/licenses/odbl/1-0/",
        "coordinate_method": "Fetched Nominatim named-feature result; OSM way representative point"
      }
    },
    {
      "type": "Feature",
      "geometry": {
        "type": "Point",
        "coordinates": [
          -101.2980323,
          29.6849431
        ]
      },
      "properties": {
        "id": "us_tx_seminole_canyon",
        "name": "Seminole Canyon",
        "record_kind": "catalogue_coordinate",
        "source_dataset": "sites_us_baseline_tx.dataset",
        "source_url": "https://www.openstreetmap.org/relation/19861074",
        "licence": "https://opendatacommons.org/licenses/odbl/1-0/",
        "coordinate_method": "Fetched Nominatim named-feature result; OSM relation representative point"
      }
    },
    {
      "type": "Feature",
      "geometry": {
        "type": "Point",
        "coordinates": [
          -96.7858168,
          32.8683139
        ]
      },
      "properties": {
        "id": "us_tx_temple_emanu_el_dallas",
        "name": "Temple Emanu-El",
        "record_kind": "catalogue_coordinate",
        "source_dataset": "sites_us_baseline_tx.dataset",
        "source_url": "https://www.openstreetmap.org/relation/6937268",
        "licence": "https://opendatacommons.org/licenses/odbl/1-0/",
        "coordinate_method": "Exact named OpenStreetMap relation representative point via Nominatim"
      }
    },
    {
      "type": "Feature",
      "geometry": {
        "type": "Point",
        "coordinates": [
          -96.7983972,
          32.7826271
        ]
      },
      "properties": {
        "id": "us_tx_thanks_giving_square",
        "name": "Thanks-Giving Square",
        "record_kind": "catalogue_coordinate",
        "source_dataset": "sites_us_baseline_tx.dataset",
        "source_url": "https://www.openstreetmap.org/way/219799703",
        "licence": "https://opendatacommons.org/licenses/odbl/1-0/",
        "coordinate_method": "Fetched Nominatim representative point for exact named feature"
      }
    },
    {
      "type": "Feature",
      "geometry": {
        "type": "Point",
        "coordinates": [
          -98.4861057,
          29.425722
        ]
      },
      "properties": {
        "id": "us_tx_the_alamo",
        "name": "Alamo Church",
        "record_kind": "catalogue_coordinate",
        "source_dataset": "sites_us_baseline_tx.dataset",
        "source_url": "https://www.openstreetmap.org/way/92060042",
        "licence": "https://opendatacommons.org/licenses/odbl/1-0/",
        "coordinate_method": "Bounding-box centre of the exact named building footprint; coordinates are representative, not a surveyed entrance."
      }
    },
    {
      "type": "Feature",
      "geometry": {
        "type": "Point",
        "coordinates": [
          -97.17432525,
          31.6058433
        ]
      },
      "properties": {
        "id": "us_tx_waco_mammoth_national_monument",
        "name": "Waco Mammoth Dig Shelter",
        "record_kind": "catalogue_coordinate",
        "source_dataset": "sites_us_baseline_tx.dataset",
        "source_url": "https://www.openstreetmap.org/way/422377667",
        "licence": "https://opendatacommons.org/licenses/odbl/1-0/",
        "coordinate_method": "Bounding-box centre of the exact named building footprint; coordinates are representative, not a surveyed entrance."
      }
    },
    {
      "type": "Feature",
      "geometry": {
        "type": "Point",
        "coordinates": [
          -106.327204,
          31.6912225
        ]
      },
      "properties": {
        "id": "us_tx_ysleta_mission",
        "name": "Ysleta Mission",
        "record_kind": "catalogue_coordinate",
        "source_dataset": "sites_us_baseline_tx.dataset",
        "source_url": "https://www.openstreetmap.org/node/356814455",
        "licence": "https://opendatacommons.org/licenses/odbl/1-0/",
        "coordinate_method": "OSM named Mission of Corpus Christi de la Ysleta del Sur representative node"
      }
    },
    {
      "type": "Feature",
      "geometry": {
        "type": "Point",
        "coordinates": [
          -111.8842395,
          40.7677386
        ]
      },
      "properties": {
        "id": "us_ut_cathedral_church_of_saint_mark",
        "name": "Cathedral Church of Saint Mark",
        "record_kind": "catalogue_coordinate",
        "source_dataset": "sites_us_baseline_ut.dataset",
        "source_url": "https://www.openstreetmap.org/way/595952116",
        "licence": "https://opendatacommons.org/licenses/odbl/1-0/",
        "coordinate_method": "Nominatim representative point for exact named OSM feature"
      }
    },
    {
      "type": "Feature",
      "geometry": {
        "type": "Point",
        "coordinates": [
          -111.8817253,
          40.7698073
        ]
      },
      "properties": {
        "id": "us_ut_cathedral_of_the_madeleine",
        "name": "Cathedral of the Madeleine",
        "record_kind": "catalogue_coordinate",
        "source_dataset": "sites_us_baseline_ut.dataset",
        "source_url": "https://www.openstreetmap.org/way/466188203",
        "licence": "https://opendatacommons.org/licenses/odbl/1-0/",
        "coordinate_method": "Nominatim representative point for exact named OSM feature"
      }
    },
    {
      "type": "Feature",
      "geometry": {
        "type": "Point",
        "coordinates": [
          -111.8693236,
          40.7591756
        ]
      },
      "properties": {
        "id": "us_ut_gilgal_sculpture_garden",
        "name": "Gilgal Sculpture Garden",
        "record_kind": "catalogue_coordinate",
        "source_dataset": "sites_us_baseline_ut.dataset",
        "source_url": "https://www.openstreetmap.org/relation/17883921",
        "licence": "https://opendatacommons.org/licenses/odbl/1-0/",
        "coordinate_method": "Selected exact named OpenStreetMap feature returned by Nominatim"
      }
    },
    {
      "type": "Feature",
      "geometry": {
        "type": "Point",
        "coordinates": [
          -111.8990863,
          40.76311
        ]
      },
      "properties": {
        "id": "us_ut_holy_trinity_cathedral_salt_lake_city",
        "name": "Holy Trinity Cathedral Salt Lake City",
        "record_kind": "catalogue_coordinate",
        "source_dataset": "sites_us_baseline_ut.dataset",
        "source_url": "https://www.openstreetmap.org/way/224554405",
        "licence": "https://opendatacommons.org/licenses/odbl/1-0/",
        "coordinate_method": "Selected exact named OpenStreetMap feature returned by Nominatim"
      }
    },
    {
      "type": "Feature",
      "geometry": {
        "type": "Point",
        "coordinates": [
          -111.9206748,
          40.747797
        ]
      },
      "properties": {
        "id": "us_ut_international_peace_gardens",
        "name": "International Peace Gardens",
        "record_kind": "catalogue_coordinate",
        "source_dataset": "sites_us_baseline_ut.dataset",
        "source_url": "https://www.openstreetmap.org/way/225432173",
        "licence": "https://opendatacommons.org/licenses/odbl/1-0/",
        "coordinate_method": "Selected exact named OpenStreetMap feature returned by Nominatim"
      }
    },
    {
      "type": "Feature",
      "geometry": {
        "type": "Point",
        "coordinates": [
          -111.9715859,
          41.2276092
        ]
      },
      "properties": {
        "id": "us_ut_ogden_utah_temple",
        "name": "Ogden Utah Temple",
        "record_kind": "catalogue_coordinate",
        "source_dataset": "sites_us_baseline_ut.dataset",
        "source_url": "https://www.openstreetmap.org/way/40895882",
        "licence": "https://opendatacommons.org/licenses/odbl/1-0/",
        "coordinate_method": "Nominatim representative point for exact named OSM feature"
      }
    },
    {
      "type": "Feature",
      "geometry": {
        "type": "Point",
        "coordinates": [
          -111.6593084,
          40.2326399
        ]
      },
      "properties": {
        "id": "us_ut_provo_city_center_temple",
        "name": "Provo City Center Temple",
        "record_kind": "catalogue_coordinate",
        "source_dataset": "sites_us_baseline_ut.dataset",
        "source_url": "https://www.openstreetmap.org/way/423053845",
        "licence": "https://opendatacommons.org/licenses/odbl/1-0/",
        "coordinate_method": "Nominatim representative point for exact named OSM feature"
      }
    },
    {
      "type": "Feature",
      "geometry": {
        "type": "Point",
        "coordinates": [
          -111.8206271,
          40.7693478
        ]
      },
      "properties": {
        "id": "us_ut_red_butte_garden_and_arboretum",
        "name": "Red Butte Garden and Arboretum",
        "record_kind": "catalogue_coordinate",
        "source_dataset": "sites_us_baseline_ut.dataset",
        "source_url": "https://www.openstreetmap.org/relation/15667539",
        "licence": "https://opendatacommons.org/licenses/odbl/1-0/",
        "coordinate_method": "Selected exact named OpenStreetMap feature returned by Nominatim"
      }
    },
    {
      "type": "Feature",
      "geometry": {
        "type": "Point",
        "coordinates": [
          -111.8584724,
          40.7776669
        ]
      },
      "properties": {
        "id": "us_ut_salt_lake_city_cemetery",
        "name": "Salt Lake City Cemetery",
        "record_kind": "catalogue_coordinate",
        "source_dataset": "sites_us_baseline_ut.dataset",
        "source_url": "https://www.openstreetmap.org/way/30101123",
        "licence": "https://opendatacommons.org/licenses/odbl/1-0/",
        "coordinate_method": "Selected exact named OpenStreetMap feature returned by Nominatim"
      }
    },
    {
      "type": "Feature",
      "geometry": {
        "type": "Point",
        "coordinates": [
          -111.6083473,
          40.160567
        ]
      },
      "properties": {
        "id": "us_ut_springville_museum_of_art",
        "name": "Springville Museum of Art",
        "record_kind": "catalogue_coordinate",
        "source_dataset": "sites_us_baseline_ut.dataset",
        "source_url": "https://www.openstreetmap.org/way/150824849",
        "licence": "https://opendatacommons.org/licenses/odbl/1-0/",
        "coordinate_method": "Selected exact named OpenStreetMap feature returned by Nominatim"
      }
    },
    {
      "type": "Feature",
      "geometry": {
        "type": "Point",
        "coordinates": [
          -77.0691117,
          38.8785384
        ]
      },
      "properties": {
        "id": "us_va_arlington_national_cemetery",
        "name": "Arlington National Cemetery",
        "record_kind": "catalogue_coordinate",
        "source_dataset": "sites_us_baseline_va.dataset",
        "source_url": "https://www.openstreetmap.org/relation/2475077",
        "licence": "https://opendatacommons.org/licenses/odbl/1-0/",
        "coordinate_method": "Fetched Nominatim named-feature result; OSM relation representative point"
      }
    },
    {
      "type": "Feature",
      "geometry": {
        "type": "Point",
        "coordinates": [
          -77.04388255,
          38.80185335
        ]
      },
      "properties": {
        "id": "us_va_basilica_saint_mary",
        "name": "Basilica of Saint Mary",
        "record_kind": "catalogue_coordinate",
        "source_dataset": "sites_us_baseline_va.dataset",
        "source_url": "https://www.openstreetmap.org/way/233012504",
        "licence": "https://opendatacommons.org/licenses/odbl/1-0/",
        "coordinate_method": "Bounds centre of exact named OSM building footprint"
      }
    },
    {
      "type": "Feature",
      "geometry": {
        "type": "Point",
        "coordinates": [
          -79.7328284,
          37.114259
        ]
      },
      "properties": {
        "id": "us_va_booker_t_washington_birthplace",
        "name": "Booker T. Washington Birthplace",
        "record_kind": "catalogue_coordinate",
        "source_dataset": "sites_us_baseline_va.dataset",
        "source_url": "https://www.openstreetmap.org/relation/7809561",
        "licence": "https://opendatacommons.org/licenses/odbl/1-0/",
        "coordinate_method": "Fetched Nominatim named-feature result; OSM relation representative point"
      }
    },
    {
      "type": "Feature",
      "geometry": {
        "type": "Point",
        "coordinates": [
          -76.0081243,
          36.9258008
        ]
      },
      "properties": {
        "id": "us_va_cape_henry_lighthouse",
        "name": "Old Cape Henry Lighthouse",
        "record_kind": "catalogue_coordinate",
        "source_dataset": "sites_us_baseline_va.dataset",
        "source_url": "https://www.openstreetmap.org/way/402305719",
        "licence": "https://opendatacommons.org/licenses/odbl/1-0/",
        "coordinate_method": "Exact named OpenStreetMap way representative point via Nominatim"
      }
    },
    {
      "type": "Feature",
      "geometry": {
        "type": "Point",
        "coordinates": [
          -79.0797281,
          37.8511328
        ]
      },
      "properties": {
        "id": "us_va_crabtree_falls",
        "name": "Crabtree Falls",
        "record_kind": "catalogue_coordinate",
        "source_dataset": "sites_us_baseline_va.dataset",
        "source_url": "https://www.openstreetmap.org/node/8780834098",
        "licence": "https://opendatacommons.org/licenses/odbl/1-0/",
        "coordinate_method": "Fetched Nominatim named-feature result; OSM node representative point"
      }
    },
    {
      "type": "Feature",
      "geometry": {
        "type": "Point",
        "coordinates": [
          -77.4551571,
          37.5365903
        ]
      },
      "properties": {
        "id": "us_va_hollywood_cemetery",
        "name": "Hollywood Cemetery",
        "record_kind": "catalogue_coordinate",
        "source_dataset": "sites_us_baseline_va.dataset",
        "source_url": "https://www.openstreetmap.org/way/76362268",
        "licence": "https://opendatacommons.org/licenses/odbl/1-0/",
        "coordinate_method": "Fetched Nominatim named-feature result; OSM way representative point"
      }
    },
    {
      "type": "Feature",
      "geometry": {
        "type": "Point",
        "coordinates": [
          -76.7783594,
          37.2085142
        ]
      },
      "properties": {
        "id": "us_va_jamestown_church",
        "name": "Jamestown Church",
        "record_kind": "catalogue_coordinate",
        "source_dataset": "sites_us_baseline_va.dataset",
        "source_url": "https://www.openstreetmap.org/way/370414564",
        "licence": "https://opendatacommons.org/licenses/odbl/1-0/",
        "coordinate_method": "Fetched Nominatim named-feature result; OSM way representative point"
      }
    },
    {
      "type": "Feature",
      "geometry": {
        "type": "Point",
        "coordinates": [
          -78.7972786,
          37.3771127
        ]
      },
      "properties": {
        "id": "us_va_mclean_house",
        "name": "McLean House",
        "record_kind": "catalogue_coordinate",
        "source_dataset": "sites_us_baseline_va.dataset",
        "source_url": "https://www.openstreetmap.org/way/187340010",
        "licence": "https://opendatacommons.org/licenses/odbl/1-0/",
        "coordinate_method": "Fetched Nominatim named-feature result; OSM way representative point"
      }
    },
    {
      "type": "Feature",
      "geometry": {
        "type": "Point",
        "coordinates": [
          -79.544788,
          37.6279197
        ]
      },
      "properties": {
        "id": "us_va_natural_bridge",
        "name": "Natural Bridge",
        "record_kind": "catalogue_coordinate",
        "source_dataset": "sites_us_baseline_va.dataset",
        "source_url": "https://www.openstreetmap.org/node/4325038750",
        "licence": "https://opendatacommons.org/licenses/odbl/1-0/",
        "coordinate_method": "Fetched exact OSM named rock arch node"
      }
    },
    {
      "type": "Feature",
      "geometry": {
        "type": "Point",
        "coordinates": [
          -73.2300101,
          44.5080052
        ]
      },
      "properties": {
        "id": "us_vt_ethan_allen_homestead",
        "name": "Ethan Allen Homestead",
        "record_kind": "catalogue_coordinate",
        "source_dataset": "sites_us_baseline_vt.dataset",
        "source_url": "https://www.openstreetmap.org/way/201646784",
        "licence": "https://opendatacommons.org/licenses/odbl/1-0/",
        "coordinate_method": "Exact named OSM way representative point via Nominatim"
      }
    },
    {
      "type": "Feature",
      "geometry": {
        "type": "Point",
        "coordinates": [
          -73.2162351,
          44.2783863
        ]
      },
      "properties": {
        "id": "us_vt_mount_philo",
        "name": "Mount Philo",
        "record_kind": "catalogue_coordinate",
        "source_dataset": "sites_us_baseline_vt.dataset",
        "source_url": "https://www.openstreetmap.org/node/356553906",
        "licence": "https://opendatacommons.org/licenses/odbl/1-0/",
        "coordinate_method": "Nominatim result for named OpenStreetMap feature"
      }
    },
    {
      "type": "Feature",
      "geometry": {
        "type": "Point",
        "coordinates": [
          -73.2127098,
          42.8834712
        ]
      },
      "properties": {
        "id": "us_vt_old_first_church",
        "name": "Old First Church",
        "record_kind": "catalogue_coordinate",
        "source_dataset": "sites_us_baseline_vt.dataset",
        "source_url": "https://www.openstreetmap.org/way/342759419",
        "licence": "https://opendatacommons.org/licenses/odbl/1-0/",
        "coordinate_method": "Nominatim result for named OpenStreetMap feature"
      }
    },
    {
      "type": "Feature",
      "geometry": {
        "type": "Point",
        "coordinates": [
          -73.3476584,
          44.900179
        ]
      },
      "properties": {
        "id": "us_vt_saint_anne_s_shrine",
        "name": "Saint Anne's Shrine",
        "record_kind": "catalogue_coordinate",
        "source_dataset": "sites_us_baseline_vt.dataset",
        "source_url": "https://www.openstreetmap.org/node/356554292",
        "licence": "https://opendatacommons.org/licenses/odbl/1-0/",
        "coordinate_method": "Nominatim representative named-feature point from OSM"
      }
    },
    {
      "type": "Feature",
      "geometry": {
        "type": "Point",
        "coordinates": [
          -117.4469339,
          47.6568878
        ]
      },
      "properties": {
        "id": "us_wa_campbell_house",
        "name": "Campbell House",
        "record_kind": "catalogue_coordinate",
        "source_dataset": "sites_us_baseline_wa.dataset",
        "source_url": "https://www.openstreetmap.org/way/511824917",
        "licence": "https://opendatacommons.org/licenses/odbl/1-0/",
        "coordinate_method": "Selected exact named OpenStreetMap feature returned by Nominatim; representative point."
      }
    },
    {
      "type": "Feature",
      "geometry": {
        "type": "Point",
        "coordinates": [
          -117.4284594,
          47.6580898
        ]
      },
      "properties": {
        "id": "us_wa_cathedral_of_our_lady_of_lourdes",
        "name": "Cathedral of Our Lady of Lourdes",
        "record_kind": "catalogue_coordinate",
        "source_dataset": "sites_us_baseline_wa.dataset",
        "source_url": "https://www.openstreetmap.org/way/166515102",
        "licence": "https://opendatacommons.org/licenses/odbl/1-0/",
        "coordinate_method": "Selected exact named OpenStreetMap feature returned by Nominatim; representative point."
      }
    },
    {
      "type": "Feature",
      "geometry": {
        "type": "Point",
        "coordinates": [
          -117.4093861,
          47.6450981
        ]
      },
      "properties": {
        "id": "us_wa_cathedral_of_st_john_the_evangelist",
        "name": "Cathedral of St. John the Evangelist",
        "record_kind": "catalogue_coordinate",
        "source_dataset": "sites_us_baseline_wa.dataset",
        "source_url": "https://www.openstreetmap.org/way/41186405",
        "licence": "https://opendatacommons.org/licenses/odbl/1-0/",
        "coordinate_method": "Selected exact named OpenStreetMap feature returned by Nominatim; representative point."
      }
    },
    {
      "type": "Feature",
      "geometry": {
        "type": "Point",
        "coordinates": [
          -122.3502071,
          47.6205296
        ]
      },
      "properties": {
        "id": "us_wa_chihuly_garden_and_glass",
        "name": "Chihuly Garden and Glass",
        "record_kind": "catalogue_coordinate",
        "source_dataset": "sites_us_baseline_wa.dataset",
        "source_url": "https://www.openstreetmap.org/way/161587729",
        "licence": "https://opendatacommons.org/licenses/odbl/1-0/",
        "coordinate_method": "Selected exact named OpenStreetMap feature returned by Nominatim; representative point."
      }
    },
    {
      "type": "Feature",
      "geometry": {
        "type": "Point",
        "coordinates": [
          -122.459626,
          47.2746588
        ]
      },
      "properties": {
        "id": "us_wa_chinese_reconciliation_park",
        "name": "Chinese Reconciliation Park",
        "record_kind": "catalogue_coordinate",
        "source_dataset": "sites_us_baseline_wa.dataset",
        "source_url": "https://www.openstreetmap.org/way/1037425100",
        "licence": "https://opendatacommons.org/licenses/odbl/1-0/",
        "coordinate_method": "Selected exact named OpenStreetMap feature returned by Nominatim; representative point."
      }
    },
    {
      "type": "Feature",
      "geometry": {
        "type": "Point",
        "coordinates": [
          -122.3298978,
          47.5984461
        ]
      },
      "properties": {
        "id": "us_wa_king_street_station",
        "name": "King Street Station",
        "record_kind": "catalogue_coordinate",
        "source_dataset": "sites_us_baseline_wa.dataset",
        "source_url": "https://www.openstreetmap.org/way/4725281",
        "licence": "https://opendatacommons.org/licenses/odbl/1-0/",
        "coordinate_method": "Selected exact named OpenStreetMap feature returned by Nominatim; representative point."
      }
    },
    {
      "type": "Feature",
      "geometry": {
        "type": "Point",
        "coordinates": [
          -122.3760516,
          47.7762585
        ]
      },
      "properties": {
        "id": "us_wa_kruckeberg_botanic_garden",
        "name": "Kruckeberg Botanic Garden",
        "record_kind": "catalogue_coordinate",
        "source_dataset": "sites_us_baseline_wa.dataset",
        "source_url": "https://www.openstreetmap.org/way/155241322",
        "licence": "https://opendatacommons.org/licenses/odbl/1-0/",
        "coordinate_method": "Selected exact named OpenStreetMap feature returned by Nominatim; representative point."
      }
    },
    {
      "type": "Feature",
      "geometry": {
        "type": "Point",
        "coordinates": [
          -122.266071,
          47.5128166
        ]
      },
      "properties": {
        "id": "us_wa_kubota_garden",
        "name": "Kubota Garden",
        "record_kind": "catalogue_coordinate",
        "source_dataset": "sites_us_baseline_wa.dataset",
        "source_url": "https://www.openstreetmap.org/way/42006992",
        "licence": "https://opendatacommons.org/licenses/odbl/1-0/",
        "coordinate_method": "Nominatim representative point for the named OSM feature geometry"
      }
    },
    {
      "type": "Feature",
      "geometry": {
        "type": "Point",
        "coordinates": [
          -122.315358,
          47.634036
        ]
      },
      "properties": {
        "id": "us_wa_lake_view_cemetery",
        "name": "Lake View Cemetery",
        "record_kind": "catalogue_coordinate",
        "source_dataset": "sites_us_baseline_wa.dataset",
        "source_url": "https://www.openstreetmap.org/way/14386126",
        "licence": "https://opendatacommons.org/licenses/odbl/1-0/",
        "coordinate_method": "Selected exact named OpenStreetMap feature returned by Nominatim; representative point."
      }
    },
    {
      "type": "Feature",
      "geometry": {
        "type": "Point",
        "coordinates": [
          -117.3412181,
          47.7314627
        ]
      },
      "properties": {
        "id": "us_wa_mount_saint_michael",
        "name": "Mount Saint Michael",
        "record_kind": "catalogue_coordinate",
        "source_dataset": "sites_us_baseline_wa.dataset",
        "source_url": "https://www.openstreetmap.org/way/314193756",
        "licence": "https://opendatacommons.org/licenses/odbl/1-0/",
        "coordinate_method": "Selected exact named OpenStreetMap feature returned by Nominatim; representative point."
      }
    },
    {
      "type": "Feature",
      "geometry": {
        "type": "Point",
        "coordinates": [
          -117.4160204,
          47.6358907
        ]
      },
      "properties": {
        "id": "us_wa_nishinomiya_tsutakawa_japanese_garden",
        "name": "Nishinomiya Tsutakawa Japanese Garden",
        "record_kind": "catalogue_coordinate",
        "source_dataset": "sites_us_baseline_wa.dataset",
        "source_url": "https://www.openstreetmap.org/way/41124305",
        "licence": "https://opendatacommons.org/licenses/odbl/1-0/",
        "coordinate_method": "Selected exact named OpenStreetMap feature returned by Nominatim; representative point."
      }
    },
    {
      "type": "Feature",
      "geometry": {
        "type": "Point",
        "coordinates": [
          -122.3743631,
          47.3881278
        ]
      },
      "properties": {
        "id": "us_wa_point_robinson_lighthouse",
        "name": "Point Robinson Lighthouse",
        "record_kind": "catalogue_coordinate",
        "source_dataset": "sites_us_baseline_wa.dataset",
        "source_url": "https://www.openstreetmap.org/way/591695253",
        "licence": "https://opendatacommons.org/licenses/odbl/1-0/",
        "coordinate_method": "Selected exact named OpenStreetMap feature returned by Nominatim; representative point."
      }
    },
    {
      "type": "Feature",
      "geometry": {
        "type": "Point",
        "coordinates": [
          -122.6731039,
          45.6307136
        ]
      },
      "properties": {
        "id": "us_wa_proto_cathedral_of_st_james_the_greater",
        "name": "Proto-Cathedral of St. James the Greater",
        "record_kind": "catalogue_coordinate",
        "source_dataset": "sites_us_baseline_wa.dataset",
        "source_url": "https://www.openstreetmap.org/way/368089810",
        "licence": "https://opendatacommons.org/licenses/odbl/1-0/",
        "coordinate_method": "Selected exact named OpenStreetMap feature returned by Nominatim; representative point."
      }
    },
    {
      "type": "Feature",
      "geometry": {
        "type": "Point",
        "coordinates": [
          -122.6681674,
          45.6294692
        ]
      },
      "properties": {
        "id": "us_wa_providence_academy",
        "name": "Providence Academy",
        "record_kind": "catalogue_coordinate",
        "source_dataset": "sites_us_baseline_wa.dataset",
        "source_url": "https://www.openstreetmap.org/way/368089830",
        "licence": "https://opendatacommons.org/licenses/odbl/1-0/",
        "coordinate_method": "Selected exact named OpenStreetMap feature returned by Nominatim; representative point."
      }
    },
    {
      "type": "Feature",
      "geometry": {
        "type": "Point",
        "coordinates": [
          -122.3257949,
          47.607675
        ]
      },
      "properties": {
        "id": "us_wa_saint_james_cathedral",
        "name": "Saint James Cathedral",
        "record_kind": "catalogue_coordinate",
        "source_dataset": "sites_us_baseline_wa.dataset",
        "source_url": "https://www.openstreetmap.org/way/108384951",
        "licence": "https://opendatacommons.org/licenses/odbl/1-0/",
        "coordinate_method": "Nominatim representative point for the named OSM feature geometry"
      }
    },
    {
      "type": "Feature",
      "geometry": {
        "type": "Point",
        "coordinates": [
          -122.4360875,
          47.2463206
        ]
      },
      "properties": {
        "id": "us_wa_tacoma_union_station",
        "name": "Tacoma Union Station",
        "record_kind": "catalogue_coordinate",
        "source_dataset": "sites_us_baseline_wa.dataset",
        "source_url": "https://www.openstreetmap.org/way/24656596",
        "licence": "https://opendatacommons.org/licenses/odbl/1-0/",
        "coordinate_method": "Selected exact named OpenStreetMap feature returned by Nominatim; representative point."
      }
    },
    {
      "type": "Feature",
      "geometry": {
        "type": "Point",
        "coordinates": [
          -122.46001,
          47.4460172
        ]
      },
      "properties": {
        "id": "us_wa_vashon_presbyterian_church",
        "name": "Vashon Presbyterian Church",
        "record_kind": "catalogue_coordinate",
        "source_dataset": "sites_us_baseline_wa.dataset",
        "source_url": "https://www.openstreetmap.org/way/448093252",
        "licence": "https://opendatacommons.org/licenses/odbl/1-0/",
        "coordinate_method": "Selected exact named OpenStreetMap feature returned by Nominatim; representative point."
      }
    },
    {
      "type": "Feature",
      "geometry": {
        "type": "Point",
        "coordinates": [
          -122.3157349,
          47.6321084
        ]
      },
      "properties": {
        "id": "us_wa_volunteer_park_conservatory",
        "name": "Volunteer Park Conservatory",
        "record_kind": "catalogue_coordinate",
        "source_dataset": "sites_us_baseline_wa.dataset",
        "source_url": "https://www.openstreetmap.org/way/40790435",
        "licence": "https://opendatacommons.org/licenses/odbl/1-0/",
        "coordinate_method": "Selected exact named OpenStreetMap feature returned by Nominatim; representative point."
      }
    },
    {
      "type": "Feature",
      "geometry": {
        "type": "Point",
        "coordinates": [
          -122.448237,
          47.2602929
        ]
      },
      "properties": {
        "id": "us_wa_w_w_seymour_botanical_conservatory",
        "name": "W. W. Seymour Botanical Conservatory",
        "record_kind": "catalogue_coordinate",
        "source_dataset": "sites_us_baseline_wa.dataset",
        "source_url": "https://www.openstreetmap.org/way/619855204",
        "licence": "https://opendatacommons.org/licenses/odbl/1-0/",
        "coordinate_method": "Selected exact named OpenStreetMap feature returned by Nominatim; representative point."
      }
    },
    {
      "type": "Feature",
      "geometry": {
        "type": "Point",
        "coordinates": [
          -122.3319734,
          47.6002087
        ]
      },
      "properties": {
        "id": "us_wa_waterfall_garden_park",
        "name": "Waterfall Garden Park",
        "record_kind": "catalogue_coordinate",
        "source_dataset": "sites_us_baseline_wa.dataset",
        "source_url": "https://www.openstreetmap.org/way/57883614",
        "licence": "https://opendatacommons.org/licenses/odbl/1-0/",
        "coordinate_method": "Selected exact named OpenStreetMap feature returned by Nominatim; representative point."
      }
    },
    {
      "type": "Feature",
      "geometry": {
        "type": "Point",
        "coordinates": [
          -87.9191506,
          43.0023884
        ]
      },
      "properties": {
        "id": "us_wi_basilica_of_saint_josaphat",
        "name": "Basilica of Saint Josaphat",
        "record_kind": "catalogue_coordinate",
        "source_dataset": "sites_us_baseline_wi.dataset",
        "source_url": "https://www.openstreetmap.org/way/663419192",
        "licence": "https://opendatacommons.org/licenses/odbl/1-0/",
        "coordinate_method": "Nominatim result for named OpenStreetMap feature"
      }
    },
    {
      "type": "Feature",
      "geometry": {
        "type": "Point",
        "coordinates": [
          -88.2882536,
          44.1632922
        ]
      },
      "properties": {
        "id": "us_wi_red_bird_statue",
        "name": "Red Bird Statue",
        "record_kind": "catalogue_coordinate",
        "source_dataset": "sites_us_baseline_wi.dataset",
        "source_url": "https://www.openstreetmap.org/node/9752619166",
        "licence": "https://opendatacommons.org/licenses/odbl/1-0/",
        "coordinate_method": "OSM API named feature node"
      }
    },
    {
      "type": "Feature",
      "geometry": {
        "type": "Point",
        "coordinates": [
          -79.4830082,
          39.1135089
        ]
      },
      "properties": {
        "id": "us_wv_blackwater_falls",
        "name": "Blackwater Falls",
        "record_kind": "catalogue_coordinate",
        "source_dataset": "sites_us_baseline_wv.dataset",
        "source_url": "https://www.openstreetmap.org/node/2325001906",
        "licence": "https://opendatacommons.org/licenses/odbl/1-0/",
        "coordinate_method": "Fetched Nominatim named-feature result; OSM node representative point"
      }
    },
    {
      "type": "Feature",
      "geometry": {
        "type": "Point",
        "coordinates": [
          -81.60057225,
          39.2715501
        ]
      },
      "properties": {
        "id": "us_wv_blennerhassett_mansion",
        "name": "Blennerhassett Mansion",
        "record_kind": "catalogue_coordinate",
        "source_dataset": "sites_us_baseline_wv.dataset",
        "source_url": "https://www.openstreetmap.org/way/1054255068",
        "licence": "https://opendatacommons.org/licenses/odbl/1-0/",
        "coordinate_method": "Bounds centre of named building outline"
      }
    },
    {
      "type": "Feature",
      "geometry": {
        "type": "Point",
        "coordinates": [
          -80.7446565,
          39.9168447
        ]
      },
      "properties": {
        "id": "us_wv_grave_creek_mound",
        "name": "Grave Creek Mound",
        "record_kind": "catalogue_coordinate",
        "source_dataset": "sites_us_baseline_wv.dataset",
        "source_url": "https://www.openstreetmap.org/node/356517222",
        "licence": "https://opendatacommons.org/licenses/odbl/1-0/",
        "coordinate_method": "Fetched Nominatim named-feature result; OSM node representative point"
      }
    },
    {
      "type": "Feature",
      "geometry": {
        "type": "Point",
        "coordinates": [
          -77.731328,
          39.3227171
        ]
      },
      "properties": {
        "id": "us_wv_saint_peter_s_roman_catholic_church",
        "name": "Saint Peter's Roman Catholic Church",
        "record_kind": "catalogue_coordinate",
        "source_dataset": "sites_us_baseline_wv.dataset",
        "source_url": "https://www.openstreetmap.org/way/136439816",
        "licence": "https://opendatacommons.org/licenses/odbl/1-0/",
        "coordinate_method": "Fetched Nominatim named-feature result; OSM way representative point"
      }
    },
    {
      "type": "Feature",
      "geometry": {
        "type": "Point",
        "coordinates": [
          -80.9053576,
          37.7580312
        ]
      },
      "properties": {
        "id": "us_wv_sandstone_falls",
        "name": "Sandstone Falls",
        "record_kind": "catalogue_coordinate",
        "source_dataset": "sites_us_baseline_wv.dataset",
        "source_url": "https://www.openstreetmap.org/node/12103286783",
        "licence": "https://opendatacommons.org/licenses/odbl/1-0/",
        "coordinate_method": "Fetched Nominatim named-feature result; OSM node representative point"
      }
    },
    {
      "type": "Feature",
      "geometry": {
        "type": "Point",
        "coordinates": [
          -79.3661474,
          38.8347145
        ]
      },
      "properties": {
        "id": "us_wv_seneca_rocks",
        "name": "Seneca Rocks",
        "record_kind": "catalogue_coordinate",
        "source_dataset": "sites_us_baseline_wv.dataset",
        "source_url": "https://www.openstreetmap.org/way/607537275",
        "licence": "https://opendatacommons.org/licenses/odbl/1-0/",
        "coordinate_method": "Fetched Nominatim named-feature result; OSM way representative point"
      }
    },
    {
      "type": "Feature",
      "geometry": {
        "type": "Point",
        "coordinates": [
          -82.1409103,
          38.8393735
        ]
      },
      "properties": {
        "id": "us_wv_tu_endie_wei_monument",
        "name": "Tu-Endie-Wei Monument",
        "record_kind": "catalogue_coordinate",
        "source_dataset": "sites_us_baseline_wv.dataset",
        "source_url": "https://www.openstreetmap.org/way/418858950",
        "licence": "https://opendatacommons.org/licenses/odbl/1-0/",
        "coordinate_method": "Fetched Nominatim named-feature result; OSM way representative point"
      }
    },
    {
      "type": "Feature",
      "geometry": {
        "type": "Point",
        "coordinates": [
          -104.830166,
          41.1556657
        ]
      },
      "properties": {
        "id": "us_wy_cheyenne_botanic_gardens",
        "name": "Cheyenne Botanic Gardens",
        "record_kind": "catalogue_coordinate",
        "source_dataset": "sites_us_baseline_wy.dataset",
        "source_url": "https://www.openstreetmap.org/way/234563087",
        "licence": "https://opendatacommons.org/licenses/odbl/1-0/",
        "coordinate_method": "Selected exact named OpenStreetMap feature returned by Nominatim"
      }
    },
    {
      "type": "Feature",
      "geometry": {
        "type": "Point",
        "coordinates": [
          -104.8202289,
          41.1402683
        ]
      },
      "properties": {
        "id": "us_wy_wyoming_state_capitol",
        "name": "Wyoming State Capitol",
        "record_kind": "catalogue_coordinate",
        "source_dataset": "sites_us_baseline_wy.dataset",
        "source_url": "https://www.openstreetmap.org/way/112916176",
        "licence": "https://opendatacommons.org/licenses/odbl/1-0/",
        "coordinate_method": "Selected exact named OpenStreetMap feature returned by Nominatim"
      }
    },
    {
      "type": "Feature",
      "geometry": {
        "type": "Point",
        "coordinates": [
          -1.826183,
          51.1788293
        ]
      },
      "properties": {
        "id": "stonehenge",
        "name": "Stonehenge",
        "record_kind": "catalogue_coordinate",
        "source_dataset": "heritage_sites.geojson",
        "source_url": "https://www.openstreetmap.org/way/37118074",
        "licence": "https://opendatacommons.org/licenses/odbl/1-0/",
        "coordinate_method": "nominatim_representative_point"
      }
    },
    {
      "type": "Feature",
      "geometry": {
        "type": "Point",
        "coordinates": [
          -2.69877,
          51.14468
        ]
      },
      "properties": {
        "id": "glastonbury_tor",
        "name": "Glastonbury Tor",
        "record_kind": "catalogue_coordinate",
        "source_dataset": "heritage_sites.geojson",
        "source_url": "https://www.openstreetmap.org/node/608628358",
        "licence": "https://opendatacommons.org/licenses/odbl/1-0/",
        "coordinate_method": "nominatim_representative_point"
      }
    },
    {
      "type": "Feature",
      "geometry": {
        "type": "Point",
        "coordinates": [
          -1.8517053,
          51.4286099
        ]
      },
      "properties": {
        "id": "avebury_stone_circle",
        "name": "Avebury Stone Circle",
        "record_kind": "catalogue_coordinate",
        "source_dataset": "heritage_sites.geojson",
        "source_url": "https://www.openstreetmap.org/way/353244910",
        "licence": "https://opendatacommons.org/licenses/odbl/1-0/",
        "coordinate_method": "nominatim_representative_point"
      }
    },
    {
      "type": "Feature",
      "geometry": {
        "type": "Point",
        "coordinates": [
          -2.7060151,
          51.1437803
        ]
      },
      "properties": {
        "id": "chalice_well",
        "name": "Chalice Well",
        "record_kind": "catalogue_coordinate",
        "source_dataset": "heritage_sites.geojson",
        "source_url": "https://www.openstreetmap.org/node/7295161985",
        "licence": "https://opendatacommons.org/licenses/odbl/1-0/",
        "coordinate_method": "nominatim_representative_point"
      }
    },
    {
      "type": "Feature",
      "geometry": {
        "type": "Point",
        "coordinates": [
          -5.4776149,
          50.1175645
        ]
      },
      "properties": {
        "id": "st_michaels_mount",
        "name": "St Michael's Mount",
        "record_kind": "catalogue_coordinate",
        "source_dataset": "heritage_sites.geojson",
        "source_url": "https://www.openstreetmap.org/way/147209474",
        "licence": "https://opendatacommons.org/licenses/odbl/1-0/",
        "coordinate_method": "nominatim_representative_point"
      }
    },
    {
      "type": "Feature",
      "geometry": {
        "type": "Point",
        "coordinates": [
          -4.762152,
          50.6686663
        ]
      },
      "properties": {
        "id": "tintagel_castle",
        "name": "Tintagel Castle",
        "record_kind": "catalogue_coordinate",
        "source_dataset": "heritage_sites.geojson",
        "source_url": "https://www.openstreetmap.org/way/1354036527",
        "licence": "https://opendatacommons.org/licenses/odbl/1-0/",
        "coordinate_method": "nominatim_representative_point"
      }
    },
    {
      "type": "Feature",
      "geometry": {
        "type": "Point",
        "coordinates": [
          -6.7450743,
          58.1978204
        ]
      },
      "properties": {
        "id": "callanish_stones",
        "name": "Callanish Stones",
        "record_kind": "catalogue_coordinate",
        "source_dataset": "heritage_sites.geojson",
        "source_url": "https://www.openstreetmap.org/relation/10730544",
        "licence": "https://opendatacommons.org/licenses/odbl/1-0/",
        "coordinate_method": "osm_bounds_centre"
      }
    },
    {
      "type": "Feature",
      "geometry": {
        "type": "Point",
        "coordinates": [
          -6.3913639,
          56.3350314
        ]
      },
      "properties": {
        "id": "iona_abbey",
        "name": "Iona Abbey / Isle of Iona",
        "record_kind": "catalogue_coordinate",
        "source_dataset": "heritage_sites.geojson",
        "source_url": "https://www.openstreetmap.org/relation/11299039",
        "licence": "https://opendatacommons.org/licenses/odbl/1-0/",
        "coordinate_method": "nominatim_representative_point"
      }
    },
    {
      "type": "Feature",
      "geometry": {
        "type": "Point",
        "coordinates": [
          -1.8008977,
          55.6691319
        ]
      },
      "properties": {
        "id": "lindisfarne_priory",
        "name": "Holy Island / Lindisfarne Priory",
        "record_kind": "catalogue_coordinate",
        "source_dataset": "heritage_sites.geojson",
        "source_url": "https://www.openstreetmap.org/node/292001558",
        "licence": "https://opendatacommons.org/licenses/odbl/1-0/",
        "coordinate_method": "nominatim_representative_point"
      }
    },
    {
      "type": "Feature",
      "geometry": {
        "type": "Point",
        "coordinates": [
          -3.1599363,
          55.8553873
        ]
      },
      "properties": {
        "id": "rosslyn_chapel",
        "name": "Rosslyn Chapel",
        "record_kind": "catalogue_coordinate",
        "source_dataset": "heritage_sites.geojson",
        "source_url": "https://www.openstreetmap.org/way/245945607",
        "licence": "https://opendatacommons.org/licenses/odbl/1-0/",
        "coordinate_method": "nominatim_representative_point"
      }
    },
    {
      "type": "Feature",
      "geometry": {
        "type": "Point",
        "coordinates": [
          -3.2298959,
          59.0016482
        ]
      },
      "properties": {
        "id": "ring_of_brodgar",
        "name": "Ring of Brodgar",
        "record_kind": "catalogue_coordinate",
        "source_dataset": "heritage_sites.geojson",
        "source_url": "https://www.openstreetmap.org/way/268713656",
        "licence": "https://opendatacommons.org/licenses/odbl/1-0/",
        "coordinate_method": "nominatim_representative_point"
      }
    },
    {
      "type": "Feature",
      "geometry": {
        "type": "Point",
        "coordinates": [
          -3.098376,
          54.6028511
        ]
      },
      "properties": {
        "id": "castlerigg_stone_circle",
        "name": "Castlerigg Stone Circle",
        "record_kind": "catalogue_coordinate",
        "source_dataset": "heritage_sites.geojson",
        "source_url": "https://www.openstreetmap.org/way/32973419",
        "licence": "https://opendatacommons.org/licenses/odbl/1-0/",
        "coordinate_method": "nominatim_representative_point"
      }
    },
    {
      "type": "Feature",
      "geometry": {
        "type": "Point",
        "coordinates": [
          -3.2236094,
          53.2771587
        ]
      },
      "properties": {
        "id": "st_winefrides_well",
        "name": "St Winefride's Well",
        "record_kind": "catalogue_coordinate",
        "source_dataset": "heritage_sites.geojson",
        "source_url": "https://www.openstreetmap.org/node/3403640923",
        "licence": "https://opendatacommons.org/licenses/odbl/1-0/",
        "coordinate_method": "nominatim_representative_point"
      }
    },
    {
      "type": "Feature",
      "geometry": {
        "type": "Point",
        "coordinates": [
          -4.7699136,
          51.9990085
        ]
      },
      "properties": {
        "id": "pentre_ifan",
        "name": "Pentre Ifan",
        "record_kind": "catalogue_coordinate",
        "source_dataset": "heritage_sites.geojson",
        "source_url": "https://www.openstreetmap.org/way/516606701",
        "licence": "https://opendatacommons.org/licenses/odbl/1-0/",
        "coordinate_method": "nominatim_representative_point"
      }
    },
    {
      "type": "Feature",
      "geometry": {
        "type": "Point",
        "coordinates": [
          -4.2361354,
          53.2077244
        ]
      },
      "properties": {
        "id": "bryn_celli_ddu",
        "name": "Bryn Celli Ddu",
        "record_kind": "catalogue_coordinate",
        "source_dataset": "heritage_sites.geojson",
        "source_url": "https://www.openstreetmap.org/way/919723575",
        "licence": "https://opendatacommons.org/licenses/odbl/1-0/",
        "coordinate_method": "nominatim_representative_point"
      }
    },
    {
      "type": "Feature",
      "geometry": {
        "type": "Point",
        "coordinates": [
          -5.2684294,
          51.8820299
        ]
      },
      "properties": {
        "id": "st_davids_cathedral",
        "name": "St Davids Cathedral",
        "record_kind": "catalogue_coordinate",
        "source_dataset": "heritage_sites.geojson",
        "source_url": "https://www.openstreetmap.org/way/24888825",
        "licence": "https://opendatacommons.org/licenses/odbl/1-0/",
        "coordinate_method": "nominatim_representative_point"
      }
    },
    {
      "type": "Feature",
      "geometry": {
        "type": "Point",
        "coordinates": [
          -2.7154745,
          51.146387
        ]
      },
      "properties": {
        "id": "glastonbury_abbey",
        "name": "Glastonbury Abbey",
        "record_kind": "catalogue_coordinate",
        "source_dataset": "heritage_sites.geojson",
        "source_url": "https://www.openstreetmap.org/way/119916405",
        "licence": "https://opendatacommons.org/licenses/odbl/1-0/",
        "coordinate_method": "nominatim_representative_point"
      }
    },
    {
      "type": "Feature",
      "geometry": {
        "type": "Point",
        "coordinates": [
          -1.8504375,
          51.4086455
        ]
      },
      "properties": {
        "id": "west_kennet_long_barrow",
        "name": "West Kennet Long Barrow",
        "record_kind": "catalogue_coordinate",
        "source_dataset": "heritage_sites.geojson",
        "source_url": "https://www.openstreetmap.org/node/370206805",
        "licence": "https://opendatacommons.org/licenses/odbl/1-0/",
        "coordinate_method": "nominatim_representative_point"
      }
    },
    {
      "type": "Feature",
      "geometry": {
        "type": "Point",
        "coordinates": [
          -1.8573823,
          51.4157156
        ]
      },
      "properties": {
        "id": "silbury_hill",
        "name": "Silbury Hill",
        "record_kind": "catalogue_coordinate",
        "source_dataset": "heritage_sites.geojson",
        "source_url": "https://www.openstreetmap.org/node/11218032230",
        "licence": "https://opendatacommons.org/licenses/odbl/1-0/",
        "coordinate_method": "nominatim_representative_point"
      }
    },
    {
      "type": "Feature",
      "geometry": {
        "type": "Point",
        "coordinates": [
          -5.6044973,
          50.1585598
        ]
      },
      "properties": {
        "id": "men_an_tol",
        "name": "Mên-an-Tol",
        "record_kind": "catalogue_coordinate",
        "source_dataset": "heritage_sites.geojson",
        "source_url": "https://www.openstreetmap.org/way/390207429",
        "licence": "https://opendatacommons.org/licenses/odbl/1-0/",
        "coordinate_method": "nominatim_representative_point"
      }
    },
    {
      "type": "Feature",
      "geometry": {
        "type": "Point",
        "coordinates": [
          -5.5887742,
          50.0651266
        ]
      },
      "properties": {
        "id": "merry_maidens",
        "name": "Merry Maidens Stone Circle",
        "record_kind": "catalogue_coordinate",
        "source_dataset": "heritage_sites.geojson",
        "source_url": "https://www.openstreetmap.org/relation/12240643",
        "licence": "https://opendatacommons.org/licenses/odbl/1-0/",
        "coordinate_method": "nominatim_representative_point"
      }
    },
    {
      "type": "Feature",
      "geometry": {
        "type": "Point",
        "coordinates": [
          -5.619321,
          50.0898493
        ]
      },
      "properties": {
        "id": "boscawen_un",
        "name": "Boscawen-Un",
        "record_kind": "catalogue_coordinate",
        "source_dataset": "heritage_sites.geojson",
        "source_url": "https://www.openstreetmap.org/way/301802425",
        "licence": "https://opendatacommons.org/licenses/odbl/1-0/",
        "coordinate_method": "nominatim_representative_point"
      }
    },
    {
      "type": "Feature",
      "geometry": {
        "type": "Point",
        "coordinates": [
          -1.5683078,
          51.9757583
        ]
      },
      "properties": {
        "id": "rollright_stones",
        "name": "Rollright Stones",
        "record_kind": "catalogue_coordinate",
        "source_dataset": "heritage_sites.geojson",
        "source_url": "https://www.openstreetmap.org/relation/10452682",
        "licence": "https://opendatacommons.org/licenses/odbl/1-0/",
        "coordinate_method": "osm_bounds_centre"
      }
    },
    {
      "type": "Feature",
      "geometry": {
        "type": "Point",
        "coordinates": [
          -1.6288033,
          53.167983
        ]
      },
      "properties": {
        "id": "nine_ladies",
        "name": "Nine Ladies Stone Circle",
        "record_kind": "catalogue_coordinate",
        "source_dataset": "heritage_sites.geojson",
        "source_url": "https://www.openstreetmap.org/way/95697435",
        "licence": "https://opendatacommons.org/licenses/odbl/1-0/",
        "coordinate_method": "nominatim_representative_point"
      }
    },
    {
      "type": "Feature",
      "geometry": {
        "type": "Point",
        "coordinates": [
          -1.7615222,
          53.16893
        ]
      },
      "properties": {
        "id": "arbor_low",
        "name": "Arbor Low",
        "record_kind": "catalogue_coordinate",
        "source_dataset": "heritage_sites.geojson",
        "source_url": "https://www.openstreetmap.org/node/303571761",
        "licence": "https://opendatacommons.org/licenses/odbl/1-0/",
        "coordinate_method": "nominatim_representative_point"
      }
    },
    {
      "type": "Feature",
      "geometry": {
        "type": "Point",
        "coordinates": [
          -1.562613,
          54.2089368
        ]
      },
      "properties": {
        "id": "thornborough_henges",
        "name": "Thornborough Henges",
        "record_kind": "catalogue_coordinate",
        "source_dataset": "heritage_sites.geojson",
        "source_url": "https://www.openstreetmap.org/way/192266091",
        "licence": "https://opendatacommons.org/licenses/odbl/1-0/",
        "coordinate_method": "nominatim_representative_point"
      }
    },
    {
      "type": "Feature",
      "geometry": {
        "type": "Point",
        "coordinates": [
          -1.5665564,
          51.5777407
        ]
      },
      "properties": {
        "id": "uffington_white_horse",
        "name": "Uffington White Horse",
        "record_kind": "catalogue_coordinate",
        "source_dataset": "heritage_sites.geojson",
        "source_url": "https://www.openstreetmap.org/relation/1618450",
        "licence": "https://opendatacommons.org/licenses/odbl/1-0/",
        "coordinate_method": "nominatim_representative_point"
      }
    },
    {
      "type": "Feature",
      "geometry": {
        "type": "Point",
        "coordinates": [
          -1.5961306,
          51.5667481
        ]
      },
      "properties": {
        "id": "waylands_smithy",
        "name": "Wayland's Smithy",
        "record_kind": "catalogue_coordinate",
        "source_dataset": "heritage_sites.geojson",
        "source_url": "https://www.openstreetmap.org/way/349634594",
        "licence": "https://opendatacommons.org/licenses/odbl/1-0/",
        "coordinate_method": "nominatim_representative_point"
      }
    },
    {
      "type": "Feature",
      "geometry": {
        "type": "Point",
        "coordinates": [
          -2.4748234,
          50.8136679
        ]
      },
      "properties": {
        "id": "cerne_abbas_giant",
        "name": "Cerne Abbas Giant",
        "record_kind": "catalogue_coordinate",
        "source_dataset": "heritage_sites.geojson",
        "source_url": "https://www.openstreetmap.org/way/660725451",
        "licence": "https://opendatacommons.org/licenses/odbl/1-0/",
        "coordinate_method": "nominatim_representative_point"
      }
    },
    {
      "type": "Feature",
      "geometry": {
        "type": "Point",
        "coordinates": [
          0.8527662,
          52.8805669
        ]
      },
      "properties": {
        "id": "walsingham_slipper_chapel",
        "name": "Walsingham / Slipper Chapel",
        "record_kind": "catalogue_coordinate",
        "source_dataset": "heritage_sites.geojson",
        "source_url": "https://www.openstreetmap.org/way/387358850",
        "licence": "https://opendatacommons.org/licenses/odbl/1-0/",
        "coordinate_method": "nominatim_representative_point"
      }
    },
    {
      "type": "Feature",
      "geometry": {
        "type": "Point",
        "coordinates": [
          1.082766,
          51.2798
        ]
      },
      "properties": {
        "id": "canterbury_cathedral",
        "name": "Canterbury Cathedral",
        "record_kind": "catalogue_coordinate",
        "source_dataset": "heritage_sites.geojson",
        "source_url": "https://www.openstreetmap.org/way/28021345",
        "licence": "https://opendatacommons.org/licenses/odbl/1-0/",
        "coordinate_method": "nominatim_representative_point"
      }
    },
    {
      "type": "Feature",
      "geometry": {
        "type": "Point",
        "coordinates": [
          -1.5763333,
          54.773262
        ]
      },
      "properties": {
        "id": "durham_cathedral",
        "name": "Durham Cathedral",
        "record_kind": "catalogue_coordinate",
        "source_dataset": "heritage_sites.geojson",
        "source_url": "https://www.openstreetmap.org/relation/3584722",
        "licence": "https://opendatacommons.org/licenses/odbl/1-0/",
        "coordinate_method": "nominatim_representative_point"
      }
    },
    {
      "type": "Feature",
      "geometry": {
        "type": "Point",
        "coordinates": [
          -4.7162635,
          50.664657
        ]
      },
      "properties": {
        "id": "st_nectans_kieve",
        "name": "St Nectan's Kieve",
        "record_kind": "catalogue_coordinate",
        "source_dataset": "heritage_sites.geojson",
        "source_url": "https://www.openstreetmap.org/node/3061433933",
        "licence": "https://opendatacommons.org/licenses/odbl/1-0/",
        "coordinate_method": "nominatim_representative_point"
      }
    },
    {
      "type": "Feature",
      "geometry": {
        "type": "Point",
        "coordinates": [
          -2.7054231,
          51.1438833
        ]
      },
      "properties": {
        "id": "white_spring",
        "name": "White Spring",
        "record_kind": "catalogue_coordinate",
        "source_dataset": "heritage_sites.geojson",
        "source_url": "https://www.openstreetmap.org/node/10243478272",
        "licence": "https://opendatacommons.org/licenses/odbl/1-0/",
        "coordinate_method": "nominatim_representative_point"
      }
    },
    {
      "type": "Feature",
      "geometry": {
        "type": "Point",
        "coordinates": [
          -3.2080799,
          58.9940331
        ]
      },
      "properties": {
        "id": "stones_of_stenness",
        "name": "Stones of Stenness",
        "record_kind": "catalogue_coordinate",
        "source_dataset": "heritage_sites.geojson",
        "source_url": "https://www.openstreetmap.org/way/782724929",
        "licence": "https://opendatacommons.org/licenses/odbl/1-0/",
        "coordinate_method": "nominatim_representative_point"
      }
    },
    {
      "type": "Feature",
      "geometry": {
        "type": "Point",
        "coordinates": [
          -3.1881733,
          58.9965229
        ]
      },
      "properties": {
        "id": "maeshowe",
        "name": "Maeshowe",
        "record_kind": "catalogue_coordinate",
        "source_dataset": "heritage_sites.geojson",
        "source_url": "https://www.openstreetmap.org/way/288905594",
        "licence": "https://opendatacommons.org/licenses/odbl/1-0/",
        "coordinate_method": "nominatim_representative_point"
      }
    },
    {
      "type": "Feature",
      "geometry": {
        "type": "Point",
        "coordinates": [
          -4.073688,
          57.4730629
        ]
      },
      "properties": {
        "id": "clava_cairns",
        "name": "Clava Cairns",
        "record_kind": "catalogue_coordinate",
        "source_dataset": "heritage_sites.geojson",
        "source_url": "https://www.openstreetmap.org/way/41662537",
        "licence": "https://opendatacommons.org/licenses/odbl/1-0/",
        "coordinate_method": "nominatim_representative_point"
      }
    },
    {
      "type": "Feature",
      "geometry": {
        "type": "Point",
        "coordinates": [
          -4.1003003,
          56.6669296
        ]
      },
      "properties": {
        "id": "schiehallion",
        "name": "Schiehallion",
        "record_kind": "catalogue_coordinate",
        "source_dataset": "heritage_sites.geojson",
        "source_url": "https://www.openstreetmap.org/node/273925520",
        "licence": "https://opendatacommons.org/licenses/odbl/1-0/",
        "coordinate_method": "nominatim_representative_point"
      }
    },
    {
      "type": "Feature",
      "geometry": {
        "type": "Point",
        "coordinates": [
          -6.3279261,
          57.5826056
        ]
      },
      "properties": {
        "id": "fairy_glen",
        "name": "Fairy Glen",
        "record_kind": "catalogue_coordinate",
        "source_dataset": "heritage_sites.geojson",
        "source_url": "https://www.openstreetmap.org/way/1459498810",
        "licence": "https://opendatacommons.org/licenses/odbl/1-0/",
        "coordinate_method": "nominatim_representative_point"
      }
    },
    {
      "type": "Feature",
      "geometry": {
        "type": "Point",
        "coordinates": [
          -4.4491264,
          54.6938497
        ]
      },
      "properties": {
        "id": "st_ninians_cave",
        "name": "St Ninian's Cave",
        "record_kind": "catalogue_coordinate",
        "source_dataset": "heritage_sites.geojson",
        "source_url": "https://www.openstreetmap.org/node/2996588940",
        "licence": "https://opendatacommons.org/licenses/odbl/1-0/",
        "coordinate_method": "nominatim_representative_point"
      }
    },
    {
      "type": "Feature",
      "geometry": {
        "type": "Point",
        "coordinates": [
          -4.417499,
          54.7334969
        ]
      },
      "properties": {
        "id": "whithorn_priory",
        "name": "Whithorn Priory",
        "record_kind": "catalogue_coordinate",
        "source_dataset": "heritage_sites.geojson",
        "source_url": "https://www.openstreetmap.org/way/775781232",
        "licence": "https://opendatacommons.org/licenses/odbl/1-0/",
        "coordinate_method": "osm_bounds_centre"
      }
    },
    {
      "type": "Feature",
      "geometry": {
        "type": "Point",
        "coordinates": [
          -4.0788733,
          53.0223874
        ]
      },
      "properties": {
        "id": "dinas_emrys",
        "name": "Dinas Emrys",
        "record_kind": "catalogue_coordinate",
        "source_dataset": "heritage_sites.geojson",
        "source_url": "https://www.openstreetmap.org/way/1056190090",
        "licence": "https://opendatacommons.org/licenses/odbl/1-0/",
        "coordinate_method": "nominatim_representative_point"
      }
    },
    {
      "type": "Feature",
      "geometry": {
        "type": "Point",
        "coordinates": [
          -3.9088003,
          52.6995951
        ]
      },
      "properties": {
        "id": "cadair_idris",
        "name": "Cadair Idris",
        "record_kind": "catalogue_coordinate",
        "source_dataset": "heritage_sites.geojson",
        "source_url": "https://www.openstreetmap.org/node/4079553118",
        "licence": "https://opendatacommons.org/licenses/odbl/1-0/",
        "coordinate_method": "nominatim_representative_point"
      }
    },
    {
      "type": "Feature",
      "geometry": {
        "type": "Point",
        "coordinates": [
          -4.832726,
          51.9979449
        ]
      },
      "properties": {
        "id": "mynydd_carningli",
        "name": "Mynydd Carningli",
        "record_kind": "catalogue_coordinate",
        "source_dataset": "heritage_sites.geojson",
        "source_url": "https://www.openstreetmap.org/node/5069169414",
        "licence": "https://opendatacommons.org/licenses/odbl/1-0/",
        "coordinate_method": "nominatim_representative_point"
      }
    },
    {
      "type": "Feature",
      "geometry": {
        "type": "Point",
        "coordinates": [
          -4.4128888,
          53.1375488
        ]
      },
      "properties": {
        "id": "llanddwyn_island",
        "name": "Llanddwyn Island / St Dwynwen's Church",
        "record_kind": "catalogue_coordinate",
        "source_dataset": "heritage_sites.geojson",
        "source_url": "https://www.openstreetmap.org/way/310107559",
        "licence": "https://opendatacommons.org/licenses/odbl/1-0/",
        "coordinate_method": "nominatim_representative_point"
      }
    },
    {
      "type": "Feature",
      "geometry": {
        "type": "Point",
        "coordinates": [
          -5.9501849,
          54.5402925
        ]
      },
      "properties": {
        "id": "giants_ring",
        "name": "Giant's Ring",
        "record_kind": "catalogue_coordinate",
        "source_dataset": "heritage_sites.geojson",
        "source_url": "https://www.openstreetmap.org/way/1494033060",
        "licence": "https://opendatacommons.org/licenses/odbl/1-0/",
        "coordinate_method": "nominatim_representative_point"
      }
    },
    {
      "type": "Feature",
      "geometry": {
        "type": "Point",
        "coordinates": [
          -6.6981756,
          54.347995
        ]
      },
      "properties": {
        "id": "navan_fort",
        "name": "Navan Fort / Emain Macha",
        "record_kind": "catalogue_coordinate",
        "source_dataset": "heritage_sites.geojson",
        "source_url": "https://www.openstreetmap.org/way/128620170",
        "licence": "https://opendatacommons.org/licenses/odbl/1-0/",
        "coordinate_method": "nominatim_representative_point"
      }
    },
    {
      "type": "Feature",
      "geometry": {
        "type": "Point",
        "coordinates": [
          -6.9382162,
          54.701294
        ]
      },
      "properties": {
        "id": "beaghmore_stone_circles",
        "name": "Beaghmore Stone Circles",
        "record_kind": "catalogue_coordinate",
        "source_dataset": "heritage_sites.geojson",
        "source_url": "https://www.openstreetmap.org/relation/12745906",
        "licence": "https://opendatacommons.org/licenses/odbl/1-0/",
        "coordinate_method": "osm_bounds_centre"
      }
    },
    {
      "type": "Feature",
      "geometry": {
        "type": "Point",
        "coordinates": [
          -5.7218489,
          54.3272125
        ]
      },
      "properties": {
        "id": "st_patricks_grave",
        "name": "St Patrick's Grave",
        "record_kind": "catalogue_coordinate",
        "source_dataset": "heritage_sites.geojson",
        "source_url": "https://www.openstreetmap.org/node/6014029585",
        "licence": "https://opendatacommons.org/licenses/odbl/1-0/",
        "coordinate_method": "nominatim_representative_point"
      }
    },
    {
      "type": "Feature",
      "geometry": {
        "type": "Point",
        "coordinates": [
          -0.24121,
          51.42947
        ]
      },
      "properties": {
        "id": "caesars_well_wimbledon",
        "name": "Caesar's Well",
        "record_kind": "catalogue_coordinate",
        "source_dataset": "heritage_sites.geojson",
        "source_url": "https://www.openstreetmap.org/node/1923644598",
        "licence": "https://opendatacommons.org/licenses/odbl/1-0/",
        "coordinate_method": "representative_point"
      }
    },
    {
      "type": "Feature",
      "geometry": {
        "type": "Point",
        "coordinates": [
          -6.6121673,
          53.5799647
        ]
      },
      "properties": {
        "id": "hill_of_tara",
        "name": "Hill of Tara",
        "record_kind": "catalogue_coordinate",
        "source_dataset": "sites_ie_east.geojson",
        "source_url": "https://www.openstreetmap.org/node/722463164",
        "licence": "https://opendatacommons.org/licenses/odbl/1-0/",
        "coordinate_method": "representative_point"
      }
    },
    {
      "type": "Feature",
      "geometry": {
        "type": "Point",
        "coordinates": [
          -8.5193445,
          54.2494962
        ]
      },
      "properties": {
        "id": "carrowmore",
        "name": "Carrowmore Megalithic Cemetery",
        "record_kind": "catalogue_coordinate",
        "source_dataset": "sites_ie_northwest.geojson",
        "source_url": "https://www.openstreetmap.org/relation/14865013",
        "licence": "https://opendatacommons.org/licenses/odbl/1-0/",
        "coordinate_method": "representative_point"
      }
    },
    {
      "type": "Feature",
      "geometry": {
        "type": "Point",
        "coordinates": [
          -9.4592859,
          54.3019778
        ]
      },
      "properties": {
        "id": "ceide_fields",
        "name": "Céide Fields",
        "record_kind": "catalogue_coordinate",
        "source_dataset": "sites_ie_northwest.geojson",
        "source_url": "https://www.openstreetmap.org/way/472361561",
        "licence": "https://opendatacommons.org/licenses/odbl/1-0/",
        "coordinate_method": "representative_point"
      }
    },
    {
      "type": "Feature",
      "geometry": {
        "type": "Point",
        "coordinates": [
          -8.3041613,
          53.8022878
        ]
      },
      "properties": {
        "id": "rathcroghan_mound",
        "name": "Rathcroghan Mound",
        "record_kind": "catalogue_coordinate",
        "source_dataset": "sites_ie_northwest.geojson",
        "source_url": "https://www.openstreetmap.org/way/911518923",
        "licence": "https://opendatacommons.org/licenses/odbl/1-0/",
        "coordinate_method": "representative_point"
      }
    },
    {
      "type": "Feature",
      "geometry": {
        "type": "Point",
        "coordinates": [
          -9.7665848,
          53.1254572
        ]
      },
      "properties": {
        "id": "dun_aonghasa",
        "name": "Dún Aonghasa",
        "record_kind": "catalogue_coordinate",
        "source_dataset": "sites_ie_southwest.geojson",
        "source_url": "https://www.openstreetmap.org/way/367009778",
        "licence": "https://opendatacommons.org/licenses/odbl/1-0/",
        "coordinate_method": "representative_point"
      }
    },
    {
      "type": "Feature",
      "geometry": {
        "type": "Point",
        "coordinates": [
          -8.5342475,
          52.5172682
        ]
      },
      "properties": {
        "id": "lough_gur",
        "name": "Lough Gur Ceremonial Landscape",
        "record_kind": "catalogue_coordinate",
        "source_dataset": "sites_ie_southwest.geojson",
        "source_url": "https://www.openstreetmap.org/relation/934609",
        "licence": "https://opendatacommons.org/licenses/odbl/1-0/",
        "coordinate_method": "representative_point"
      }
    },
    {
      "type": "Feature",
      "geometry": {
        "type": "Point",
        "coordinates": [
          -10.540596,
          51.7712752
        ]
      },
      "properties": {
        "id": "skellig_michael",
        "name": "Sceilg Mhichíl",
        "record_kind": "catalogue_coordinate",
        "source_dataset": "sites_ie_southwest.geojson",
        "source_url": "https://www.openstreetmap.org/way/4564325",
        "licence": "https://opendatacommons.org/licenses/odbl/1-0/",
        "coordinate_method": "representative_point"
      }
    },
    {
      "type": "Feature",
      "geometry": {
        "type": "Point",
        "coordinates": [
          -9.6876258,
          53.1043803
        ]
      },
      "properties": {
        "id": "dun_duchathair",
        "name": "Dún Dúchathair (Black Fort)",
        "record_kind": "catalogue_coordinate",
        "source_dataset": "sites_ie_southwest.geojson",
        "source_url": "https://www.openstreetmap.org/way/702558287",
        "licence": "https://opendatacommons.org/licenses/odbl/1-0/",
        "coordinate_method": "representative_point"
      }
    },
    {
      "type": "Feature",
      "geometry": {
        "type": "Point",
        "coordinates": [
          -9.6954734,
          51.8115533
        ]
      },
      "properties": {
        "id": "uragh_stone_circle",
        "name": "Uragh Stone Circle",
        "record_kind": "catalogue_coordinate",
        "source_dataset": "sites_ie_southwest.geojson",
        "source_url": "https://www.openstreetmap.org/way/250584113",
        "licence": "https://opendatacommons.org/licenses/odbl/1-0/",
        "coordinate_method": "representative_point"
      }
    },
    {
      "type": "Feature",
      "geometry": {
        "type": "Point",
        "coordinates": [
          13.588975,
          37.2912549
        ]
      },
      "properties": {
        "id": "it_sicily_agrigento_valley_of_the_temples",
        "name": "Valley of the Temples",
        "record_kind": "catalogue_coordinate",
        "source_dataset": "sites_it_sicily.geojson",
        "source_url": "https://www.openstreetmap.org/way/39096127",
        "licence": "https://opendatacommons.org/licenses/odbl/1-0/",
        "coordinate_method": "representative_point"
      }
    },
    {
      "type": "Feature",
      "geometry": {
        "type": "Point",
        "coordinates": [
          13.5287306,
          37.6202155
        ]
      },
      "properties": {
        "id": "it_sicily_agrigento_eremo_di_santa_rosalia_alla_quisquina",
        "name": "Eremo di Santa Rosalia alla Quisquina",
        "record_kind": "catalogue_coordinate",
        "source_dataset": "sites_it_sicily.geojson",
        "source_url": "https://www.openstreetmap.org/way/215287577",
        "licence": "https://opendatacommons.org/licenses/odbl/1-0/",
        "coordinate_method": "representative_point"
      }
    },
    {
      "type": "Feature",
      "geometry": {
        "type": "Point",
        "coordinates": [
          13.0841077,
          37.5064561
        ]
      },
      "properties": {
        "id": "it_sicily_agrigento_b_v_del_soccorso",
        "name": "B.V. del Soccorso",
        "record_kind": "catalogue_coordinate",
        "source_dataset": "sites_it_sicily.geojson",
        "source_url": "https://www.openstreetmap.org/way/248645089",
        "licence": "https://opendatacommons.org/licenses/odbl/1-0/",
        "coordinate_method": "representative_point"
      }
    },
    {
      "type": "Feature",
      "geometry": {
        "type": "Point",
        "coordinates": [
          13.7986037,
          37.2898334
        ]
      },
      "properties": {
        "id": "it_sicily_agrigento_san_calogero_naro",
        "name": "San Calogero, Naro",
        "record_kind": "catalogue_coordinate",
        "source_dataset": "sites_it_sicily.geojson",
        "source_url": "https://www.openstreetmap.org/way/916729906",
        "licence": "https://opendatacommons.org/licenses/odbl/1-0/",
        "coordinate_method": "representative_point"
      }
    },
    {
      "type": "Feature",
      "geometry": {
        "type": "Point",
        "coordinates": [
          13.2424606,
          37.5096341
        ]
      },
      "properties": {
        "id": "it_sicily_agrigento_poggio_diana",
        "name": "Poggio Diana",
        "record_kind": "catalogue_coordinate",
        "source_dataset": "sites_it_sicily.geojson",
        "source_url": "https://www.openstreetmap.org/way/247676387",
        "licence": "https://opendatacommons.org/licenses/odbl/1-0/",
        "coordinate_method": "representative_point"
      }
    },
    {
      "type": "Feature",
      "geometry": {
        "type": "Point",
        "coordinates": [
          13.9106542,
          37.6461299
        ]
      },
      "properties": {
        "id": "it_sicily_caltanissetta_crocifisso_di_belici",
        "name": "Crocifisso di Belici",
        "record_kind": "catalogue_coordinate",
        "source_dataset": "sites_it_sicily.geojson",
        "source_url": "https://www.openstreetmap.org/node/6024318751",
        "licence": "https://opendatacommons.org/licenses/odbl/1-0/",
        "coordinate_method": "representative_point"
      }
    },
    {
      "type": "Feature",
      "geometry": {
        "type": "Point",
        "coordinates": [
          14.06046,
          37.28051
        ]
      },
      "properties": {
        "id": "it_sicily_caltanissetta_costa_di_mandorle_necropolis",
        "name": "Costa di Mandorle Necropolis",
        "record_kind": "catalogue_coordinate",
        "source_dataset": "sites_it_sicily.geojson",
        "source_url": "https://www.openstreetmap.org/node/12919379037",
        "licence": "https://opendatacommons.org/licenses/odbl/1-0/",
        "coordinate_method": "representative_point"
      }
    },
    {
      "type": "Feature",
      "geometry": {
        "type": "Point",
        "coordinates": [
          14.0572363,
          37.5001841
        ]
      },
      "properties": {
        "id": "it_sicily_caltanissetta_gesu_redentore",
        "name": "Gesù Redentore",
        "record_kind": "catalogue_coordinate",
        "source_dataset": "sites_it_sicily.geojson",
        "source_url": "https://www.openstreetmap.org/node/2003119598",
        "licence": "https://opendatacommons.org/licenses/odbl/1-0/",
        "coordinate_method": "osm_element_point"
      }
    },
    {
      "type": "Feature",
      "geometry": {
        "type": "Point",
        "coordinates": [
          14.2237317,
          37.0712393
        ]
      },
      "properties": {
        "id": "it_sicily_caltanissetta_mura_timoleontee",
        "name": "Mura Timoleontee",
        "record_kind": "catalogue_coordinate",
        "source_dataset": "sites_it_sicily.geojson",
        "source_url": "https://www.openstreetmap.org/relation/2449945",
        "licence": "https://opendatacommons.org/licenses/odbl/1-0/",
        "coordinate_method": "representative_point"
      }
    },
    {
      "type": "Feature",
      "geometry": {
        "type": "Point",
        "coordinates": [
          14.9934,
          37.751
        ]
      },
      "properties": {
        "id": "it_sicily_catania_mount_etna",
        "name": "Mount Etna",
        "record_kind": "catalogue_coordinate",
        "source_dataset": "sites_it_sicily.geojson",
        "source_url": "https://www.openstreetmap.org/node/26863843",
        "licence": "https://opendatacommons.org/licenses/odbl/1-0/",
        "coordinate_method": "representative_point"
      }
    },
    {
      "type": "Feature",
      "geometry": {
        "type": "Point",
        "coordinates": [
          15.0210447,
          37.6
        ]
      },
      "properties": {
        "id": "it_sicily_catania_madonna_della_sciara_mompileri",
        "name": "Madonna della Sciara, Mompileri",
        "record_kind": "catalogue_coordinate",
        "source_dataset": "sites_it_sicily.geojson",
        "source_url": "https://www.openstreetmap.org/way/160332796",
        "licence": "https://opendatacommons.org/licenses/odbl/1-0/",
        "coordinate_method": "osm_bounds_centre"
      }
    },
    {
      "type": "Feature",
      "geometry": {
        "type": "Point",
        "coordinates": [
          15.0882384,
          37.5025178
        ]
      },
      "properties": {
        "id": "it_sicily_catania_catania_cathedral_santagata",
        "name": "Catania Cathedral / Sant’Agata",
        "record_kind": "catalogue_coordinate",
        "source_dataset": "sites_it_sicily.geojson",
        "source_url": "https://www.openstreetmap.org/way/58102740",
        "licence": "https://opendatacommons.org/licenses/odbl/1-0/",
        "coordinate_method": "representative_point"
      }
    },
    {
      "type": "Feature",
      "geometry": {
        "type": "Point",
        "coordinates": [
          14.5152435,
          37.2377719
        ]
      },
      "properties": {
        "id": "it_sicily_catania_madonna_del_ponte",
        "name": "Madonna del Ponte",
        "record_kind": "catalogue_coordinate",
        "source_dataset": "sites_it_sicily.geojson",
        "source_url": "https://www.openstreetmap.org/way/1127376948",
        "licence": "https://opendatacommons.org/licenses/odbl/1-0/",
        "coordinate_method": "osm_bounds_centre"
      }
    },
    {
      "type": "Feature",
      "geometry": {
        "type": "Point",
        "coordinates": [
          15.1257183,
          37.5792811
        ]
      },
      "properties": {
        "id": "it_sicily_catania_maria_ss_di_valverde",
        "name": "Maria SS di Valverde",
        "record_kind": "catalogue_coordinate",
        "source_dataset": "sites_it_sicily.geojson",
        "source_url": "https://www.openstreetmap.org/way/124722275",
        "licence": "https://opendatacommons.org/licenses/odbl/1-0/",
        "coordinate_method": "osm_bounds_centre"
      }
    },
    {
      "type": "Feature",
      "geometry": {
        "type": "Point",
        "coordinates": [
          15.0797463,
          37.6222215
        ]
      },
      "properties": {
        "id": "it_sicily_catania_santi_alfio_filadelfo_e_cirino",
        "name": "Santi Alfio, Filadelfo e Cirino",
        "record_kind": "catalogue_coordinate",
        "source_dataset": "sites_it_sicily.geojson",
        "source_url": "https://www.openstreetmap.org/way/103879497",
        "licence": "https://opendatacommons.org/licenses/odbl/1-0/",
        "coordinate_method": "representative_point"
      }
    },
    {
      "type": "Feature",
      "geometry": {
        "type": "Point",
        "coordinates": [
          15.132233,
          37.5879724
        ]
      },
      "properties": {
        "id": "it_sicily_catania_eremo_di_santanna",
        "name": "Eremo di Sant’Anna",
        "record_kind": "catalogue_coordinate",
        "source_dataset": "sites_it_sicily.geojson",
        "source_url": "https://www.openstreetmap.org/way/1539410422",
        "licence": "https://opendatacommons.org/licenses/odbl/1-0/",
        "coordinate_method": "representative_point"
      }
    },
    {
      "type": "Feature",
      "geometry": {
        "type": "Point",
        "coordinates": [
          15.0793898,
          37.5042725
        ]
      },
      "properties": {
        "id": "it_sicily_catania_san_nicolo_larena_monastery",
        "name": "San Nicolò l’Arena Monastery",
        "record_kind": "catalogue_coordinate",
        "source_dataset": "sites_it_sicily.geojson",
        "source_url": "https://www.openstreetmap.org/way/28007667",
        "licence": "https://opendatacommons.org/licenses/odbl/1-0/",
        "coordinate_method": "representative_point"
      }
    },
    {
      "type": "Feature",
      "geometry": {
        "type": "Point",
        "coordinates": [
          14.7936287,
          37.2748723
        ]
      },
      "properties": {
        "id": "it_sicily_catania_abbazia_di_san_benedetto",
        "name": "Abbazia di San Benedetto",
        "record_kind": "catalogue_coordinate",
        "source_dataset": "sites_it_sicily.geojson",
        "source_url": "https://www.openstreetmap.org/way/318154739",
        "licence": "https://opendatacommons.org/licenses/odbl/1-0/",
        "coordinate_method": "representative_point"
      }
    },
    {
      "type": "Feature",
      "geometry": {
        "type": "Point",
        "coordinates": [
          14.7930934,
          37.2717289
        ]
      },
      "properties": {
        "id": "it_sicily_catania_santuario_madonna_della_stella",
        "name": "Santuario Madonna della Stella",
        "record_kind": "catalogue_coordinate",
        "source_dataset": "sites_it_sicily.geojson",
        "source_url": "https://www.openstreetmap.org/way/228569432",
        "licence": "https://opendatacommons.org/licenses/odbl/1-0/",
        "coordinate_method": "osm_bounds_centre"
      }
    },
    {
      "type": "Feature",
      "geometry": {
        "type": "Point",
        "coordinates": [
          14.797432,
          37.2710527
        ]
      },
      "properties": {
        "id": "it_sicily_catania_santa_maria_la_vetere",
        "name": "Santa Maria la Vetere",
        "record_kind": "catalogue_coordinate",
        "source_dataset": "sites_it_sicily.geojson",
        "source_url": "https://www.openstreetmap.org/way/228729651",
        "licence": "https://opendatacommons.org/licenses/odbl/1-0/",
        "coordinate_method": "representative_point"
      }
    },
    {
      "type": "Feature",
      "geometry": {
        "type": "Point",
        "coordinates": [
          15.0826065,
          37.5038802
        ]
      },
      "properties": {
        "id": "it_sicily_catania_terme_della_rotonda",
        "name": "Terme della Rotonda",
        "record_kind": "catalogue_coordinate",
        "source_dataset": "sites_it_sicily.geojson",
        "source_url": "https://www.openstreetmap.org/node/12706028376",
        "licence": "https://opendatacommons.org/licenses/odbl/1-0/",
        "coordinate_method": "representative_point"
      }
    },
    {
      "type": "Feature",
      "geometry": {
        "type": "Point",
        "coordinates": [
          14.2696345,
          37.5632339
        ]
      },
      "properties": {
        "id": "it_sicily_enna_ss_crocifisso_di_papardura",
        "name": "SS Crocifisso di Papardura",
        "record_kind": "catalogue_coordinate",
        "source_dataset": "sites_it_sicily.geojson",
        "source_url": "https://www.openstreetmap.org/way/207984277",
        "licence": "https://opendatacommons.org/licenses/odbl/1-0/",
        "coordinate_method": "osm_bounds_centre"
      }
    },
    {
      "type": "Feature",
      "geometry": {
        "type": "Point",
        "coordinates": [
          14.5187959,
          37.6571163
        ]
      },
      "properties": {
        "id": "it_sicily_enna_san_filippo_dagira",
        "name": "San Filippo d’Agira",
        "record_kind": "catalogue_coordinate",
        "source_dataset": "sites_it_sicily.geojson",
        "source_url": "https://www.openstreetmap.org/way/928894421",
        "licence": "https://opendatacommons.org/licenses/odbl/1-0/",
        "coordinate_method": "osm_bounds_centre"
      }
    },
    {
      "type": "Feature",
      "geometry": {
        "type": "Point",
        "coordinates": [
          14.4453563,
          37.4164651
        ]
      },
      "properties": {
        "id": "it_sicily_enna_san_filippo_apostolo",
        "name": "San Filippo Apostolo",
        "record_kind": "catalogue_coordinate",
        "source_dataset": "sites_it_sicily.geojson",
        "source_url": "https://www.openstreetmap.org/way/1137585854",
        "licence": "https://opendatacommons.org/licenses/odbl/1-0/",
        "coordinate_method": "representative_point"
      }
    },
    {
      "type": "Feature",
      "geometry": {
        "type": "Point",
        "coordinates": [
          14.2385812,
          37.6102026
        ]
      },
      "properties": {
        "id": "it_sicily_enna_canalotto_rock_village",
        "name": "Canalotto Rock Village",
        "record_kind": "catalogue_coordinate",
        "source_dataset": "sites_it_sicily.geojson",
        "source_url": "https://www.openstreetmap.org/node/12525996887",
        "licence": "https://opendatacommons.org/licenses/odbl/1-0/",
        "coordinate_method": "representative_point"
      }
    },
    {
      "type": "Feature",
      "geometry": {
        "type": "Point",
        "coordinates": [
          14.4241498,
          37.628343
        ]
      },
      "properties": {
        "id": "it_sicily_enna_basilica_di_san_leone",
        "name": "Basilica di San Leone",
        "record_kind": "catalogue_coordinate",
        "source_dataset": "sites_it_sicily.geojson",
        "source_url": "https://www.openstreetmap.org/way/559014729",
        "licence": "https://opendatacommons.org/licenses/odbl/1-0/",
        "coordinate_method": "representative_point"
      }
    },
    {
      "type": "Feature",
      "geometry": {
        "type": "Point",
        "coordinates": [
          14.6012406,
          37.7834657
        ]
      },
      "properties": {
        "id": "it_sicily_enna_chiesa_di_san_silvestro",
        "name": "Chiesa di San Silvestro",
        "record_kind": "catalogue_coordinate",
        "source_dataset": "sites_it_sicily.geojson",
        "source_url": "https://www.openstreetmap.org/way/1117848961",
        "licence": "https://opendatacommons.org/licenses/odbl/1-0/",
        "coordinate_method": "representative_point"
      }
    },
    {
      "type": "Feature",
      "geometry": {
        "type": "Point",
        "coordinates": [
          15.21308,
          38.78915
        ]
      },
      "properties": {
        "id": "it_sicily_messina_stromboli",
        "name": "Stromboli",
        "record_kind": "catalogue_coordinate",
        "source_dataset": "sites_it_sicily.geojson",
        "source_url": "https://www.openstreetmap.org/node/26863238",
        "licence": "https://opendatacommons.org/licenses/odbl/1-0/",
        "coordinate_method": "representative_point"
      }
    },
    {
      "type": "Feature",
      "geometry": {
        "type": "Point",
        "coordinates": [
          15.0464254,
          38.1413827
        ]
      },
      "properties": {
        "id": "it_sicily_messina_tindari_sanctuary",
        "name": "Tindari Sanctuary",
        "record_kind": "catalogue_coordinate",
        "source_dataset": "sites_it_sicily.geojson",
        "source_url": "https://www.openstreetmap.org/way/79706488",
        "licence": "https://opendatacommons.org/licenses/odbl/1-0/",
        "coordinate_method": "representative_point"
      }
    },
    {
      "type": "Feature",
      "geometry": {
        "type": "Point",
        "coordinates": [
          14.961956,
          38.4020236
        ]
      },
      "properties": {
        "id": "it_sicily_messina_gran_cratere_della_fossa",
        "name": "Gran Cratere della Fossa",
        "record_kind": "catalogue_coordinate",
        "source_dataset": "sites_it_sicily.geojson",
        "source_url": "https://www.openstreetmap.org/node/477213804",
        "licence": "https://opendatacommons.org/licenses/odbl/1-0/",
        "coordinate_method": "representative_point"
      }
    },
    {
      "type": "Feature",
      "geometry": {
        "type": "Point",
        "coordinates": [
          14.9099115,
          38.4779219
        ]
      },
      "properties": {
        "id": "it_sicily_messina_terme_di_san_calogero_lipari",
        "name": "Terme di San Calogero, Lipari",
        "record_kind": "catalogue_coordinate",
        "source_dataset": "sites_it_sicily.geojson",
        "source_url": "https://www.openstreetmap.org/way/61292523",
        "licence": "https://opendatacommons.org/licenses/odbl/1-0/",
        "coordinate_method": "representative_point"
      }
    },
    {
      "type": "Feature",
      "geometry": {
        "type": "Point",
        "coordinates": [
          14.5883494,
          38.5569094
        ]
      },
      "properties": {
        "id": "it_sicily_messina_capo_graziano",
        "name": "Capo Graziano",
        "record_kind": "catalogue_coordinate",
        "source_dataset": "sites_it_sicily.geojson",
        "source_url": "https://www.openstreetmap.org/way/219564801",
        "licence": "https://opendatacommons.org/licenses/odbl/1-0/",
        "coordinate_method": "representative_point"
      }
    },
    {
      "type": "Feature",
      "geometry": {
        "type": "Point",
        "coordinates": [
          15.0635646,
          38.6256657
        ]
      },
      "properties": {
        "id": "it_sicily_messina_punta_milazzese",
        "name": "Punta Milazzese",
        "record_kind": "catalogue_coordinate",
        "source_dataset": "sites_it_sicily.geojson",
        "source_url": "https://www.openstreetmap.org/node/5316048621",
        "licence": "https://opendatacommons.org/licenses/odbl/1-0/",
        "coordinate_method": "representative_point"
      }
    },
    {
      "type": "Feature",
      "geometry": {
        "type": "Point",
        "coordinates": [
          14.7209229,
          38.0048028
        ]
      },
      "properties": {
        "id": "it_sicily_messina_eremo_di_san_nicolo_politi",
        "name": "Eremo di San Nicolò Politi",
        "record_kind": "catalogue_coordinate",
        "source_dataset": "sites_it_sicily.geojson",
        "source_url": "https://www.openstreetmap.org/way/393057117",
        "licence": "https://opendatacommons.org/licenses/odbl/1-0/",
        "coordinate_method": "representative_point"
      }
    },
    {
      "type": "Feature",
      "geometry": {
        "type": "Point",
        "coordinates": [
          14.8690679,
          38.5737094
        ]
      },
      "properties": {
        "id": "it_sicily_messina_portella_salina",
        "name": "Portella, Salina",
        "record_kind": "catalogue_coordinate",
        "source_dataset": "sites_it_sicily.geojson",
        "source_url": "https://www.openstreetmap.org/way/1442185869",
        "licence": "https://opendatacommons.org/licenses/odbl/1-0/",
        "coordinate_method": "representative_point"
      }
    },
    {
      "type": "Feature",
      "geometry": {
        "type": "Point",
        "coordinates": [
          14.5806828,
          38.55719
        ]
      },
      "properties": {
        "id": "it_sicily_messina_filo_braccio",
        "name": "Filo Braccio",
        "record_kind": "catalogue_coordinate",
        "source_dataset": "sites_it_sicily.geojson",
        "source_url": "https://www.openstreetmap.org/way/422259830",
        "licence": "https://opendatacommons.org/licenses/odbl/1-0/",
        "coordinate_method": "representative_point"
      }
    },
    {
      "type": "Feature",
      "geometry": {
        "type": "Point",
        "coordinates": [
          15.30853,
          37.9470723
        ]
      },
      "properties": {
        "id": "it_sicily_messina_monastero_e_chiesa_basiliana_dagro",
        "name": "Monastero e Chiesa Basiliana d’Agrò",
        "record_kind": "catalogue_coordinate",
        "source_dataset": "sites_it_sicily.geojson",
        "source_url": "https://www.openstreetmap.org/way/211277744",
        "licence": "https://opendatacommons.org/licenses/odbl/1-0/",
        "coordinate_method": "osm_bounds_centre"
      }
    },
    {
      "type": "Feature",
      "geometry": {
        "type": "Point",
        "coordinates": [
          15.5532025,
          38.1959307
        ]
      },
      "properties": {
        "id": "it_sicily_messina_montevergine_santa_eustochia",
        "name": "Montevergine / Santa Eustochia",
        "record_kind": "catalogue_coordinate",
        "source_dataset": "sites_it_sicily.geojson",
        "source_url": "https://www.openstreetmap.org/way/164424293",
        "licence": "https://opendatacommons.org/licenses/odbl/1-0/",
        "coordinate_method": "osm_bounds_centre"
      }
    },
    {
      "type": "Feature",
      "geometry": {
        "type": "Point",
        "coordinates": [
          15.550866,
          38.1935692
        ]
      },
      "properties": {
        "id": "it_sicily_messina_madonna_di_montalto",
        "name": "Madonna di Montalto",
        "record_kind": "catalogue_coordinate",
        "source_dataset": "sites_it_sicily.geojson",
        "source_url": "https://www.openstreetmap.org/way/164424294",
        "licence": "https://opendatacommons.org/licenses/odbl/1-0/",
        "coordinate_method": "osm_bounds_centre"
      }
    },
    {
      "type": "Feature",
      "geometry": {
        "type": "Point",
        "coordinates": [
          14.7488625,
          38.1642763
        ]
      },
      "properties": {
        "id": "it_sicily_messina_capo_dorlando_sanctuary",
        "name": "Capo d’Orlando Sanctuary",
        "record_kind": "catalogue_coordinate",
        "source_dataset": "sites_it_sicily.geojson",
        "source_url": "https://www.openstreetmap.org/way/253627450",
        "licence": "https://opendatacommons.org/licenses/odbl/1-0/",
        "coordinate_method": "representative_point"
      }
    },
    {
      "type": "Feature",
      "geometry": {
        "type": "Point",
        "coordinates": [
          15.2879831,
          37.8538721
        ]
      },
      "properties": {
        "id": "it_sicily_messina_taormina_temple_odeon",
        "name": "Taormina Temple / Odeon",
        "record_kind": "catalogue_coordinate",
        "source_dataset": "sites_it_sicily.geojson",
        "source_url": "https://www.openstreetmap.org/way/345139895",
        "licence": "https://opendatacommons.org/licenses/odbl/1-0/",
        "coordinate_method": "representative_point"
      }
    },
    {
      "type": "Feature",
      "geometry": {
        "type": "Point",
        "coordinates": [
          15.2845547,
          37.8544804
        ]
      },
      "properties": {
        "id": "it_sicily_messina_castel_tauro_greek_acropolis",
        "name": "Castel Tauro / Greek Acropolis",
        "record_kind": "catalogue_coordinate",
        "source_dataset": "sites_it_sicily.geojson",
        "source_url": "https://www.openstreetmap.org/way/473229104",
        "licence": "https://opendatacommons.org/licenses/odbl/1-0/",
        "coordinate_method": "osm_bounds_centre"
      }
    },
    {
      "type": "Feature",
      "geometry": {
        "type": "Point",
        "coordinates": [
          15.0102244,
          38.0250732
        ]
      },
      "properties": {
        "id": "it_sicily_messina_basilica_minore_di_montalbano_elicona",
        "name": "Basilica Minore di Montalbano Elicona",
        "record_kind": "catalogue_coordinate",
        "source_dataset": "sites_it_sicily.geojson",
        "source_url": "https://www.openstreetmap.org/way/225048998",
        "licence": "https://opendatacommons.org/licenses/odbl/1-0/",
        "coordinate_method": "osm_bounds_centre"
      }
    },
    {
      "type": "Feature",
      "geometry": {
        "type": "Point",
        "coordinates": [
          15.0141151,
          38.0232754
        ]
      },
      "properties": {
        "id": "it_sicily_messina_madonna_della_provvidenza",
        "name": "Madonna della Provvidenza",
        "record_kind": "catalogue_coordinate",
        "source_dataset": "sites_it_sicily.geojson",
        "source_url": "https://www.openstreetmap.org/way/220135627",
        "licence": "https://opendatacommons.org/licenses/odbl/1-0/",
        "coordinate_method": "representative_point"
      }
    },
    {
      "type": "Feature",
      "geometry": {
        "type": "Point",
        "coordinates": [
          15.0381778,
          37.9868203
        ]
      },
      "properties": {
        "id": "it_sicily_messina_argimusco",
        "name": "Argimusco",
        "record_kind": "catalogue_coordinate",
        "source_dataset": "sites_it_sicily.geojson",
        "source_url": "https://www.openstreetmap.org/node/716578703",
        "licence": "https://opendatacommons.org/licenses/odbl/1-0/",
        "coordinate_method": "representative_point"
      }
    },
    {
      "type": "Feature",
      "geometry": {
        "type": "Point",
        "coordinates": [
          14.6959373,
          38.0759781
        ]
      },
      "properties": {
        "id": "it_sicily_messina_san_marco_evangelista_temple_of_hercules",
        "name": "San Marco Evangelista / Temple of Hercules",
        "record_kind": "catalogue_coordinate",
        "source_dataset": "sites_it_sicily.geojson",
        "source_url": "https://www.openstreetmap.org/way/1080943327",
        "licence": "https://opendatacommons.org/licenses/odbl/1-0/",
        "coordinate_method": "osm_bounds_centre"
      }
    },
    {
      "type": "Feature",
      "geometry": {
        "type": "Point",
        "coordinates": [
          14.698325,
          38.0752899
        ]
      },
      "properties": {
        "id": "it_sicily_messina_san_teodoro_badia_piccola",
        "name": "San Teodoro / Badia Piccola",
        "record_kind": "catalogue_coordinate",
        "source_dataset": "sites_it_sicily.geojson",
        "source_url": "https://www.openstreetmap.org/way/404055014",
        "licence": "https://opendatacommons.org/licenses/odbl/1-0/",
        "coordinate_method": "representative_point"
      }
    },
    {
      "type": "Feature",
      "geometry": {
        "type": "Point",
        "coordinates": [
          13.3538035,
          38.1661097
        ]
      },
      "properties": {
        "id": "it_sicily_palermo_monte_pellegrino_santa_rosalia",
        "name": "Monte Pellegrino & Santa Rosalia",
        "record_kind": "catalogue_coordinate",
        "source_dataset": "sites_it_sicily.geojson",
        "source_url": "https://www.openstreetmap.org/node/493236385",
        "licence": "https://opendatacommons.org/licenses/odbl/1-0/",
        "coordinate_method": "representative_point"
      }
    },
    {
      "type": "Feature",
      "geometry": {
        "type": "Point",
        "coordinates": [
          13.2922777,
          38.0820313
        ]
      },
      "properties": {
        "id": "it_sicily_palermo_monreale_cathedral",
        "name": "Monreale Cathedral",
        "record_kind": "catalogue_coordinate",
        "source_dataset": "sites_it_sicily.geojson",
        "source_url": "https://www.openstreetmap.org/way/82665029",
        "licence": "https://opendatacommons.org/licenses/odbl/1-0/",
        "coordinate_method": "representative_point"
      }
    },
    {
      "type": "Feature",
      "geometry": {
        "type": "Point",
        "coordinates": [
          14.0186677,
          37.9865481
        ]
      },
      "properties": {
        "id": "it_sicily_palermo_gibilmanna_sanctuary",
        "name": "Gibilmanna Sanctuary",
        "record_kind": "catalogue_coordinate",
        "source_dataset": "sites_it_sicily.geojson",
        "source_url": "https://www.openstreetmap.org/way/28875433",
        "licence": "https://opendatacommons.org/licenses/odbl/1-0/",
        "coordinate_method": "representative_point"
      }
    },
    {
      "type": "Feature",
      "geometry": {
        "type": "Point",
        "coordinates": [
          14.0235915,
          38.0398081
        ]
      },
      "properties": {
        "id": "it_sicily_palermo_cefalu_cathedral",
        "name": "Cefalù Cathedral",
        "record_kind": "catalogue_coordinate",
        "source_dataset": "sites_it_sicily.geojson",
        "source_url": "https://www.openstreetmap.org/way/425988640",
        "licence": "https://opendatacommons.org/licenses/odbl/1-0/",
        "coordinate_method": "representative_point"
      }
    },
    {
      "type": "Feature",
      "geometry": {
        "type": "Point",
        "coordinates": [
          13.7540838,
          37.7487931
        ]
      },
      "properties": {
        "id": "it_sicily_palermo_gurfa_caves",
        "name": "Gurfa Caves",
        "record_kind": "catalogue_coordinate",
        "source_dataset": "sites_it_sicily.geojson",
        "source_url": "https://www.openstreetmap.org/way/82949813",
        "licence": "https://opendatacommons.org/licenses/odbl/1-0/",
        "coordinate_method": "representative_point"
      }
    },
    {
      "type": "Feature",
      "geometry": {
        "type": "Point",
        "coordinates": [
          13.1821608,
          38.7191075
        ]
      },
      "properties": {
        "id": "it_sicily_palermo_villaggio_dei_faraglioni",
        "name": "Villaggio dei Faraglioni",
        "record_kind": "catalogue_coordinate",
        "source_dataset": "sites_it_sicily.geojson",
        "source_url": "https://www.openstreetmap.org/way/245277818",
        "licence": "https://opendatacommons.org/licenses/odbl/1-0/",
        "coordinate_method": "osm_bounds_centre"
      }
    },
    {
      "type": "Feature",
      "geometry": {
        "type": "Point",
        "coordinates": [
          13.5317471,
          38.0931245
        ]
      },
      "properties": {
        "id": "it_sicily_palermo_solunto",
        "name": "Solunto",
        "record_kind": "catalogue_coordinate",
        "source_dataset": "sites_it_sicily.geojson",
        "source_url": "https://www.openstreetmap.org/way/53454891",
        "licence": "https://opendatacommons.org/licenses/odbl/1-0/",
        "coordinate_method": "representative_point"
      }
    },
    {
      "type": "Feature",
      "geometry": {
        "type": "Point",
        "coordinates": [
          14.065045,
          37.744728
        ]
      },
      "properties": {
        "id": "it_sicily_palermo_madonna_dellolio",
        "name": "Madonna dell’Olio",
        "record_kind": "catalogue_coordinate",
        "source_dataset": "sites_it_sicily.geojson",
        "source_url": "https://www.openstreetmap.org/way/237452990",
        "licence": "https://opendatacommons.org/licenses/odbl/1-0/",
        "coordinate_method": "representative_point"
      }
    },
    {
      "type": "Feature",
      "geometry": {
        "type": "Point",
        "coordinates": [
          13.3560128,
          38.1143482
        ]
      },
      "properties": {
        "id": "it_sicily_palermo_palermo_cathedral",
        "name": "Palermo Cathedral",
        "record_kind": "catalogue_coordinate",
        "source_dataset": "sites_it_sicily.geojson",
        "source_url": "https://www.openstreetmap.org/way/49750033",
        "licence": "https://opendatacommons.org/licenses/odbl/1-0/",
        "coordinate_method": "representative_point"
      }
    },
    {
      "type": "Feature",
      "geometry": {
        "type": "Point",
        "coordinates": [
          13.3545956,
          38.1095602
        ]
      },
      "properties": {
        "id": "it_sicily_palermo_san_giovanni_degli_eremiti",
        "name": "San Giovanni degli Eremiti",
        "record_kind": "catalogue_coordinate",
        "source_dataset": "sites_it_sicily.geojson",
        "source_url": "https://www.openstreetmap.org/way/49786077",
        "licence": "https://opendatacommons.org/licenses/odbl/1-0/",
        "coordinate_method": "representative_point"
      }
    },
    {
      "type": "Feature",
      "geometry": {
        "type": "Point",
        "coordinates": [
          14.2057431,
          37.7905262
        ]
      },
      "properties": {
        "id": "it_sicily_palermo_santuario_dello_spirito_santo",
        "name": "Santuario dello Spirito Santo",
        "record_kind": "catalogue_coordinate",
        "source_dataset": "sites_it_sicily.geojson",
        "source_url": "https://www.openstreetmap.org/way/190468853",
        "licence": "https://opendatacommons.org/licenses/odbl/1-0/",
        "coordinate_method": "osm_bounds_centre"
      }
    },
    {
      "type": "Feature",
      "geometry": {
        "type": "Point",
        "coordinates": [
          14.0503342,
          37.8319642
        ]
      },
      "properties": {
        "id": "it_sicily_palermo_madonna_dellalto",
        "name": "Madonna dell’Alto",
        "record_kind": "catalogue_coordinate",
        "source_dataset": "sites_it_sicily.geojson",
        "source_url": "https://www.openstreetmap.org/node/4306138362",
        "licence": "https://opendatacommons.org/licenses/odbl/1-0/",
        "coordinate_method": "representative_point"
      }
    },
    {
      "type": "Feature",
      "geometry": {
        "type": "Point",
        "coordinates": [
          14.0234184,
          37.8747917
        ]
      },
      "properties": {
        "id": "it_sicily_palermo_madonna_delle_nevi_piano_battaglia",
        "name": "Madonna delle Nevi, Piano Battaglia",
        "record_kind": "catalogue_coordinate",
        "source_dataset": "sites_it_sicily.geojson",
        "source_url": "https://www.openstreetmap.org/way/283409222",
        "licence": "https://opendatacommons.org/licenses/odbl/1-0/",
        "coordinate_method": "osm_bounds_centre"
      }
    },
    {
      "type": "Feature",
      "geometry": {
        "type": "Point",
        "coordinates": [
          14.0928694,
          37.806558
        ]
      },
      "properties": {
        "id": "it_sicily_palermo_santa_maria_alla_fontana",
        "name": "Santa Maria alla Fontana",
        "record_kind": "catalogue_coordinate",
        "source_dataset": "sites_it_sicily.geojson",
        "source_url": "https://www.openstreetmap.org/way/1079221336",
        "licence": "https://opendatacommons.org/licenses/odbl/1-0/",
        "coordinate_method": "representative_point"
      }
    },
    {
      "type": "Feature",
      "geometry": {
        "type": "Point",
        "coordinates": [
          14.1096651,
          37.7949894
        ]
      },
      "properties": {
        "id": "it_sicily_palermo_santa_maria_di_loreto",
        "name": "Santa Maria di Loreto",
        "record_kind": "catalogue_coordinate",
        "source_dataset": "sites_it_sicily.geojson",
        "source_url": "https://www.openstreetmap.org/way/1078304987",
        "licence": "https://opendatacommons.org/licenses/odbl/1-0/",
        "coordinate_method": "representative_point"
      }
    },
    {
      "type": "Feature",
      "geometry": {
        "type": "Point",
        "coordinates": [
          14.1095358,
          37.8017432
        ]
      },
      "properties": {
        "id": "it_sicily_palermo_convento_dei_frati_minori_riformati",
        "name": "Convento dei Frati Minori Riformati",
        "record_kind": "catalogue_coordinate",
        "source_dataset": "sites_it_sicily.geojson",
        "source_url": "https://www.openstreetmap.org/way/1078278099",
        "licence": "https://opendatacommons.org/licenses/odbl/1-0/",
        "coordinate_method": "representative_point"
      }
    },
    {
      "type": "Feature",
      "geometry": {
        "type": "Point",
        "coordinates": [
          14.8396649,
          36.8502093
        ]
      },
      "properties": {
        "id": "it_sicily_ragusa_cava_dispica",
        "name": "Cava d’Ispica",
        "record_kind": "catalogue_coordinate",
        "source_dataset": "sites_it_sicily.geojson",
        "source_url": "https://www.openstreetmap.org/way/226099701",
        "licence": "https://opendatacommons.org/licenses/odbl/1-0/",
        "coordinate_method": "osm_bounds_centre"
      }
    },
    {
      "type": "Feature",
      "geometry": {
        "type": "Point",
        "coordinates": [
          14.7073691,
          37.1103614
        ]
      },
      "properties": {
        "id": "it_sicily_ragusa_monte_casasia",
        "name": "Monte Casasia",
        "record_kind": "catalogue_coordinate",
        "source_dataset": "sites_it_sicily.geojson",
        "source_url": "https://www.openstreetmap.org/node/2069656664",
        "licence": "https://opendatacommons.org/licenses/odbl/1-0/",
        "coordinate_method": "representative_point"
      }
    },
    {
      "type": "Feature",
      "geometry": {
        "type": "Point",
        "coordinates": [
          14.7607183,
          36.8600695
        ]
      },
      "properties": {
        "id": "it_sicily_ragusa_eremo_di_san_nicolo_inferiore",
        "name": "Eremo di San Nicolò Inferiore",
        "record_kind": "catalogue_coordinate",
        "source_dataset": "sites_it_sicily.geojson",
        "source_url": "https://www.openstreetmap.org/way/480668720",
        "licence": "https://opendatacommons.org/licenses/odbl/1-0/",
        "coordinate_method": "representative_point"
      }
    },
    {
      "type": "Feature",
      "geometry": {
        "type": "Point",
        "coordinates": [
          14.7044191,
          36.7906843
        ]
      },
      "properties": {
        "id": "it_sicily_ragusa_madonna_delle_milizie",
        "name": "Madonna delle Milizie",
        "record_kind": "catalogue_coordinate",
        "source_dataset": "sites_it_sicily.geojson",
        "source_url": "https://www.openstreetmap.org/node/6567440756",
        "licence": "https://opendatacommons.org/licenses/odbl/1-0/",
        "coordinate_method": "representative_point"
      }
    },
    {
      "type": "Feature",
      "geometry": {
        "type": "Point",
        "coordinates": [
          14.4654709,
          36.8686061
        ]
      },
      "properties": {
        "id": "it_sicily_ragusa_rifriscolaro_necropolis",
        "name": "Rifriscolaro Necropolis",
        "record_kind": "catalogue_coordinate",
        "source_dataset": "sites_it_sicily.geojson",
        "source_url": "https://www.openstreetmap.org/way/1408567109",
        "licence": "https://opendatacommons.org/licenses/odbl/1-0/",
        "coordinate_method": "representative_point"
      }
    },
    {
      "type": "Feature",
      "geometry": {
        "type": "Point",
        "coordinates": [
          14.7079438,
          36.789628
        ]
      },
      "properties": {
        "id": "it_sicily_ragusa_convento_della_croce",
        "name": "Convento della Croce",
        "record_kind": "catalogue_coordinate",
        "source_dataset": "sites_it_sicily.geojson",
        "source_url": "https://www.openstreetmap.org/way/243195122",
        "licence": "https://opendatacommons.org/licenses/odbl/1-0/",
        "coordinate_method": "representative_point"
      }
    },
    {
      "type": "Feature",
      "geometry": {
        "type": "Point",
        "coordinates": [
          14.710924,
          36.794066
        ]
      },
      "properties": {
        "id": "it_sicily_ragusa_maria_ss_della_pieta",
        "name": "Maria SS della Pietà",
        "record_kind": "catalogue_coordinate",
        "source_dataset": "sites_it_sicily.geojson",
        "source_url": "https://www.openstreetmap.org/way/479615527",
        "licence": "https://opendatacommons.org/licenses/odbl/1-0/",
        "coordinate_method": "representative_point"
      }
    },
    {
      "type": "Feature",
      "geometry": {
        "type": "Point",
        "coordinates": [
          14.6901211,
          37.0393953
        ]
      },
      "properties": {
        "id": "it_sicily_ragusa_maria_ss_di_gulfi",
        "name": "Maria SS di Gulfi",
        "record_kind": "catalogue_coordinate",
        "source_dataset": "sites_it_sicily.geojson",
        "source_url": "https://www.openstreetmap.org/way/206505386",
        "licence": "https://opendatacommons.org/licenses/odbl/1-0/",
        "coordinate_method": "representative_point"
      }
    },
    {
      "type": "Feature",
      "geometry": {
        "type": "Point",
        "coordinates": [
          15.0228772,
          37.136337
        ]
      },
      "properties": {
        "id": "it_sicily_siracusa_pantalica_necropolis",
        "name": "Pantalica Necropolis",
        "record_kind": "catalogue_coordinate",
        "source_dataset": "sites_it_sicily.geojson",
        "source_url": "https://www.openstreetmap.org/way/318200847",
        "licence": "https://opendatacommons.org/licenses/odbl/1-0/",
        "coordinate_method": "representative_point"
      }
    },
    {
      "type": "Feature",
      "geometry": {
        "type": "Point",
        "coordinates": [
          15.293823,
          37.0595851
        ]
      },
      "properties": {
        "id": "it_sicily_siracusa_syracuse_cathedral_temple_of_athena",
        "name": "Syracuse Cathedral / Temple of Athena",
        "record_kind": "catalogue_coordinate",
        "source_dataset": "sites_it_sicily.geojson",
        "source_url": "https://www.openstreetmap.org/way/44683104",
        "licence": "https://opendatacommons.org/licenses/odbl/1-0/",
        "coordinate_method": "representative_point"
      }
    },
    {
      "type": "Feature",
      "geometry": {
        "type": "Point",
        "coordinates": [
          15.2794567,
          37.0787017
        ]
      },
      "properties": {
        "id": "it_sicily_siracusa_neapolis_ara_di_ierone",
        "name": "Neapolis / Ara di Ierone",
        "record_kind": "catalogue_coordinate",
        "source_dataset": "sites_it_sicily.geojson",
        "source_url": "https://www.openstreetmap.org/relation/6564135",
        "licence": "https://opendatacommons.org/licenses/odbl/1-0/",
        "coordinate_method": "representative_point"
      }
    },
    {
      "type": "Feature",
      "geometry": {
        "type": "Point",
        "coordinates": [
          15.2929132,
          37.0572691
        ]
      },
      "properties": {
        "id": "it_sicily_siracusa_fonte_aretusa",
        "name": "Fonte Aretusa",
        "record_kind": "catalogue_coordinate",
        "source_dataset": "sites_it_sicily.geojson",
        "source_url": "https://www.openstreetmap.org/way/27286241",
        "licence": "https://opendatacommons.org/licenses/odbl/1-0/",
        "coordinate_method": "representative_point"
      }
    },
    {
      "type": "Feature",
      "geometry": {
        "type": "Point",
        "coordinates": [
          15.2930187,
          37.0640302
        ]
      },
      "properties": {
        "id": "it_sicily_siracusa_temple_of_apollo_syracuse",
        "name": "Temple of Apollo, Syracuse",
        "record_kind": "catalogue_coordinate",
        "source_dataset": "sites_it_sicily.geojson",
        "source_url": "https://www.openstreetmap.org/way/1163414978",
        "licence": "https://opendatacommons.org/licenses/odbl/1-0/",
        "coordinate_method": "representative_point"
      }
    },
    {
      "type": "Feature",
      "geometry": {
        "type": "Point",
        "coordinates": [
          15.2848558,
          37.0767995
        ]
      },
      "properties": {
        "id": "it_sicily_siracusa_catacombs_of_san_giovanni",
        "name": "Catacombs of San Giovanni",
        "record_kind": "catalogue_coordinate",
        "source_dataset": "sites_it_sicily.geojson",
        "source_url": "https://www.openstreetmap.org/node/290930171",
        "licence": "https://opendatacommons.org/licenses/odbl/1-0/",
        "coordinate_method": "representative_point"
      }
    },
    {
      "type": "Feature",
      "geometry": {
        "type": "Point",
        "coordinates": [
          15.1760565,
          37.2897653
        ]
      },
      "properties": {
        "id": "it_sicily_siracusa_santa_maria_adonai",
        "name": "Santa Maria Adonai",
        "record_kind": "catalogue_coordinate",
        "source_dataset": "sites_it_sicily.geojson",
        "source_url": "https://www.openstreetmap.org/way/293793681",
        "licence": "https://opendatacommons.org/licenses/odbl/1-0/",
        "coordinate_method": "representative_point"
      }
    },
    {
      "type": "Feature",
      "geometry": {
        "type": "Point",
        "coordinates": [
          15.2570161,
          37.0516313
        ]
      },
      "properties": {
        "id": "it_sicily_siracusa_temple_of_zeus_olympieion",
        "name": "Temple of Zeus / Olympieion",
        "record_kind": "catalogue_coordinate",
        "source_dataset": "sites_it_sicily.geojson",
        "source_url": "https://www.openstreetmap.org/way/267566077",
        "licence": "https://opendatacommons.org/licenses/odbl/1-0/",
        "coordinate_method": "representative_point"
      }
    },
    {
      "type": "Feature",
      "geometry": {
        "type": "Point",
        "coordinates": [
          12.8244584,
          37.5888104
        ]
      },
      "properties": {
        "id": "it_sicily_trapani_selinunte_sacred_landscape",
        "name": "Selinunte Sacred Landscape",
        "record_kind": "catalogue_coordinate",
        "source_dataset": "sites_it_sicily.geojson",
        "source_url": "https://www.openstreetmap.org/way/45484477",
        "licence": "https://opendatacommons.org/licenses/odbl/1-0/",
        "coordinate_method": "representative_point"
      }
    },
    {
      "type": "Feature",
      "geometry": {
        "type": "Point",
        "coordinates": [
          12.5921231,
          38.0352677
        ]
      },
      "properties": {
        "id": "it_sicily_trapani_erice_venus_erycina",
        "name": "Erice / Venus Erycina",
        "record_kind": "catalogue_coordinate",
        "source_dataset": "sites_it_sicily.geojson",
        "source_url": "https://www.openstreetmap.org/way/23747826",
        "licence": "https://opendatacommons.org/licenses/odbl/1-0/",
        "coordinate_method": "representative_point"
      }
    },
    {
      "type": "Feature",
      "geometry": {
        "type": "Point",
        "coordinates": [
          12.321893,
          38.0018776
        ]
      },
      "properties": {
        "id": "it_sicily_trapani_grotta_del_genovese",
        "name": "Grotta del Genovese",
        "record_kind": "catalogue_coordinate",
        "source_dataset": "sites_it_sicily.geojson",
        "source_url": "https://www.openstreetmap.org/node/1291439285",
        "licence": "https://opendatacommons.org/licenses/odbl/1-0/",
        "coordinate_method": "representative_point"
      }
    },
    {
      "type": "Feature",
      "geometry": {
        "type": "Point",
        "coordinates": [
          11.9329001,
          36.8074664
        ]
      },
      "properties": {
        "id": "it_sicily_trapani_mursia_sesi",
        "name": "Mursia & Sesi",
        "record_kind": "catalogue_coordinate",
        "source_dataset": "sites_it_sicily.geojson",
        "source_url": "https://www.openstreetmap.org/way/336813051",
        "licence": "https://opendatacommons.org/licenses/odbl/1-0/",
        "coordinate_method": "representative_point"
      }
    },
    {
      "type": "Feature",
      "geometry": {
        "type": "Point",
        "coordinates": [
          11.9867348,
          36.8159736
        ]
      },
      "properties": {
        "id": "it_sicily_trapani_lago_di_venere",
        "name": "Lago di Venere",
        "record_kind": "catalogue_coordinate",
        "source_dataset": "sites_it_sicily.geojson",
        "source_url": "https://www.openstreetmap.org/relation/6039602",
        "licence": "https://opendatacommons.org/licenses/odbl/1-0/",
        "coordinate_method": "representative_point"
      }
    },
    {
      "type": "Feature",
      "geometry": {
        "type": "Point",
        "coordinates": [
          11.95125,
          36.82238
        ]
      },
      "properties": {
        "id": "it_sicily_trapani_pantelleria_acropolis",
        "name": "Pantelleria Acropolis",
        "record_kind": "catalogue_coordinate",
        "source_dataset": "sites_it_sicily.geojson",
        "source_url": "https://www.openstreetmap.org/node/5594338628",
        "licence": "https://opendatacommons.org/licenses/odbl/1-0/",
        "coordinate_method": "representative_point"
      }
    },
    {
      "type": "Feature",
      "geometry": {
        "type": "Point",
        "coordinates": [
          12.4242472,
          37.8020705
        ]
      },
      "properties": {
        "id": "it_sicily_trapani_capo_boeo",
        "name": "Capo Boeo",
        "record_kind": "catalogue_coordinate",
        "source_dataset": "sites_it_sicily.geojson",
        "source_url": "https://www.openstreetmap.org/node/666424137",
        "licence": "https://opendatacommons.org/licenses/odbl/1-0/",
        "coordinate_method": "representative_point"
      }
    },
    {
      "type": "Feature",
      "geometry": {
        "type": "Point",
        "coordinates": [
          12.4373396,
          37.8044541
        ]
      },
      "properties": {
        "id": "it_sicily_trapani_ipogeo_di_crispia_salvia",
        "name": "Ipogeo di Crispia Salvia",
        "record_kind": "catalogue_coordinate",
        "source_dataset": "sites_it_sicily.geojson",
        "source_url": "https://www.openstreetmap.org/node/2514423250",
        "licence": "https://opendatacommons.org/licenses/odbl/1-0/",
        "coordinate_method": "representative_point"
      }
    },
    {
      "type": "Feature",
      "geometry": {
        "type": "Point",
        "coordinates": [
          -0.127391,
          51.499399
        ]
      },
      "properties": {
        "id": "westminster_abbey",
        "name": "Westminster Abbey",
        "record_kind": "catalogue_coordinate",
        "source_dataset": "sites_london.geojson",
        "source_url": "https://www.openstreetmap.org/way/364313092",
        "licence": "https://opendatacommons.org/licenses/odbl/1-0/",
        "coordinate_method": "representative_point"
      }
    },
    {
      "type": "Feature",
      "geometry": {
        "type": "Point",
        "coordinates": [
          -0.1102238,
          51.5132574
        ]
      },
      "properties": {
        "id": "temple_church",
        "name": "Temple Church",
        "record_kind": "catalogue_coordinate",
        "source_dataset": "sites_london.geojson",
        "source_url": "https://www.openstreetmap.org/way/128454313",
        "licence": "https://opendatacommons.org/licenses/odbl/1-0/",
        "coordinate_method": "representative_point"
      }
    },
    {
      "type": "Feature",
      "geometry": {
        "type": "Point",
        "coordinates": [
          -0.0995637,
          51.5188876
        ]
      },
      "properties": {
        "id": "st_bartholomew_great",
        "name": "St Bartholomew the Great",
        "record_kind": "catalogue_coordinate",
        "source_dataset": "sites_london.geojson",
        "source_url": "https://www.openstreetmap.org/way/31755876",
        "licence": "https://opendatacommons.org/licenses/odbl/1-0/",
        "coordinate_method": "representative_point"
      }
    },
    {
      "type": "Feature",
      "geometry": {
        "type": "Point",
        "coordinates": [
          -0.0906755,
          51.5123791
        ]
      },
      "properties": {
        "id": "london_mithraeum",
        "name": "London Mithraeum",
        "record_kind": "catalogue_coordinate",
        "source_dataset": "sites_london.geojson",
        "source_url": "https://www.openstreetmap.org/way/512846335",
        "licence": "https://opendatacommons.org/licenses/odbl/1-0/",
        "coordinate_method": "representative_point"
      }
    },
    {
      "type": "Feature",
      "geometry": {
        "type": "Point",
        "coordinates": [
          -0.0824956,
          51.5096776
        ]
      },
      "properties": {
        "id": "st_dunstan_east",
        "name": "St Dunstan in the East",
        "record_kind": "catalogue_coordinate",
        "source_dataset": "sites_london.geojson",
        "source_url": "https://www.openstreetmap.org/way/237522043",
        "licence": "https://opendatacommons.org/licenses/odbl/1-0/",
        "coordinate_method": "representative_point"
      }
    },
    {
      "type": "Feature",
      "geometry": {
        "type": "Point",
        "coordinates": [
          -0.0896246,
          51.5061288
        ]
      },
      "properties": {
        "id": "southwark_cathedral",
        "name": "Southwark Cathedral",
        "record_kind": "catalogue_coordinate",
        "source_dataset": "sites_london.geojson",
        "source_url": "https://www.openstreetmap.org/way/26183417",
        "licence": "https://opendatacommons.org/licenses/odbl/1-0/",
        "coordinate_method": "representative_point"
      }
    },
    {
      "type": "Feature",
      "geometry": {
        "type": "Point",
        "coordinates": [
          -0.19105,
          51.4851394
        ]
      },
      "properties": {
        "id": "brompton_cemetery",
        "name": "Brompton Cemetery",
        "record_kind": "catalogue_coordinate",
        "source_dataset": "sites_london.geojson",
        "source_url": "https://www.openstreetmap.org/way/4999977",
        "licence": "https://opendatacommons.org/licenses/odbl/1-0/",
        "coordinate_method": "representative_point"
      }
    },
    {
      "type": "Feature",
      "geometry": {
        "type": "Point",
        "coordinates": [
          -0.1485936,
          51.5677764
        ]
      },
      "properties": {
        "id": "highgate_cemetery",
        "name": "Highgate Cemetery",
        "record_kind": "catalogue_coordinate",
        "source_dataset": "sites_london.geojson",
        "source_url": "https://www.openstreetmap.org/relation/1612806",
        "licence": "https://opendatacommons.org/licenses/odbl/1-0/",
        "coordinate_method": "representative_point"
      }
    },
    {
      "type": "Feature",
      "geometry": {
        "type": "Point",
        "coordinates": [
          -0.0519846,
          51.4628663
        ]
      },
      "properties": {
        "id": "nunhead_cemetery",
        "name": "Nunhead Cemetery",
        "record_kind": "catalogue_coordinate",
        "source_dataset": "sites_london.geojson",
        "source_url": "https://www.openstreetmap.org/way/4993995",
        "licence": "https://opendatacommons.org/licenses/odbl/1-0/",
        "coordinate_method": "representative_point"
      }
    },
    {
      "type": "Feature",
      "geometry": {
        "type": "Point",
        "coordinates": [
          -0.077726,
          51.5644164
        ]
      },
      "properties": {
        "id": "abney_park_cemetery",
        "name": "Abney Park Cemetery",
        "record_kind": "catalogue_coordinate",
        "source_dataset": "sites_london.geojson",
        "source_url": "https://www.openstreetmap.org/way/4481918",
        "licence": "https://opendatacommons.org/licenses/odbl/1-0/",
        "coordinate_method": "representative_point"
      }
    },
    {
      "type": "Feature",
      "geometry": {
        "type": "Point",
        "coordinates": [
          -0.2246398,
          51.5283511
        ]
      },
      "properties": {
        "id": "kensal_green_cemetery",
        "name": "Kensal Green Cemetery",
        "record_kind": "catalogue_coordinate",
        "source_dataset": "sites_london.geojson",
        "source_url": "https://www.openstreetmap.org/way/149381619",
        "licence": "https://opendatacommons.org/licenses/odbl/1-0/",
        "coordinate_method": "representative_point"
      }
    },
    {
      "type": "Feature",
      "geometry": {
        "type": "Point",
        "coordinates": [
          -0.0933727,
          51.5038805
        ]
      },
      "properties": {
        "id": "crossbones_graveyard",
        "name": "Crossbones Graveyard & Garden of Remembrance",
        "record_kind": "catalogue_coordinate",
        "source_dataset": "sites_london.geojson",
        "source_url": "https://www.openstreetmap.org/way/42784759",
        "licence": "https://opendatacommons.org/licenses/odbl/1-0/",
        "coordinate_method": "representative_point"
      }
    },
    {
      "type": "Feature",
      "geometry": {
        "type": "Point",
        "coordinates": [
          0.1289555,
          51.4889564
        ]
      },
      "properties": {
        "id": "lesnes_abbey",
        "name": "Lesnes Abbey Ruins",
        "record_kind": "catalogue_coordinate",
        "source_dataset": "sites_london.geojson",
        "source_url": "https://www.openstreetmap.org/way/5180817",
        "licence": "https://opendatacommons.org/licenses/odbl/1-0/",
        "coordinate_method": "representative_point"
      }
    },
    {
      "type": "Feature",
      "geometry": {
        "type": "Point",
        "coordinates": [
          -0.0025026,
          51.4764635
        ]
      },
      "properties": {
        "id": "greenwich_park_barrow_cemetery",
        "name": "Greenwich Park Anglo-Saxon Barrows",
        "record_kind": "catalogue_coordinate",
        "source_dataset": "sites_london.geojson",
        "source_url": "https://www.openstreetmap.org/way/1022442426",
        "licence": "https://opendatacommons.org/licenses/odbl/1-0/",
        "coordinate_method": "representative_point"
      }
    },
    {
      "type": "Feature",
      "geometry": {
        "type": "Point",
        "coordinates": [
          0.0485919,
          51.4470989
        ]
      },
      "properties": {
        "id": "eltham_palace",
        "name": "Eltham Palace",
        "record_kind": "catalogue_coordinate",
        "source_dataset": "sites_london.geojson",
        "source_url": "https://www.openstreetmap.org/way/17110975",
        "licence": "https://opendatacommons.org/licenses/odbl/1-0/",
        "coordinate_method": "representative_point"
      }
    },
    {
      "type": "Feature",
      "geometry": {
        "type": "Point",
        "coordinates": [
          -0.1264199,
          51.4984817
        ]
      },
      "properties": {
        "id": "jewel_tower",
        "name": "Jewel Tower",
        "record_kind": "catalogue_coordinate",
        "source_dataset": "sites_london.geojson",
        "source_url": "https://www.openstreetmap.org/way/136105050",
        "licence": "https://opendatacommons.org/licenses/odbl/1-0/",
        "coordinate_method": "representative_point"
      }
    },
    {
      "type": "Feature",
      "geometry": {
        "type": "Point",
        "coordinates": [
          -0.0859491,
          51.5101415
        ]
      },
      "properties": {
        "id": "monument_great_fire",
        "name": "The Monument to the Great Fire",
        "record_kind": "catalogue_coordinate",
        "source_dataset": "sites_london.geojson",
        "source_url": "https://www.openstreetmap.org/relation/3374550",
        "licence": "https://opendatacommons.org/licenses/odbl/1-0/",
        "coordinate_method": "representative_point"
      }
    },
    {
      "type": "Feature",
      "geometry": {
        "type": "Point",
        "coordinates": [
          -2.69877,
          51.14468
        ]
      },
      "properties": {
        "id": "anchor_glastonbury_tor",
        "record_kind": "alignment_anchor",
        "name": "Glastonbury Tor",
        "longitude": -2.69877,
        "latitude": 51.14468,
        "source_url": "https://www.openstreetmap.org/node/608628358",
        "licence": "https://opendatacommons.org/licenses/odbl/1-0/",
        "coordinate_method": "nominatim_representative_point"
      }
    },
    {
      "type": "Feature",
      "geometry": {
        "type": "Point",
        "coordinates": [
          -1.8517053,
          51.4286099
        ]
      },
      "properties": {
        "id": "anchor_avebury_stone_circle",
        "record_kind": "alignment_anchor",
        "name": "Avebury Stone Circle",
        "longitude": -1.8517053,
        "latitude": 51.4286099,
        "source_url": "https://www.openstreetmap.org/way/353244910",
        "licence": "https://opendatacommons.org/licenses/odbl/1-0/",
        "coordinate_method": "nominatim_representative_point"
      }
    },
    {
      "type": "Feature",
      "geometry": {
        "type": "Point",
        "coordinates": [
          -5.4776149,
          50.1175645
        ]
      },
      "properties": {
        "id": "anchor_st_michaels_mount",
        "record_kind": "alignment_anchor",
        "name": "St Michael's Mount",
        "longitude": -5.4776149,
        "latitude": 50.1175645,
        "source_url": "https://www.openstreetmap.org/way/147209474",
        "licence": "https://opendatacommons.org/licenses/odbl/1-0/",
        "coordinate_method": "nominatim_representative_point"
      }
    },
    {
      "type": "Feature",
      "geometry": {
        "type": "Point",
        "coordinates": [
          -6.7450743,
          58.1978204
        ]
      },
      "properties": {
        "id": "anchor_callanish_stones",
        "record_kind": "alignment_anchor",
        "name": "Callanish Stones",
        "longitude": -6.7450743,
        "latitude": 58.1978204,
        "source_url": "https://www.openstreetmap.org/relation/10730544",
        "licence": "https://opendatacommons.org/licenses/odbl/1-0/",
        "coordinate_method": "osm_bounds_centre"
      }
    },
    {
      "type": "Feature",
      "geometry": {
        "type": "Point",
        "coordinates": [
          -1.8008977,
          55.6691319
        ]
      },
      "properties": {
        "id": "anchor_lindisfarne_priory",
        "record_kind": "alignment_anchor",
        "name": "Holy Island / Lindisfarne Priory",
        "longitude": -1.8008977,
        "latitude": 55.6691319,
        "source_url": "https://www.openstreetmap.org/node/292001558",
        "licence": "https://opendatacommons.org/licenses/odbl/1-0/",
        "coordinate_method": "nominatim_representative_point"
      }
    },
    {
      "type": "Feature",
      "geometry": {
        "type": "Point",
        "coordinates": [
          -3.2298959,
          59.0016482
        ]
      },
      "properties": {
        "id": "anchor_ring_of_brodgar",
        "record_kind": "alignment_anchor",
        "name": "Ring of Brodgar",
        "longitude": -3.2298959,
        "latitude": 59.0016482,
        "source_url": "https://www.openstreetmap.org/way/268713656",
        "licence": "https://opendatacommons.org/licenses/odbl/1-0/",
        "coordinate_method": "nominatim_representative_point"
      }
    },
    {
      "type": "Feature",
      "geometry": {
        "type": "Point",
        "coordinates": [
          -1.7615222,
          53.16893
        ]
      },
      "properties": {
        "id": "anchor_arbor_low",
        "record_kind": "alignment_anchor",
        "name": "Arbor Low",
        "longitude": -1.7615222,
        "latitude": 53.16893,
        "source_url": "https://www.openstreetmap.org/node/303571761",
        "licence": "https://opendatacommons.org/licenses/odbl/1-0/",
        "coordinate_method": "nominatim_representative_point"
      }
    },
    {
      "type": "Feature",
      "geometry": {
        "type": "Point",
        "coordinates": [
          -6.4084008,
          56.3289175
        ]
      },
      "properties": {
        "id": "anchor_iona",
        "record_kind": "alignment_anchor",
        "name": "Iona",
        "longitude": -6.4084008,
        "latitude": 56.3289175,
        "source_url": "https://www.openstreetmap.org/relation/12597445",
        "licence": "https://opendatacommons.org/licenses/odbl/1-0/",
        "coordinate_method": "nominatim_representative_point"
      }
    },
    {
      "type": "Feature",
      "geometry": {
        "type": "Point",
        "coordinates": [
          1.7269216,
          52.5390769
        ]
      },
      "properties": {
        "id": "anchor_hopton",
        "record_kind": "alignment_anchor",
        "name": "Hopton-on-Sea",
        "longitude": 1.7269216,
        "latitude": 52.5390769,
        "source_url": "https://www.openstreetmap.org/way/1536999036",
        "licence": "https://opendatacommons.org/licenses/odbl/1-0/",
        "coordinate_method": "nominatim_representative_point"
      }
    },
    {
      "type": "Feature",
      "geometry": {
        "type": "Point",
        "coordinates": [
          -2.9159771,
          51.0703434
        ]
      },
      "properties": {
        "id": "anchor_burrow_mump",
        "record_kind": "alignment_anchor",
        "name": "Burrow Mump",
        "longitude": -2.9159771,
        "latitude": 51.0703434,
        "source_url": "https://www.openstreetmap.org/way/45330426",
        "licence": "https://opendatacommons.org/licenses/odbl/1-0/",
        "coordinate_method": "nominatim_representative_point"
      }
    },
    {
      "type": "Feature",
      "geometry": {
        "type": "Point",
        "coordinates": [
          -1.7742169,
          50.7321405
        ]
      },
      "properties": {
        "id": "anchor_christchurch",
        "record_kind": "alignment_anchor",
        "name": "Christchurch Priory",
        "longitude": -1.7742169,
        "latitude": 50.7321405,
        "source_url": "https://www.openstreetmap.org/way/157706162",
        "licence": "https://opendatacommons.org/licenses/odbl/1-0/",
        "coordinate_method": "nominatim_representative_point"
      }
    },
    {
      "type": "Feature",
      "geometry": {
        "type": "Point",
        "coordinates": [
          -4.77435,
          58.6045303
        ]
      },
      "properties": {
        "id": "anchor_faraid_head",
        "record_kind": "alignment_anchor",
        "name": "Faraid Head",
        "longitude": -4.77435,
        "latitude": 58.6045303,
        "source_url": "https://www.openstreetmap.org/node/13990381770",
        "licence": "https://opendatacommons.org/licenses/odbl/1-0/",
        "coordinate_method": "nominatim_representative_point"
      }
    },
    {
      "type": "Feature",
      "geometry": {
        "type": "Point",
        "coordinates": [
          -1.154091,
          50.6781494
        ]
      },
      "properties": {
        "id": "anchor_brading_down",
        "record_kind": "alignment_anchor",
        "name": "Brading Down",
        "longitude": -1.154091,
        "latitude": 50.6781494,
        "source_url": "https://www.openstreetmap.org/node/4422127820",
        "licence": "https://opendatacommons.org/licenses/odbl/1-0/",
        "coordinate_method": "nominatim_representative_point"
      }
    },
    {
      "type": "Feature",
      "geometry": {
        "type": "Point",
        "coordinates": [
          -4.4616672,
          54.2632399
        ]
      },
      "properties": {
        "id": "anchor_snaefell",
        "record_kind": "alignment_anchor",
        "name": "Snaefell summit",
        "longitude": -4.4616672,
        "latitude": 54.2632399,
        "source_url": "https://www.openstreetmap.org/node/283514313",
        "licence": "https://opendatacommons.org/licenses/odbl/1-0/",
        "coordinate_method": "nominatim_representative_point"
      }
    },
    {
      "type": "Feature",
      "geometry": {
        "type": "Point",
        "coordinates": [
          0.7194845,
          52.244221
        ]
      },
      "properties": {
        "id": "anchor_bury",
        "record_kind": "alignment_anchor",
        "name": "Bury St Edmunds Abbey",
        "longitude": 0.7194845,
        "latitude": 52.244221,
        "source_url": "https://www.openstreetmap.org/node/298669008",
        "licence": "https://opendatacommons.org/licenses/odbl/1-0/",
        "coordinate_method": "nominatim_representative_point"
      }
    },
    {
      "type": "Feature",
      "geometry": {
        "type": "Point",
        "coordinates": [
          -4.0377265,
          57.3827284
        ]
      },
      "properties": {
        "id": "anchor_loch_moy",
        "record_kind": "alignment_anchor",
        "name": "Loch Moy island obelisk",
        "longitude": -4.0377265,
        "latitude": 57.3827284,
        "source_url": "https://www.openstreetmap.org/node/12994199807",
        "licence": "https://opendatacommons.org/licenses/odbl/1-0/",
        "coordinate_method": "osm_node",
        "note": "The named obelisk on the island identified in the claim; not the lake centre or unrelated Moy Island near Marybank."
      }
    },
    {
      "type": "Feature",
      "geometry": {
        "type": "Point",
        "coordinates": [
          -2.9371106,
          55.8529245
        ]
      },
      "properties": {
        "id": "anchor_marl_law",
        "record_kind": "alignment_anchor",
        "name": "Marl Law Wood",
        "longitude": -2.9371106,
        "latitude": 55.8529245,
        "source_url": "https://www.openstreetmap.org/way/243653036",
        "licence": "https://opendatacommons.org/licenses/odbl/1-0/",
        "coordinate_method": "osm_bounds_centre",
        "note": "Representative centre of the wood named alongside Mavis Hall in the claim source; not a surveyed current or a hotel entrance."
      }
    },
    {
      "type": "Feature",
      "geometry": {
        "type": "Point",
        "coordinates": [
          -2.0349887,
          57.4592693
        ]
      },
      "properties": {
        "id": "anchor_skelmuir",
        "record_kind": "alignment_anchor",
        "name": "Skelmuir Hill possible stone circle",
        "longitude": -2.0349887,
        "latitude": 57.4592693,
        "source_url": "https://inspire.hes.scot/arcgis/rest/services/CANMORE/Canmore_Points/MapServer/0/query?where=CANMOREID%3D20660&outFields=CANMOREID,NMRSNAME,SITETYPE,GRIDREF,ACCURACY,LICENCE&outSR=4326&f=json",
        "licence": "https://www.nationalarchives.gov.uk/doc/open-government-licence/version/3/",
        "coordinate_method": "hes_record_wgs84_representative_point",
        "record_id": 20660,
        "source_grid_reference": "NJ 98 41",
        "accuracy": "NGR given to the nearest 1km",
        "source_licence": "Open Government Licence",
        "note": "Official possible stone-circle record, located only to 1 km. The route is schematic at this anchor; not the neighbouring standing-stone or summit record."
      }
    },
    {
      "type": "Feature",
      "geometry": {
        "type": "LineString",
        "coordinates": [
          [
            -5.4776149,
            50.1175645
          ],
          [
            -2.9159771,
            51.0703434
          ],
          [
            -2.69877,
            51.14468
          ],
          [
            -1.8517053,
            51.4286099
          ],
          [
            0.7194845,
            52.244221
          ],
          [
            1.7269216,
            52.5390769
          ]
        ]
      },
      "properties": {
        "id": "st_michael_line",
        "name": "St Michael's Ley Line",
        "record_kind": "signal_constructed_alignment",
        "licence": "https://opendatacommons.org/licenses/odbl/1-0/",
        "claim_sources": [
          "https://www.davidfurlong.co.uk/michael_alignment.htm"
        ],
        "anchors": [
          {
            "name": "St Michael's Mount",
            "longitude": -5.4776149,
            "latitude": 50.1175645,
            "source_url": "https://www.openstreetmap.org/way/147209474",
            "licence": "https://opendatacommons.org/licenses/odbl/1-0/",
            "coordinate_method": "nominatim_representative_point"
          },
          {
            "name": "Burrow Mump",
            "longitude": -2.9159771,
            "latitude": 51.0703434,
            "source_url": "https://www.openstreetmap.org/way/45330426",
            "licence": "https://opendatacommons.org/licenses/odbl/1-0/",
            "coordinate_method": "nominatim_representative_point"
          },
          {
            "name": "Glastonbury Tor",
            "longitude": -2.69877,
            "latitude": 51.14468,
            "source_url": "https://www.openstreetmap.org/node/608628358",
            "licence": "https://opendatacommons.org/licenses/odbl/1-0/",
            "coordinate_method": "nominatim_representative_point"
          },
          {
            "name": "Avebury Stone Circle",
            "longitude": -1.8517053,
            "latitude": 51.4286099,
            "source_url": "https://www.openstreetmap.org/way/353244910",
            "licence": "https://opendatacommons.org/licenses/odbl/1-0/",
            "coordinate_method": "nominatim_representative_point"
          },
          {
            "name": "Bury St Edmunds Abbey",
            "longitude": 0.7194845,
            "latitude": 52.244221,
            "source_url": "https://www.openstreetmap.org/node/298669008",
            "licence": "https://opendatacommons.org/licenses/odbl/1-0/",
            "coordinate_method": "nominatim_representative_point"
          },
          {
            "name": "Hopton-on-Sea",
            "longitude": 1.7269216,
            "latitude": 52.5390769,
            "source_url": "https://www.openstreetmap.org/way/1536999036",
            "licence": "https://opendatacommons.org/licenses/odbl/1-0/",
            "coordinate_method": "nominatim_representative_point"
          }
        ],
        "note": "Signal's representative construction. A claimed tradition, not an OSM route, walking track or measured physical field."
      }
    },
    {
      "type": "Feature",
      "geometry": {
        "type": "LineString",
        "coordinates": [
          [
            -2.9371106,
            55.8529245
          ],
          [
            -6.4084008,
            56.3289175
          ]
        ]
      },
      "properties": {
        "id": "south_west_scotland_ley",
        "name": "Marl Law–Iona Ley Line",
        "record_kind": "signal_constructed_alignment",
        "licence": "https://opendatacommons.org/licenses/odbl/1-0/",
        "claim_sources": [
          "https://davidfurlong.co.uk/scotland.htm"
        ],
        "anchors": [
          {
            "name": "Marl Law Wood",
            "longitude": -2.9371106,
            "latitude": 55.8529245,
            "source_url": "https://www.openstreetmap.org/way/243653036",
            "licence": "https://opendatacommons.org/licenses/odbl/1-0/",
            "coordinate_method": "osm_bounds_centre",
            "note": "Representative centre of the wood named alongside Mavis Hall in the claim source; not a surveyed current or a hotel entrance."
          },
          {
            "name": "Iona",
            "longitude": -6.4084008,
            "latitude": 56.3289175,
            "source_url": "https://www.openstreetmap.org/relation/12597445",
            "licence": "https://opendatacommons.org/licenses/odbl/1-0/",
            "coordinate_method": "nominatim_representative_point"
          }
        ],
        "note": "Signal's representative construction. A claimed tradition, not an OSM route, walking track or measured physical field."
      }
    },
    {
      "type": "Feature",
      "geometry": {
        "type": "LineString",
        "coordinates": [
          [
            -6.7450743,
            58.1978204
          ],
          [
            -3.2298959,
            59.0016482
          ]
        ]
      },
      "properties": {
        "id": "north_east_scotland_ley_138",
        "name": "Callanish–Brodgar Ley Line",
        "record_kind": "signal_constructed_alignment",
        "licence": "https://opendatacommons.org/licenses/odbl/1-0/",
        "claim_sources": [
          "https://davidfurlong.co.uk/scotland.htm"
        ],
        "anchors": [
          {
            "name": "Callanish Stones",
            "longitude": -6.7450743,
            "latitude": 58.1978204,
            "source_url": "https://www.openstreetmap.org/relation/10730544",
            "licence": "https://opendatacommons.org/licenses/odbl/1-0/",
            "coordinate_method": "osm_bounds_centre"
          },
          {
            "name": "Ring of Brodgar",
            "longitude": -3.2298959,
            "latitude": 59.0016482,
            "source_url": "https://www.openstreetmap.org/way/268713656",
            "licence": "https://opendatacommons.org/licenses/odbl/1-0/",
            "coordinate_method": "nominatim_representative_point"
          }
        ],
        "note": "Signal's representative construction. A claimed tradition, not an OSM route, walking track or measured physical field."
      }
    },
    {
      "type": "Feature",
      "geometry": {
        "type": "LineString",
        "coordinates": [
          [
            -6.4084008,
            56.3289175
          ],
          [
            -6.7450743,
            58.1978204
          ]
        ]
      },
      "properties": {
        "id": "western_scotland_ley",
        "name": "Western Scotland Ley Line",
        "record_kind": "signal_constructed_alignment",
        "licence": "https://opendatacommons.org/licenses/odbl/1-0/",
        "claim_sources": [
          "https://davidfurlong.co.uk/scotland.htm"
        ],
        "anchors": [
          {
            "name": "Iona",
            "longitude": -6.4084008,
            "latitude": 56.3289175,
            "source_url": "https://www.openstreetmap.org/relation/12597445",
            "licence": "https://opendatacommons.org/licenses/odbl/1-0/",
            "coordinate_method": "nominatim_representative_point"
          },
          {
            "name": "Callanish Stones",
            "longitude": -6.7450743,
            "latitude": 58.1978204,
            "source_url": "https://www.openstreetmap.org/relation/10730544",
            "licence": "https://opendatacommons.org/licenses/odbl/1-0/",
            "coordinate_method": "osm_bounds_centre"
          }
        ],
        "note": "Signal's representative construction. A claimed tradition, not an OSM route, walking track or measured physical field."
      }
    },
    {
      "type": "Feature",
      "geometry": {
        "type": "LineString",
        "coordinates": [
          [
            -2.0349887,
            57.4592693
          ],
          [
            -2.9371106,
            55.8529245
          ]
        ]
      },
      "properties": {
        "id": "eastern_scotland_ley",
        "name": "Eastern Scotland Ley Line",
        "record_kind": "signal_constructed_alignment",
        "licence": "https://opendatacommons.org/licenses/odbl/1-0/",
        "claim_sources": [
          "https://davidfurlong.co.uk/scotland.htm"
        ],
        "anchors": [
          {
            "name": "Skelmuir Hill possible stone circle",
            "longitude": -2.0349887,
            "latitude": 57.4592693,
            "source_url": "https://inspire.hes.scot/arcgis/rest/services/CANMORE/Canmore_Points/MapServer/0/query?where=CANMOREID%3D20660&outFields=CANMOREID,NMRSNAME,SITETYPE,GRIDREF,ACCURACY,LICENCE&outSR=4326&f=json",
            "licence": "https://www.nationalarchives.gov.uk/doc/open-government-licence/version/3/",
            "coordinate_method": "hes_record_wgs84_representative_point",
            "record_id": 20660,
            "source_grid_reference": "NJ 98 41",
            "accuracy": "NGR given to the nearest 1km",
            "source_licence": "Open Government Licence",
            "note": "Official possible stone-circle record, located only to 1 km. The route is schematic at this anchor; not the neighbouring standing-stone or summit record."
          },
          {
            "name": "Marl Law Wood",
            "longitude": -2.9371106,
            "latitude": 55.8529245,
            "source_url": "https://www.openstreetmap.org/way/243653036",
            "licence": "https://opendatacommons.org/licenses/odbl/1-0/",
            "coordinate_method": "osm_bounds_centre",
            "note": "Representative centre of the wood named alongside Mavis Hall in the claim source; not a surveyed current or a hotel entrance."
          }
        ],
        "note": "Signal's representative construction. A claimed tradition, not an OSM route, walking track or measured physical field."
      }
    },
    {
      "type": "Feature",
      "geometry": {
        "type": "LineString",
        "coordinates": [
          [
            -4.0377265,
            57.3827284
          ],
          [
            -3.2298959,
            59.0016482
          ]
        ]
      },
      "properties": {
        "id": "ring_of_brodgar_circle_ley",
        "name": "Ring of Brodgar Ley Line",
        "record_kind": "signal_constructed_alignment",
        "licence": "https://opendatacommons.org/licenses/odbl/1-0/",
        "claim_sources": [
          "https://davidfurlong.co.uk/scotland.htm"
        ],
        "anchors": [
          {
            "name": "Loch Moy island obelisk",
            "longitude": -4.0377265,
            "latitude": 57.3827284,
            "source_url": "https://www.openstreetmap.org/node/12994199807",
            "licence": "https://opendatacommons.org/licenses/odbl/1-0/",
            "coordinate_method": "osm_node",
            "note": "The named obelisk on the island identified in the claim; not the lake centre or unrelated Moy Island near Marybank."
          },
          {
            "name": "Ring of Brodgar",
            "longitude": -3.2298959,
            "latitude": 59.0016482,
            "source_url": "https://www.openstreetmap.org/way/268713656",
            "licence": "https://opendatacommons.org/licenses/odbl/1-0/",
            "coordinate_method": "nominatim_representative_point"
          }
        ],
        "note": "Signal's representative construction. A claimed tradition, not an OSM route, walking track or measured physical field."
      }
    },
    {
      "type": "Feature",
      "geometry": {
        "type": "LineString",
        "coordinates": [
          [
            -4.0377265,
            57.3827284
          ],
          [
            -6.4084008,
            56.3289175
          ]
        ]
      },
      "properties": {
        "id": "iona_ley",
        "name": "Iona Ley Line",
        "record_kind": "signal_constructed_alignment",
        "licence": "https://opendatacommons.org/licenses/odbl/1-0/",
        "claim_sources": [
          "https://davidfurlong.co.uk/scotland.htm"
        ],
        "anchors": [
          {
            "name": "Loch Moy island obelisk",
            "longitude": -4.0377265,
            "latitude": 57.3827284,
            "source_url": "https://www.openstreetmap.org/node/12994199807",
            "licence": "https://opendatacommons.org/licenses/odbl/1-0/",
            "coordinate_method": "osm_node",
            "note": "The named obelisk on the island identified in the claim; not the lake centre or unrelated Moy Island near Marybank."
          },
          {
            "name": "Iona",
            "longitude": -6.4084008,
            "latitude": 56.3289175,
            "source_url": "https://www.openstreetmap.org/relation/12597445",
            "licence": "https://opendatacommons.org/licenses/odbl/1-0/",
            "coordinate_method": "nominatim_representative_point"
          }
        ],
        "note": "Signal's representative construction. A claimed tradition, not an OSM route, walking track or measured physical field."
      }
    },
    {
      "type": "Feature",
      "geometry": {
        "type": "LineString",
        "coordinates": [
          [
            -3.2298959,
            59.0016482
          ],
          [
            -2.0349887,
            57.4592693
          ]
        ]
      },
      "properties": {
        "id": "north_east_scotland_ley_115",
        "name": "Brodgar–Skelmuir Ley Line",
        "record_kind": "signal_constructed_alignment",
        "licence": "https://opendatacommons.org/licenses/odbl/1-0/",
        "claim_sources": [
          "https://davidfurlong.co.uk/scotland.htm"
        ],
        "anchors": [
          {
            "name": "Ring of Brodgar",
            "longitude": -3.2298959,
            "latitude": 59.0016482,
            "source_url": "https://www.openstreetmap.org/way/268713656",
            "licence": "https://opendatacommons.org/licenses/odbl/1-0/",
            "coordinate_method": "nominatim_representative_point"
          },
          {
            "name": "Skelmuir Hill possible stone circle",
            "longitude": -2.0349887,
            "latitude": 57.4592693,
            "source_url": "https://inspire.hes.scot/arcgis/rest/services/CANMORE/Canmore_Points/MapServer/0/query?where=CANMOREID%3D20660&outFields=CANMOREID,NMRSNAME,SITETYPE,GRIDREF,ACCURACY,LICENCE&outSR=4326&f=json",
            "licence": "https://www.nationalarchives.gov.uk/doc/open-government-licence/version/3/",
            "coordinate_method": "hes_record_wgs84_representative_point",
            "record_id": 20660,
            "source_grid_reference": "NJ 98 41",
            "accuracy": "NGR given to the nearest 1km",
            "source_licence": "Open Government Licence",
            "note": "Official possible stone-circle record, located only to 1 km. The route is schematic at this anchor; not the neighbouring standing-stone or summit record."
          }
        ],
        "note": "Signal's representative construction. A claimed tradition, not an OSM route, walking track or measured physical field."
      }
    },
    {
      "type": "Feature",
      "geometry": {
        "type": "LineString",
        "coordinates": [
          [
            -4.0377265,
            57.3827284
          ],
          [
            -2.9371106,
            55.8529245
          ]
        ]
      },
      "properties": {
        "id": "mavis_hall_ley",
        "name": "Marl Law Wood Ley Line",
        "record_kind": "signal_constructed_alignment",
        "licence": "https://opendatacommons.org/licenses/odbl/1-0/",
        "claim_sources": [
          "https://davidfurlong.co.uk/scotland.htm"
        ],
        "anchors": [
          {
            "name": "Loch Moy island obelisk",
            "longitude": -4.0377265,
            "latitude": 57.3827284,
            "source_url": "https://www.openstreetmap.org/node/12994199807",
            "licence": "https://opendatacommons.org/licenses/odbl/1-0/",
            "coordinate_method": "osm_node",
            "note": "The named obelisk on the island identified in the claim; not the lake centre or unrelated Moy Island near Marybank."
          },
          {
            "name": "Marl Law Wood",
            "longitude": -2.9371106,
            "latitude": 55.8529245,
            "source_url": "https://www.openstreetmap.org/way/243653036",
            "licence": "https://opendatacommons.org/licenses/odbl/1-0/",
            "coordinate_method": "osm_bounds_centre",
            "note": "Representative centre of the wood named alongside Mavis Hall in the claim source; not a surveyed current or a hotel entrance."
          }
        ],
        "note": "Signal's representative construction. A claimed tradition, not an OSM route, walking track or measured physical field."
      }
    },
    {
      "type": "Feature",
      "geometry": {
        "type": "LineString",
        "coordinates": [
          [
            -4.0377265,
            57.3827284
          ],
          [
            -6.7450743,
            58.1978204
          ]
        ]
      },
      "properties": {
        "id": "callanish_circle_ley",
        "name": "Callanish Ley Line",
        "record_kind": "signal_constructed_alignment",
        "licence": "https://opendatacommons.org/licenses/odbl/1-0/",
        "claim_sources": [
          "https://davidfurlong.co.uk/scotland.htm"
        ],
        "anchors": [
          {
            "name": "Loch Moy island obelisk",
            "longitude": -4.0377265,
            "latitude": 57.3827284,
            "source_url": "https://www.openstreetmap.org/node/12994199807",
            "licence": "https://opendatacommons.org/licenses/odbl/1-0/",
            "coordinate_method": "osm_node",
            "note": "The named obelisk on the island identified in the claim; not the lake centre or unrelated Moy Island near Marybank."
          },
          {
            "name": "Callanish Stones",
            "longitude": -6.7450743,
            "latitude": 58.1978204,
            "source_url": "https://www.openstreetmap.org/relation/10730544",
            "licence": "https://opendatacommons.org/licenses/odbl/1-0/",
            "coordinate_method": "osm_bounds_centre"
          }
        ],
        "note": "Signal's representative construction. A claimed tradition, not an OSM route, walking track or measured physical field."
      }
    },
    {
      "type": "Feature",
      "geometry": {
        "type": "LineString",
        "coordinates": [
          [
            -4.0377265,
            57.3827284
          ],
          [
            -2.0349887,
            57.4592693
          ]
        ]
      },
      "properties": {
        "id": "skelmuir_hill_circle_ley",
        "name": "Skelmuir Hill Ley Line",
        "record_kind": "signal_constructed_alignment",
        "licence": "https://opendatacommons.org/licenses/odbl/1-0/",
        "claim_sources": [
          "https://davidfurlong.co.uk/scotland.htm"
        ],
        "anchors": [
          {
            "name": "Loch Moy island obelisk",
            "longitude": -4.0377265,
            "latitude": 57.3827284,
            "source_url": "https://www.openstreetmap.org/node/12994199807",
            "licence": "https://opendatacommons.org/licenses/odbl/1-0/",
            "coordinate_method": "osm_node",
            "note": "The named obelisk on the island identified in the claim; not the lake centre or unrelated Moy Island near Marybank."
          },
          {
            "name": "Skelmuir Hill possible stone circle",
            "longitude": -2.0349887,
            "latitude": 57.4592693,
            "source_url": "https://inspire.hes.scot/arcgis/rest/services/CANMORE/Canmore_Points/MapServer/0/query?where=CANMOREID%3D20660&outFields=CANMOREID,NMRSNAME,SITETYPE,GRIDREF,ACCURACY,LICENCE&outSR=4326&f=json",
            "licence": "https://www.nationalarchives.gov.uk/doc/open-government-licence/version/3/",
            "coordinate_method": "hes_record_wgs84_representative_point",
            "record_id": 20660,
            "source_grid_reference": "NJ 98 41",
            "accuracy": "NGR given to the nearest 1km",
            "source_licence": "Open Government Licence",
            "note": "Official possible stone-circle record, located only to 1 km. The route is schematic at this anchor; not the neighbouring standing-stone or summit record."
          }
        ],
        "note": "Signal's representative construction. A claimed tradition, not an OSM route, walking track or measured physical field."
      }
    },
    {
      "type": "Feature",
      "geometry": {
        "type": "LineString",
        "coordinates": [
          [
            -1.7742169,
            50.7321405
          ],
          [
            -1.7615222,
            53.16893
          ],
          [
            -1.8008977,
            55.6691319
          ]
        ]
      },
      "properties": {
        "id": "great_north_line",
        "name": "Great North Ley Line",
        "record_kind": "signal_constructed_alignment",
        "licence": "https://opendatacommons.org/licenses/odbl/1-0/",
        "claim_sources": [
          "https://www.weidenfeldandnicolson.co.uk/titles/robert-twigger/walking-the-great-north-line/9781474609067/",
          "https://www.wigtownbookfestival.com/blog/5-questions-robert-twigger"
        ],
        "anchors": [
          {
            "name": "Christchurch Priory",
            "longitude": -1.7742169,
            "latitude": 50.7321405,
            "source_url": "https://www.openstreetmap.org/way/157706162",
            "licence": "https://opendatacommons.org/licenses/odbl/1-0/",
            "coordinate_method": "nominatim_representative_point"
          },
          {
            "name": "Arbor Low",
            "longitude": -1.7615222,
            "latitude": 53.16893,
            "source_url": "https://www.openstreetmap.org/node/303571761",
            "licence": "https://opendatacommons.org/licenses/odbl/1-0/",
            "coordinate_method": "nominatim_representative_point"
          },
          {
            "name": "Holy Island / Lindisfarne Priory",
            "longitude": -1.8008977,
            "latitude": 55.6691319,
            "source_url": "https://www.openstreetmap.org/node/292001558",
            "licence": "https://opendatacommons.org/licenses/odbl/1-0/",
            "coordinate_method": "nominatim_representative_point"
          }
        ],
        "note": "Signal's representative construction. A claimed tradition, not an OSM route, walking track or measured physical field."
      }
    },
    {
      "type": "Feature",
      "geometry": {
        "type": "LineString",
        "coordinates": [
          [
            -1.154091,
            50.6781494
          ],
          [
            -4.77435,
            58.6045303
          ]
        ]
      },
      "properties": {
        "id": "belinus_named_axis",
        "name": "Belinus Ley Line",
        "record_kind": "signal_constructed_alignment",
        "licence": "https://opendatacommons.org/licenses/odbl/1-0/",
        "claim_sources": [
          "https://belinusline.com/spined.php",
          "https://belinusline.com/ebooks.php"
        ],
        "anchors": [
          {
            "name": "Brading Down",
            "longitude": -1.154091,
            "latitude": 50.6781494,
            "source_url": "https://www.openstreetmap.org/node/4422127820",
            "licence": "https://opendatacommons.org/licenses/odbl/1-0/",
            "coordinate_method": "nominatim_representative_point"
          },
          {
            "name": "Faraid Head",
            "longitude": -4.77435,
            "latitude": 58.6045303,
            "source_url": "https://www.openstreetmap.org/node/13990381770",
            "licence": "https://opendatacommons.org/licenses/odbl/1-0/",
            "coordinate_method": "nominatim_representative_point"
          }
        ],
        "note": "Signal's representative construction. A claimed tradition, not an OSM route, walking track or measured physical field."
      }
    },
    {
      "type": "Feature",
      "geometry": {
        "type": "LineString",
        "coordinates": [
          [
            -4.4616672,
            54.2632399
          ],
          [
            -2.69877,
            51.14468
          ],
          [
            -2.422736464,
            50.636060658
          ]
        ]
      },
      "properties": {
        "id": "mary_line",
        "name": "Mary Line",
        "record_kind": "signal_constructed_alignment",
        "licence": "https://opendatacommons.org/licenses/odbl/1-0/",
        "claim_sources": [],
        "anchors": [
          {
            "name": "Snaefell summit",
            "longitude": -4.4616672,
            "latitude": 54.2632399,
            "source_url": "https://www.openstreetmap.org/node/283514313",
            "licence": "https://opendatacommons.org/licenses/odbl/1-0/",
            "coordinate_method": "nominatim_representative_point"
          },
          {
            "name": "Glastonbury Tor",
            "longitude": -2.69877,
            "latitude": 51.14468,
            "source_url": "https://www.openstreetmap.org/node/608628358",
            "licence": "https://opendatacommons.org/licenses/odbl/1-0/",
            "coordinate_method": "nominatim_representative_point"
          },
          {
            "name": "Bowleaze Cove coastline terminal",
            "longitude": -2.422736464,
            "latitude": 50.636060658,
            "source_url": "https://www.openstreetmap.org/way/147364253",
            "licence": "https://opendatacommons.org/licenses/odbl/1-0/",
            "coordinate_method": "authored_web_mercator_axis_intersection_with_osm_coastline"
          }
        ],
        "note": "Signal's representative construction. A claimed tradition, not an OSM route, walking track or measured physical field."
      }
    },
    {
      "type": "Feature",
      "geometry": {
        "type": "LineString",
        "coordinates": [
          [
            -2.42844,
            50.6341127
          ],
          [
            -2.4279658,
            50.6343091
          ],
          [
            -2.4272398,
            50.6345864
          ],
          [
            -2.4263109,
            50.6348856
          ],
          [
            -2.425033,
            50.6353133
          ],
          [
            -2.4238109,
            50.6357216
          ],
          [
            -2.4226682,
            50.6360822
          ],
          [
            -2.4214209,
            50.6363596
          ],
          [
            -2.4204776,
            50.6364663
          ],
          [
            -2.4197183,
            50.6364552
          ],
          [
            -2.4192511,
            50.6359503
          ],
          [
            -2.419194,
            50.6358243
          ],
          [
            -2.4190254,
            50.6356269
          ],
          [
            -2.4182297,
            50.6352738
          ],
          [
            -2.4162721,
            50.6351524
          ],
          [
            -2.4142934,
            50.6349568
          ],
          [
            -2.4126077,
            50.6345309
          ],
          [
            -2.4117043,
            50.6343863
          ],
          [
            -2.4114128,
            50.6341693
          ]
        ]
      },
      "properties": {
        "id": "mary_coastline_source",
        "record_kind": "construction_source",
        "source_url": "https://www.openstreetmap.org/way/147364253",
        "licence": "https://opendatacommons.org/licenses/odbl/1-0/"
      }
    }
  ]
}
